mapVersion,sourceCommit,sceneGuid,scenePath,sceneName,controller,controlType,legacyCollection,legacyIndex,typeIndex,legacyKey,getControlPath,hierarchyPath,proposedStableId
"1","159230d9f324f4fd8dc19ff35df5d336895da1ba","02528c485a922bf42bc33512f7809cba","Assets/Scenes/personag/cartaPersonaj.unity","cartaPersonaj","CharacterSheetManagerScene1","InputField","inputData","0","0","","0001_karta/0002_spasKidki/0001_spasKidkiSkore/0000_InputField (Legacy) (1)","karta/spasKidki/spasKidkiSkore/InputField (Legacy) (1)","dnd.cartapersonaj.inputfield.inputfield-legacy-1.352b0d10ad1f"
"1","159230d9f324f4fd8dc19ff35df5d336895da1ba","02528c485a922bf42bc33512f7809cba","Assets/Scenes/personag/cartaPersonaj.unity","cartaPersonaj","CharacterSheetManagerScene1","InputField","inputData","1","1","","0001_karta/0002_spasKidki/0001_spasKidkiSkore/0001_InputFieldspaspaw","karta/spasKidki/spasKidkiSkore/InputFieldspaspaw","dnd.cartapersonaj.inputfield.inputfieldspaspaw.97951d2d4763"
"1","159230d9f324f4fd8dc19ff35df5d336895da1ba","02528c485a922bf42bc33512f7809cba","Assets/Scenes/personag/cartaPersonaj.unity","cartaPersonaj","CharacterSheetManagerScene1","InputField","inputData","2","2","","0001_karta/0002_spasKidki/0001_spasKidkiSkore/0002_InputField (Legacy) (2)","karta/spasKidki/spasKidkiSkore/InputField (Legacy) (2)","dnd.cartapersonaj.inputfield.inputfield-legacy-2.d83047ec15af"
"1","159230d9f324f4fd8dc19ff35df5d336895da1ba","02528c485a922bf42bc33512f7809cba","Assets/Scenes/personag/cartaPersonaj.unity","cartaPersonaj","CharacterSheetManagerScene1","InputField","inputData","3","3","","0001_karta/0002_spasKidki/0001_spasKidkiSkore/0003_InputField (Legacy) (3)","karta/spasKidki/spasKidkiSkore/InputField (Legacy) (3)","dnd.cartapersonaj.inputfield.inputfield-legacy-3.236d6548e9a7"
"1","159230d9f324f4fd8dc19ff35df5d336895da1ba","02528c485a922bf42bc33512f7809cba","Assets/Scenes/personag/cartaPersonaj.unity","cartaPersonaj","CharacterSheetManagerScene1","InputField","inputData","4","4","","0001_karta/0002_spasKidki/0001_spasKidkiSkore/0004_InputField (Legacy) (4)","karta/spasKidki/spasKidkiSkore/InputField (Legacy) (4)","dnd.cartapersonaj.inputfield.inputfield-legacy-4.6da086a4b06a"
"1","159230d9f324f4fd8dc19ff35df5d336895da1ba","02528c485a922bf42bc33512f7809cba","Assets/Scenes/personag/cartaPersonaj.unity","cartaPersonaj","CharacterSheetManagerScene1","InputField","inputData","5","5","","0001_karta/0002_spasKidki/0001_spasKidkiSkore/0005_InputField (Legacy) (5)","karta/spasKidki/spasKidkiSkore/InputField (Legacy) (5)","dnd.cartapersonaj.inputfield.inputfield-legacy-5.691d9f153312"
"1","159230d9f324f4fd8dc19ff35df5d336895da1ba","02528c485a922bf42bc33512f7809cba","Assets/Scenes/personag/cartaPersonaj.unity","cartaPersonaj","CharacterSheetManagerScene1","InputField","inputData","6","6","","0001_karta/0003_navuki/0001_InputField (Legacy)","karta/navuki/InputField (Legacy)","dnd.cartapersonaj.inputfield.inputfield-legacy.ca0fd5463ca3"
"1","159230d9f324f4fd8dc19ff35df5d336895da1ba","02528c485a922bf42bc33512f7809cba","Assets/Scenes/personag/cartaPersonaj.unity","cartaPersonaj","CharacterSheetManagerScene1","InputField","inputData","7","7","","0001_karta/0003_navuki/0002_InputField (Legacy)","karta/navuki/InputField (Legacy)","dnd.cartapersonaj.inputfield.inputfield-legacy.1c50ccd5461a"
"1","159230d9f324f4fd8dc19ff35df5d336895da1ba","02528c485a922bf42bc33512f7809cba","Assets/Scenes/personag/cartaPersonaj.unity","cartaPersonaj","CharacterSheetManagerScene1","InputField","inputData","8","8","","0001_karta/0003_navuki/0003_InputField (Legacy)","karta/navuki/InputField (Legacy)","dnd.cartapersonaj.inputfield.inputfield-legacy.84810eb1baba"
"1","159230d9f324f4fd8dc19ff35df5d336895da1ba","02528c485a922bf42bc33512f7809cba","Assets/Scenes/personag/cartaPersonaj.unity","cartaPersonaj","CharacterSheetManagerScene1","InputField","inputData","9","9","","0001_karta/0003_navuki/0004_InputField (Legacy)","karta/navuki/InputField (Legacy)","dnd.cartapersonaj.inputfield.inputfield-legacy.1426cf44f530"
"1","159230d9f324f4fd8dc19ff35df5d336895da1ba","02528c485a922bf42bc33512f7809cba","Assets/Scenes/personag/cartaPersonaj.unity","cartaPersonaj","CharacterSheetManagerScene1","InputField","inputData","10","10","","0001_karta/0003_navuki/0005_InputField (Legacy)","karta/navuki/InputField (Legacy)","dnd.cartapersonaj.inputfield.inputfield-legacy.b7d9ed670d77"
"1","159230d9f324f4fd8dc19ff35df5d336895da1ba","02528c485a922bf42bc33512f7809cba","Assets/Scenes/personag/cartaPersonaj.unity","cartaPersonaj","CharacterSheetManagerScene1","InputField","inputData","11","11","","0001_karta/0003_navuki/0006_InputField (Legacy)","karta/navuki/InputField (Legacy)","dnd.cartapersonaj.inputfield.inputfield-legacy.50beb1d88a96"
"1","159230d9f324f4fd8dc19ff35df5d336895da1ba","02528c485a922bf42bc33512f7809cba","Assets/Scenes/personag/cartaPersonaj.unity","cartaPersonaj","CharacterSheetManagerScene1","InputField","inputData","12","12","","0001_karta/0003_navuki/0007_InputField (Legacy)","karta/navuki/InputField (Legacy)","dnd.cartapersonaj.inputfield.inputfield-legacy.3d831442b956"
"1","159230d9f324f4fd8dc19ff35df5d336895da1ba","02528c485a922bf42bc33512f7809cba","Assets/Scenes/personag/cartaPersonaj.unity","cartaPersonaj","CharacterSheetManagerScene1","InputField","inputData","13","13","","0001_karta/0003_navuki/0008_InputField (Legacy)","karta/navuki/InputField (Legacy)","dnd.cartapersonaj.inputfield.inputfield-legacy.25cf6d35876c"
"1","159230d9f324f4fd8dc19ff35df5d336895da1ba","02528c485a922bf42bc33512f7809cba","Assets/Scenes/personag/cartaPersonaj.unity","cartaPersonaj","CharacterSheetManagerScene1","InputField","inputData","14","14","","0001_karta/0003_navuki/0009_InputField (Legacy)","karta/navuki/InputField (Legacy)","dnd.cartapersonaj.inputfield.inputfield-legacy.a2deb64704e8"
"1","159230d9f324f4fd8dc19ff35df5d336895da1ba","02528c485a922bf42bc33512f7809cba","Assets/Scenes/personag/cartaPersonaj.unity","cartaPersonaj","CharacterSheetManagerScene1","InputField","inputData","15","15","","0001_karta/0003_navuki/0010_InputField (Legacy)","karta/navuki/InputField (Legacy)","dnd.cartapersonaj.inputfield.inputfield-legacy.d40eccaf79ee"
"1","159230d9f324f4fd8dc19ff35df5d336895da1ba","02528c485a922bf42bc33512f7809cba","Assets/Scenes/personag/cartaPersonaj.unity","cartaPersonaj","CharacterSheetManagerScene1","InputField","inputData","16","16","","0001_karta/0003_navuki/0011_InputField (Legacy)","karta/navuki/InputField (Legacy)","dnd.cartapersonaj.inputfield.inputfield-legacy.bf12e81f8ad2"
"1","159230d9f324f4fd8dc19ff35df5d336895da1ba","02528c485a922bf42bc33512f7809cba","Assets/Scenes/personag/cartaPersonaj.unity","cartaPersonaj","CharacterSheetManagerScene1","InputField","inputData","17","17","","0001_karta/0003_navuki/0012_InputField (Legacy)","karta/navuki/InputField (Legacy)","dnd.cartapersonaj.inputfield.inputfield-legacy.c765ea9acf99"
"1","159230d9f324f4fd8dc19ff35df5d336895da1ba","02528c485a922bf42bc33512f7809cba","Assets/Scenes/personag/cartaPersonaj.unity","cartaPersonaj","CharacterSheetManagerScene1","InputField","inputData","18","18","","0001_karta/0003_navuki/0013_InputField (Legacy)","karta/navuki/InputField (Legacy)","dnd.cartapersonaj.inputfield.inputfield-legacy.ffa5a8a6503f"
"1","159230d9f324f4fd8dc19ff35df5d336895da1ba","02528c485a922bf42bc33512f7809cba","Assets/Scenes/personag/cartaPersonaj.unity","cartaPersonaj","CharacterSheetManagerScene1","InputField","inputData","19","19","","0001_karta/0003_navuki/0014_InputField (Legacy)","karta/navuki/InputField (Legacy)","dnd.cartapersonaj.inputfield.inputfield-legacy.4ef1182f6ff8"
"1","159230d9f324f4fd8dc19ff35df5d336895da1ba","02528c485a922bf42bc33512f7809cba","Assets/Scenes/personag/cartaPersonaj.unity","cartaPersonaj","CharacterSheetManagerScene1","InputField","inputData","20","20","","0001_karta/0003_navuki/0015_InputField (Legacy)","karta/navuki/InputField (Legacy)","dnd.cartapersonaj.inputfield.inputfield-legacy.f774f179096b"
"1","159230d9f324f4fd8dc19ff35df5d336895da1ba","02528c485a922bf42bc33512f7809cba","Assets/Scenes/personag/cartaPersonaj.unity","cartaPersonaj","CharacterSheetManagerScene1","InputField","inputData","21","21","","0001_karta/0003_navuki/0016_InputField (Legacy)","karta/navuki/InputField (Legacy)","dnd.cartapersonaj.inputfield.inputfield-legacy.7f0afdc9d47a"
"1","159230d9f324f4fd8dc19ff35df5d336895da1ba","02528c485a922bf42bc33512f7809cba","Assets/Scenes/personag/cartaPersonaj.unity","cartaPersonaj","CharacterSheetManagerScene1","InputField","inputData","22","22","","0001_karta/0003_navuki/0017_InputField (Legacy)","karta/navuki/InputField (Legacy)","dnd.cartapersonaj.inputfield.inputfield-legacy.eca14cdadd90"
"1","159230d9f324f4fd8dc19ff35df5d336895da1ba","02528c485a922bf42bc33512f7809cba","Assets/Scenes/personag/cartaPersonaj.unity","cartaPersonaj","CharacterSheetManagerScene1","InputField","inputData","23","23","","0001_karta/0003_navuki/0018_InputField (Legacy)","karta/navuki/InputField (Legacy)","dnd.cartapersonaj.inputfield.inputfield-legacy.98bd44a1a15d"
"1","159230d9f324f4fd8dc19ff35df5d336895da1ba","02528c485a922bf42bc33512f7809cba","Assets/Scenes/personag/cartaPersonaj.unity","cartaPersonaj","CharacterSheetManagerScene1","InputField","inputData","24","24","","0001_karta/0004_kdIsniciatyv/0000_Panel/0000_inicaatyv/0000_InputField (Legacy)","karta/kdIsniciatyv/Panel/inicaatyv/InputField (Legacy)","dnd.cartapersonaj.inputfield.inputfield-legacy.fed9eb935e69"
"1","159230d9f324f4fd8dc19ff35df5d336895da1ba","02528c485a922bf42bc33512f7809cba","Assets/Scenes/personag/cartaPersonaj.unity","cartaPersonaj","CharacterSheetManagerScene1","InputField","inputData","25","25","","0001_karta/0004_kdIsniciatyv/0000_Panel/0001_movsped/0000_InputField (Legacy)","karta/kdIsniciatyv/Panel/movsped/InputField (Legacy)","dnd.cartapersonaj.inputfield.inputfield-legacy.0fff69cecbfc"
"1","159230d9f324f4fd8dc19ff35df5d336895da1ba","02528c485a922bf42bc33512f7809cba","Assets/Scenes/personag/cartaPersonaj.unity","cartaPersonaj","CharacterSheetManagerScene1","InputField","inputData","26","26","","0001_karta/0004_kdIsniciatyv/0000_Panel/0002_kd/0000_InputField (Legacy)","karta/kdIsniciatyv/Panel/kd/InputField (Legacy)","dnd.cartapersonaj.inputfield.inputfield-legacy.b1852391b4ac"
"1","159230d9f324f4fd8dc19ff35df5d336895da1ba","02528c485a922bf42bc33512f7809cba","Assets/Scenes/personag/cartaPersonaj.unity","cartaPersonaj","CharacterSheetManagerScene1","InputField","inputData","27","27","","0001_karta/0005_stat/0001_paw/0000_Pawer","karta/stat/paw/Pawer","dnd.cartapersonaj.inputfield.pawer.251b6fa98b55"
"1","159230d9f324f4fd8dc19ff35df5d336895da1ba","02528c485a922bf42bc33512f7809cba","Assets/Scenes/personag/cartaPersonaj.unity","cartaPersonaj","CharacterSheetManagerScene1","InputField","inputData","28","28","","0001_karta/0005_stat/0001_paw/0001_InputField (Legacy)","karta/stat/paw/InputField (Legacy)","dnd.cartapersonaj.inputfield.inputfield-legacy.af8687238afe"
"1","159230d9f324f4fd8dc19ff35df5d336895da1ba","02528c485a922bf42bc33512f7809cba","Assets/Scenes/personag/cartaPersonaj.unity","cartaPersonaj","CharacterSheetManagerScene1","InputField","inputData","29","29","","0001_karta/0005_stat/0002_dex/0000_Dex","karta/stat/dex/Dex","dnd.cartapersonaj.inputfield.dex.a55e79432798"
"1","159230d9f324f4fd8dc19ff35df5d336895da1ba","02528c485a922bf42bc33512f7809cba","Assets/Scenes/personag/cartaPersonaj.unity","cartaPersonaj","CharacterSheetManagerScene1","InputField","inputData","30","30","","0001_karta/0005_stat/0002_dex/0001_InputField (Legacy)","karta/stat/dex/InputField (Legacy)","dnd.cartapersonaj.inputfield.inputfield-legacy.9e7a619afffd"
"1","159230d9f324f4fd8dc19ff35df5d336895da1ba","02528c485a922bf42bc33512f7809cba","Assets/Scenes/personag/cartaPersonaj.unity","cartaPersonaj","CharacterSheetManagerScene1","InputField","inputData","31","31","","0001_karta/0005_stat/0003_const/0000_const","karta/stat/const/const","dnd.cartapersonaj.inputfield.const.ba7105c8c2a3"
"1","159230d9f324f4fd8dc19ff35df5d336895da1ba","02528c485a922bf42bc33512f7809cba","Assets/Scenes/personag/cartaPersonaj.unity","cartaPersonaj","CharacterSheetManagerScene1","InputField","inputData","32","32","","0001_karta/0005_stat/0003_const/0001_InputField (Legacy)","karta/stat/const/InputField (Legacy)","dnd.cartapersonaj.inputfield.inputfield-legacy.c61582f281a3"
"1","159230d9f324f4fd8dc19ff35df5d336895da1ba","02528c485a922bf42bc33512f7809cba","Assets/Scenes/personag/cartaPersonaj.unity","cartaPersonaj","CharacterSheetManagerScene1","InputField","inputData","33","33","","0001_karta/0005_stat/0004_intelect/0000_intelect","karta/stat/intelect/intelect","dnd.cartapersonaj.inputfield.intelect.3b548b51d72c"
"1","159230d9f324f4fd8dc19ff35df5d336895da1ba","02528c485a922bf42bc33512f7809cba","Assets/Scenes/personag/cartaPersonaj.unity","cartaPersonaj","CharacterSheetManagerScene1","InputField","inputData","34","34","","0001_karta/0005_stat/0004_intelect/0001_InputField (Legacy)","karta/stat/intelect/InputField (Legacy)","dnd.cartapersonaj.inputfield.inputfield-legacy.5b8de732bbe2"
"1","159230d9f324f4fd8dc19ff35df5d336895da1ba","02528c485a922bf42bc33512f7809cba","Assets/Scenes/personag/cartaPersonaj.unity","cartaPersonaj","CharacterSheetManagerScene1","InputField","inputData","35","35","","0001_karta/0005_stat/0005_mudrost/0000_mudrost","karta/stat/mudrost/mudrost","dnd.cartapersonaj.inputfield.mudrost.8c72d0320c94"
"1","159230d9f324f4fd8dc19ff35df5d336895da1ba","02528c485a922bf42bc33512f7809cba","Assets/Scenes/personag/cartaPersonaj.unity","cartaPersonaj","CharacterSheetManagerScene1","InputField","inputData","36","36","","0001_karta/0005_stat/0005_mudrost/0001_InputField (Legacy)","karta/stat/mudrost/InputField (Legacy)","dnd.cartapersonaj.inputfield.inputfield-legacy.f92c64ef75c3"
"1","159230d9f324f4fd8dc19ff35df5d336895da1ba","02528c485a922bf42bc33512f7809cba","Assets/Scenes/personag/cartaPersonaj.unity","cartaPersonaj","CharacterSheetManagerScene1","InputField","inputData","37","37","","0001_karta/0005_stat/0006_harizma/0000_harizma","karta/stat/harizma/harizma","dnd.cartapersonaj.inputfield.harizma.a9ab3d9dcc06"
"1","159230d9f324f4fd8dc19ff35df5d336895da1ba","02528c485a922bf42bc33512f7809cba","Assets/Scenes/personag/cartaPersonaj.unity","cartaPersonaj","CharacterSheetManagerScene1","InputField","inputData","38","38","","0001_karta/0005_stat/0006_harizma/0001_InputField (Legacy)","karta/stat/harizma/InputField (Legacy)","dnd.cartapersonaj.inputfield.inputfield-legacy.5c7ca1560411"
"1","159230d9f324f4fd8dc19ff35df5d336895da1ba","02528c485a922bf42bc33512f7809cba","Assets/Scenes/personag/cartaPersonaj.unity","cartaPersonaj","CharacterSheetManagerScene1","InputField","inputData","39","39","","0001_karta/0006_bmnathmud/0001_bm/0001_InputField (Legacy)","karta/bmnathmud/bm/InputField (Legacy)","dnd.cartapersonaj.inputfield.inputfield-legacy.b4795732d7f0"
"1","159230d9f324f4fd8dc19ff35df5d336895da1ba","02528c485a922bf42bc33512f7809cba","Assets/Scenes/personag/cartaPersonaj.unity","cartaPersonaj","CharacterSheetManagerScene1","InputField","inputData","40","40","","0001_karta/0006_bmnathmud/0002_pasmud/0001_InputField (Legacy)","karta/bmnathmud/pasmud/InputField (Legacy)","dnd.cartapersonaj.inputfield.inputfield-legacy.39da14b270fc"
"1","159230d9f324f4fd8dc19ff35df5d336895da1ba","02528c485a922bf42bc33512f7809cba","Assets/Scenes/personag/cartaPersonaj.unity","cartaPersonaj","CharacterSheetManagerScene1","InputField","inputData","41","41","","0001_karta/0006_bmnathmud/0003_nathnen/0001_InputField (Legacy)","karta/bmnathmud/nathnen/InputField (Legacy)","dnd.cartapersonaj.inputfield.inputfield-legacy.f6c6519f4afc"
"1","159230d9f324f4fd8dc19ff35df5d336895da1ba","02528c485a922bf42bc33512f7809cba","Assets/Scenes/personag/cartaPersonaj.unity","cartaPersonaj","CharacterSheetManagerScene1","InputField","inputData","42","42","","0001_karta/0008_kHitiv/0001_hitu/0002_alldaise","karta/kHitiv/hitu/alldaise","dnd.cartapersonaj.inputfield.alldaise.9805142f0611"
"1","159230d9f324f4fd8dc19ff35df5d336895da1ba","02528c485a922bf42bc33512f7809cba","Assets/Scenes/personag/cartaPersonaj.unity","cartaPersonaj","CharacterSheetManagerScene1","InputField","inputData","43","43","","0001_karta/0008_kHitiv/0001_hitu/0003_daicevalueperson","karta/kHitiv/hitu/daicevalueperson","dnd.cartapersonaj.inputfield.daicevalueperson.4d50a51248e6"
"1","159230d9f324f4fd8dc19ff35df5d336895da1ba","02528c485a922bf42bc33512f7809cba","Assets/Scenes/personag/cartaPersonaj.unity","cartaPersonaj","CharacterSheetManagerScene1","InputField","inputData","44","44","","0001_karta/0009_magMod/0001_hitu/0000_InputField (Legacy)","karta/magMod/hitu/InputField (Legacy)","dnd.cartapersonaj.inputfield.inputfield-legacy.fd92b45ed36a"
"1","159230d9f324f4fd8dc19ff35df5d336895da1ba","02528c485a922bf42bc33512f7809cba","Assets/Scenes/personag/cartaPersonaj.unity","cartaPersonaj","CharacterSheetManagerScene1","InputField","inputData","45","45","","0001_karta/0010_bloodritual/0001_hitu/0000_InputField (Legacy)","karta/bloodritual/hitu/InputField (Legacy)","dnd.cartapersonaj.inputfield.inputfield-legacy.1e98bc89680f"
"1","159230d9f324f4fd8dc19ff35df5d336895da1ba","02528c485a922bf42bc33512f7809cba","Assets/Scenes/personag/cartaPersonaj.unity","cartaPersonaj","CharacterSheetManagerScene1","InputField","inputData","46","46","","0001_karta/0011_bloodritual (1)/0001_hitu/0000_InputField (Legacy)","karta/bloodritual (1)/hitu/InputField (Legacy)","dnd.cartapersonaj.inputfield.inputfield-legacy.96b0d576a1c2"
"1","159230d9f324f4fd8dc19ff35df5d336895da1ba","02528c485a922bf42bc33512f7809cba","Assets/Scenes/personag/cartaPersonaj.unity","cartaPersonaj","CharacterSheetManagerScene1","InputField","inputData","47","47","","0001_karta/0012_bloodritual (2)/0001_hitu/0000_InputField (Legacy)","karta/bloodritual (2)/hitu/InputField (Legacy)","dnd.cartapersonaj.inputfield.inputfield-legacy.37c97c5670cd"
"1","159230d9f324f4fd8dc19ff35df5d336895da1ba","02528c485a922bf42bc33512f7809cba","Assets/Scenes/personag/cartaPersonaj.unity","cartaPersonaj","CharacterSheetManagerScene1","InputField","inputData","48","48","","0001_karta/0013_slogSpas/0001_hitu/0000_InputField (Legacy)","karta/slogSpas/hitu/InputField (Legacy)","dnd.cartapersonaj.inputfield.inputfield-legacy.45b39c3c923b"
"1","159230d9f324f4fd8dc19ff35df5d336895da1ba","02528c485a922bf42bc33512f7809cba","Assets/Scenes/personag/cartaPersonaj.unity","cartaPersonaj","CharacterSheetManagerScene1","InputField","inputData","49","49","","0001_karta/0014_goldenPises/0005_inputPises/0000_mmpises","karta/goldenPises/inputPises/mmpises","dnd.cartapersonaj.inputfield.mmpises.921956342ee8"
"1","159230d9f324f4fd8dc19ff35df5d336895da1ba","02528c485a922bf42bc33512f7809cba","Assets/Scenes/personag/cartaPersonaj.unity","cartaPersonaj","CharacterSheetManagerScene1","InputField","inputData","50","50","","0001_karta/0014_goldenPises/0005_inputPises/0001_InputField (Legacy) (1)","karta/goldenPises/inputPises/InputField (Legacy) (1)","dnd.cartapersonaj.inputfield.inputfield-legacy-1.ea284044082c"
"1","159230d9f324f4fd8dc19ff35df5d336895da1ba","02528c485a922bf42bc33512f7809cba","Assets/Scenes/personag/cartaPersonaj.unity","cartaPersonaj","CharacterSheetManagerScene1","InputField","inputData","51","51","","0001_karta/0014_goldenPises/0005_inputPises/0002_InputField (Legacy) (2)","karta/goldenPises/inputPises/InputField (Legacy) (2)","dnd.cartapersonaj.inputfield.inputfield-legacy-2.1d0ce3dac270"
"1","159230d9f324f4fd8dc19ff35df5d336895da1ba","02528c485a922bf42bc33512f7809cba","Assets/Scenes/personag/cartaPersonaj.unity","cartaPersonaj","CharacterSheetManagerScene1","InputField","inputData","52","52","","0001_karta/0014_goldenPises/0005_inputPises/0003_InputField (Legacy) (3)","karta/goldenPises/inputPises/InputField (Legacy) (3)","dnd.cartapersonaj.inputfield.inputfield-legacy-3.ca4db46ce4bc"
"1","159230d9f324f4fd8dc19ff35df5d336895da1ba","02528c485a922bf42bc33512f7809cba","Assets/Scenes/personag/cartaPersonaj.unity","cartaPersonaj","CharacterSheetManagerScene1","InputField","inputData","53","53","","0001_karta/0014_goldenPises/0005_inputPises/0004_InputField (Legacy) (4)","karta/goldenPises/inputPises/InputField (Legacy) (4)","dnd.cartapersonaj.inputfield.inputfield-legacy-4.6ecdd050295d"
"1","159230d9f324f4fd8dc19ff35df5d336895da1ba","02528c485a922bf42bc33512f7809cba","Assets/Scenes/personag/cartaPersonaj.unity","cartaPersonaj","CharacterSheetManagerScene1","InputField","inputData","54","54","","0001_karta/0015_plauerInfo/0001_panelMclass/0000_Panel/0001_mmpises (9)","karta/plauerInfo/panelMclass/Panel/mmpises (9)","dnd.cartapersonaj.inputfield.mmpises-9.ed48110c25a9"
"1","159230d9f324f4fd8dc19ff35df5d336895da1ba","02528c485a922bf42bc33512f7809cba","Assets/Scenes/personag/cartaPersonaj.unity","cartaPersonaj","CharacterSheetManagerScene1","InputField","inputData","55","55","","0001_karta/0015_plauerInfo/0001_panelMclass/0000_Panel/0002_mmpises (10)","karta/plauerInfo/panelMclass/Panel/mmpises (10)","dnd.cartapersonaj.inputfield.mmpises-10.0d07a7ebf719"
"1","159230d9f324f4fd8dc19ff35df5d336895da1ba","02528c485a922bf42bc33512f7809cba","Assets/Scenes/personag/cartaPersonaj.unity","cartaPersonaj","CharacterSheetManagerScene1","InputField","inputData","56","56","","0001_karta/0015_plauerInfo/0001_panelMclass/0000_Panel/0003_mmpises (11)","karta/plauerInfo/panelMclass/Panel/mmpises (11)","dnd.cartapersonaj.inputfield.mmpises-11.1972d8c02670"
"1","159230d9f324f4fd8dc19ff35df5d336895da1ba","02528c485a922bf42bc33512f7809cba","Assets/Scenes/personag/cartaPersonaj.unity","cartaPersonaj","CharacterSheetManagerScene1","InputField","inputData","57","57","","0001_karta/0015_plauerInfo/0003_inputPises/0000_personajName","karta/plauerInfo/inputPises/personajName","dnd.cartapersonaj.inputfield.personajname.f40b1fd14d56"
"1","159230d9f324f4fd8dc19ff35df5d336895da1ba","02528c485a922bf42bc33512f7809cba","Assets/Scenes/personag/cartaPersonaj.unity","cartaPersonaj","CharacterSheetManagerScene1","InputField","inputData","58","58","","0001_karta/0015_plauerInfo/0003_inputPises/0001_mmpises (2)","karta/plauerInfo/inputPises/mmpises (2)","dnd.cartapersonaj.inputfield.mmpises-2.bb2375ceb568"
"1","159230d9f324f4fd8dc19ff35df5d336895da1ba","02528c485a922bf42bc33512f7809cba","Assets/Scenes/personag/cartaPersonaj.unity","cartaPersonaj","CharacterSheetManagerScene1","InputField","inputData","59","59","","0001_karta/0015_plauerInfo/0003_inputPises/0002_mmpises (8)","karta/plauerInfo/inputPises/mmpises (8)","dnd.cartapersonaj.inputfield.mmpises-8.712fa8fe8484"
"1","159230d9f324f4fd8dc19ff35df5d336895da1ba","02528c485a922bf42bc33512f7809cba","Assets/Scenes/personag/cartaPersonaj.unity","cartaPersonaj","CharacterSheetManagerScene1","InputField","inputData","60","60","","0001_karta/0015_plauerInfo/0003_inputPises/0003_mmpises (1)","karta/plauerInfo/inputPises/mmpises (1)","dnd.cartapersonaj.inputfield.mmpises-1.a8d33ccdbe7b"
"1","159230d9f324f4fd8dc19ff35df5d336895da1ba","02528c485a922bf42bc33512f7809cba","Assets/Scenes/personag/cartaPersonaj.unity","cartaPersonaj","CharacterSheetManagerScene1","InputField","inputData","61","61","","0001_karta/0015_plauerInfo/0003_inputPises/0004_mmpises (6)","karta/plauerInfo/inputPises/mmpises (6)","dnd.cartapersonaj.inputfield.mmpises-6.d36d7b40fb97"
"1","159230d9f324f4fd8dc19ff35df5d336895da1ba","02528c485a922bf42bc33512f7809cba","Assets/Scenes/personag/cartaPersonaj.unity","cartaPersonaj","CharacterSheetManagerScene1","InputField","inputData","62","62","","0001_karta/0015_plauerInfo/0003_inputPises/0005_mmpises (7)","karta/plauerInfo/inputPises/mmpises (7)","dnd.cartapersonaj.inputfield.mmpises-7.baa9f95530f7"
"1","159230d9f324f4fd8dc19ff35df5d336895da1ba","02528c485a922bf42bc33512f7809cba","Assets/Scenes/personag/cartaPersonaj.unity","cartaPersonaj","CharacterSheetManagerScene1","InputField","inputData","63","63","","0001_karta/0015_plauerInfo/0003_inputPises/0006_mmpises (3)","karta/plauerInfo/inputPises/mmpises (3)","dnd.cartapersonaj.inputfield.mmpises-3.3400e6a77386"
"1","159230d9f324f4fd8dc19ff35df5d336895da1ba","02528c485a922bf42bc33512f7809cba","Assets/Scenes/personag/cartaPersonaj.unity","cartaPersonaj","CharacterSheetManagerScene1","InputField","inputData","64","64","","0001_karta/0015_plauerInfo/0003_inputPises/0007_mmpises (4)","karta/plauerInfo/inputPises/mmpises (4)","dnd.cartapersonaj.inputfield.mmpises-4.436e72e8edc0"
"1","159230d9f324f4fd8dc19ff35df5d336895da1ba","02528c485a922bf42bc33512f7809cba","Assets/Scenes/personag/cartaPersonaj.unity","cartaPersonaj","CharacterSheetManagerScene1","InputField","inputData","65","65","","0001_karta/0015_plauerInfo/0003_inputPises/0008_mmpises (5)","karta/plauerInfo/inputPises/mmpises (5)","dnd.cartapersonaj.inputfield.mmpises-5.85ed94221129"
"1","159230d9f324f4fd8dc19ff35df5d336895da1ba","02528c485a922bf42bc33512f7809cba","Assets/Scenes/personag/cartaPersonaj.unity","cartaPersonaj","CharacterSheetManagerScene1","InputField","inputData","66","66","","0001_karta/0017_atackSpell/0001_spasKidkiSkore/0000_atack/0000_InputFieldspaspaw","karta/atackSpell/spasKidkiSkore/atack/InputFieldspaspaw","dnd.cartapersonaj.inputfield.inputfieldspaspaw.0bf153b4d66b"
"1","159230d9f324f4fd8dc19ff35df5d336895da1ba","02528c485a922bf42bc33512f7809cba","Assets/Scenes/personag/cartaPersonaj.unity","cartaPersonaj","CharacterSheetManagerScene1","InputField","inputData","67","67","","0001_karta/0017_atackSpell/0001_spasKidkiSkore/0000_atack/0001_InputFieldspaspaw (1)","karta/atackSpell/spasKidkiSkore/atack/InputFieldspaspaw (1)","dnd.cartapersonaj.inputfield.inputfieldspaspaw-1.2839c038f5e0"
"1","159230d9f324f4fd8dc19ff35df5d336895da1ba","02528c485a922bf42bc33512f7809cba","Assets/Scenes/personag/cartaPersonaj.unity","cartaPersonaj","CharacterSheetManagerScene1","InputField","inputData","68","68","","0001_karta/0017_atackSpell/0001_spasKidkiSkore/0000_atack/0002_InputFieldspaspaw (2)","karta/atackSpell/spasKidkiSkore/atack/InputFieldspaspaw (2)","dnd.cartapersonaj.inputfield.inputfieldspaspaw-2.642be7027a62"
"1","159230d9f324f4fd8dc19ff35df5d336895da1ba","02528c485a922bf42bc33512f7809cba","Assets/Scenes/personag/cartaPersonaj.unity","cartaPersonaj","CharacterSheetManagerScene1","InputField","inputData","69","69","","0001_karta/0017_atackSpell/0001_spasKidkiSkore/0001_atack (1)/0000_InputFieldspaspaw","karta/atackSpell/spasKidkiSkore/atack (1)/InputFieldspaspaw","dnd.cartapersonaj.inputfield.inputfieldspaspaw.1be0d02ca891"
"1","159230d9f324f4fd8dc19ff35df5d336895da1ba","02528c485a922bf42bc33512f7809cba","Assets/Scenes/personag/cartaPersonaj.unity","cartaPersonaj","CharacterSheetManagerScene1","InputField","inputData","70","70","","0001_karta/0017_atackSpell/0001_spasKidkiSkore/0001_atack (1)/0001_InputFieldspaspaw (1)","karta/atackSpell/spasKidkiSkore/atack (1)/InputFieldspaspaw (1)","dnd.cartapersonaj.inputfield.inputfieldspaspaw-1.8a2ee4328491"
"1","159230d9f324f4fd8dc19ff35df5d336895da1ba","02528c485a922bf42bc33512f7809cba","Assets/Scenes/personag/cartaPersonaj.unity","cartaPersonaj","CharacterSheetManagerScene1","InputField","inputData","71","71","","0001_karta/0017_atackSpell/0001_spasKidkiSkore/0001_atack (1)/0002_InputFieldspaspaw (2)","karta/atackSpell/spasKidkiSkore/atack (1)/InputFieldspaspaw (2)","dnd.cartapersonaj.inputfield.inputfieldspaspaw-2.24134c2bceb2"
"1","159230d9f324f4fd8dc19ff35df5d336895da1ba","02528c485a922bf42bc33512f7809cba","Assets/Scenes/personag/cartaPersonaj.unity","cartaPersonaj","CharacterSheetManagerScene1","InputField","inputData","72","72","","0001_karta/0017_atackSpell/0001_spasKidkiSkore/0002_atack (2)/0000_InputFieldspaspaw","karta/atackSpell/spasKidkiSkore/atack (2)/InputFieldspaspaw","dnd.cartapersonaj.inputfield.inputfieldspaspaw.ac75bc7aa808"
"1","159230d9f324f4fd8dc19ff35df5d336895da1ba","02528c485a922bf42bc33512f7809cba","Assets/Scenes/personag/cartaPersonaj.unity","cartaPersonaj","CharacterSheetManagerScene1","InputField","inputData","73","73","","0001_karta/0017_atackSpell/0001_spasKidkiSkore/0002_atack (2)/0001_InputFieldspaspaw (1)","karta/atackSpell/spasKidkiSkore/atack (2)/InputFieldspaspaw (1)","dnd.cartapersonaj.inputfield.inputfieldspaspaw-1.5dfcb36cf271"
"1","159230d9f324f4fd8dc19ff35df5d336895da1ba","02528c485a922bf42bc33512f7809cba","Assets/Scenes/personag/cartaPersonaj.unity","cartaPersonaj","CharacterSheetManagerScene1","InputField","inputData","74","74","","0001_karta/0017_atackSpell/0001_spasKidkiSkore/0002_atack (2)/0002_InputFieldspaspaw (2)","karta/atackSpell/spasKidkiSkore/atack (2)/InputFieldspaspaw (2)","dnd.cartapersonaj.inputfield.inputfieldspaspaw-2.9ba3e259f2c5"
"1","159230d9f324f4fd8dc19ff35df5d336895da1ba","02528c485a922bf42bc33512f7809cba","Assets/Scenes/personag/cartaPersonaj.unity","cartaPersonaj","CharacterSheetManagerScene1","InputField","inputData","75","75","","0001_karta/0017_atackSpell/0001_spasKidkiSkore/0003_InputFieldspaspaw (7)","karta/atackSpell/spasKidkiSkore/InputFieldspaspaw (7)","dnd.cartapersonaj.inputfield.inputfieldspaspaw-7.49da0dff285a"
"1","159230d9f324f4fd8dc19ff35df5d336895da1ba","02528c485a922bf42bc33512f7809cba","Assets/Scenes/personag/cartaPersonaj.unity","cartaPersonaj","CharacterSheetManagerScene1","InputField","inputData","76","76","","0001_karta/0018_navichkiTaVminya/0001_spasKidkiSkore/0000_inputYminaOsodb","karta/navichkiTaVminya/spasKidkiSkore/inputYminaOsodb","dnd.cartapersonaj.inputfield.inputyminaosodb.5919d93999fd"
"1","159230d9f324f4fd8dc19ff35df5d336895da1ba","02528c485a922bf42bc33512f7809cba","Assets/Scenes/personag/cartaPersonaj.unity","cartaPersonaj","CharacterSheetManagerScene1","InputField","inputData","77","77","","0001_karta/0019_Inventar/0001_spasKidkiSkore/0000_InputFieldspaspaw","karta/Inventar/spasKidkiSkore/InputFieldspaspaw","dnd.cartapersonaj.inputfield.inputfieldspaspaw.7d5f2eadd5dc"
"1","159230d9f324f4fd8dc19ff35df5d336895da1ba","02528c485a922bf42bc33512f7809cba","Assets/Scenes/personag/cartaPersonaj.unity","cartaPersonaj","CharacterSheetManagerScene1","InputField","inputData","78","78","","0001_karta/0020_zamitki (1)/0000_Panel/0000_spasKidkiSkore/0000_InputFieldspaspaw","karta/zamitki (1)/Panel/spasKidkiSkore/InputFieldspaspaw","dnd.cartapersonaj.inputfield.inputfieldspaspaw.e823b29f1121"
"1","159230d9f324f4fd8dc19ff35df5d336895da1ba","02528c485a922bf42bc33512f7809cba","Assets/Scenes/personag/cartaPersonaj.unity","cartaPersonaj","CharacterSheetManagerScene1","InputField","inputData","79","79","","0001_karta/0021_zamitki (2)/0000_Panel/0000_spasKidkiSkore/0000_InputFieldspaspaw","karta/zamitki (2)/Panel/spasKidkiSkore/InputFieldspaspaw","dnd.cartapersonaj.inputfield.inputfieldspaspaw.055c6e05376b"
"1","159230d9f324f4fd8dc19ff35df5d336895da1ba","02528c485a922bf42bc33512f7809cba","Assets/Scenes/personag/cartaPersonaj.unity","cartaPersonaj","CharacterSheetManagerScene1","InputField","inputData","80","80","","0001_karta/0022_zamitki (3)/0000_Panel/0000_spasKidkiSkore/0000_InputFieldspaspaw","karta/zamitki (3)/Panel/spasKidkiSkore/InputFieldspaspaw","dnd.cartapersonaj.inputfield.inputfieldspaspaw.36d35ce42ac5"
"1","159230d9f324f4fd8dc19ff35df5d336895da1ba","02528c485a922bf42bc33512f7809cba","Assets/Scenes/personag/cartaPersonaj.unity","cartaPersonaj","CharacterSheetManagerScene1","InputField","inputData","81","81","","0001_karta/0023_zamitki (4)/0000_Panel/0000_spasKidkiSkore/0000_InputFieldspaspaw","karta/zamitki (4)/Panel/spasKidkiSkore/InputFieldspaspaw","dnd.cartapersonaj.inputfield.inputfieldspaspaw.057b2c4b0bad"
"1","159230d9f324f4fd8dc19ff35df5d336895da1ba","02528c485a922bf42bc33512f7809cba","Assets/Scenes/personag/cartaPersonaj.unity","cartaPersonaj","CharacterSheetManagerScene1","InputField","inputData","82","82","","0001_karta/0026_inhiVolodinya/0001_spasKidkiSkore/0000_InputFieldspaspaw","karta/inhiVolodinya/spasKidkiSkore/InputFieldspaspaw","dnd.cartapersonaj.inputfield.inputfieldspaspaw.6d873e3b2327"
"1","159230d9f324f4fd8dc19ff35df5d336895da1ba","02528c485a922bf42bc33512f7809cba","Assets/Scenes/personag/cartaPersonaj.unity","cartaPersonaj","CharacterSheetManagerScene1","InputField","inputData","83","83","","0001_karta/0027_potionsPanel/0003_pouhen/0001_InputField (Legacy)","karta/potionsPanel/pouhen/InputField (Legacy)","dnd.cartapersonaj.inputfield.inputfield-legacy.e45dbcdf32bf"
"1","159230d9f324f4fd8dc19ff35df5d336895da1ba","02528c485a922bf42bc33512f7809cba","Assets/Scenes/personag/cartaPersonaj.unity","cartaPersonaj","CharacterSheetManagerScene1","InputField","inputData","84","84","","0001_karta/0027_potionsPanel/0003_pouhen/0002_InputFieldspaspaw (8)","karta/potionsPanel/pouhen/InputFieldspaspaw (8)","dnd.cartapersonaj.inputfield.inputfieldspaspaw-8.c5da7325904f"
"1","159230d9f324f4fd8dc19ff35df5d336895da1ba","02528c485a922bf42bc33512f7809cba","Assets/Scenes/personag/cartaPersonaj.unity","cartaPersonaj","CharacterSheetManagerScene1","InputField","inputData","85","85","","0001_karta/0027_potionsPanel/0004_pouhen (1)/0003_InputField (Legacy) (1)","karta/potionsPanel/pouhen (1)/InputField (Legacy) (1)","dnd.cartapersonaj.inputfield.inputfield-legacy-1.c25bfe27537e"
"1","159230d9f324f4fd8dc19ff35df5d336895da1ba","02528c485a922bf42bc33512f7809cba","Assets/Scenes/personag/cartaPersonaj.unity","cartaPersonaj","CharacterSheetManagerScene1","InputField","inputData","86","86","","0001_karta/0027_potionsPanel/0004_pouhen (1)/0004_InputFieldspaspaw (9)","karta/potionsPanel/pouhen (1)/InputFieldspaspaw (9)","dnd.cartapersonaj.inputfield.inputfieldspaspaw-9.ab0859ea51ae"
"1","159230d9f324f4fd8dc19ff35df5d336895da1ba","02528c485a922bf42bc33512f7809cba","Assets/Scenes/personag/cartaPersonaj.unity","cartaPersonaj","CharacterSheetManagerScene1","InputField","inputData","87","87","","0001_karta/0027_potionsPanel/0005_pouhen (2)/0003_InputFieldspaspaw (10)","karta/potionsPanel/pouhen (2)/InputFieldspaspaw (10)","dnd.cartapersonaj.inputfield.inputfieldspaspaw-10.51234ed3fd46"
"1","159230d9f324f4fd8dc19ff35df5d336895da1ba","02528c485a922bf42bc33512f7809cba","Assets/Scenes/personag/cartaPersonaj.unity","cartaPersonaj","CharacterSheetManagerScene1","InputField","inputData","88","88","","0001_karta/0027_potionsPanel/0005_pouhen (2)/0004_InputField (Legacy) (2)","karta/potionsPanel/pouhen (2)/InputField (Legacy) (2)","dnd.cartapersonaj.inputfield.inputfield-legacy-2.a0a36704863d"
"1","159230d9f324f4fd8dc19ff35df5d336895da1ba","02528c485a922bf42bc33512f7809cba","Assets/Scenes/personag/cartaPersonaj.unity","cartaPersonaj","CharacterSheetManagerScene1","InputField","inputData","89","89","","0001_karta/0027_potionsPanel/0006_pouhen (3)/0001_InputFieldspaspaw (11)","karta/potionsPanel/pouhen (3)/InputFieldspaspaw (11)","dnd.cartapersonaj.inputfield.inputfieldspaspaw-11.68af8bdb7a76"
"1","159230d9f324f4fd8dc19ff35df5d336895da1ba","02528c485a922bf42bc33512f7809cba","Assets/Scenes/personag/cartaPersonaj.unity","cartaPersonaj","CharacterSheetManagerScene1","InputField","inputData","90","90","","0001_karta/0027_potionsPanel/0006_pouhen (3)/0004_InputField (Legacy) (3)","karta/potionsPanel/pouhen (3)/InputField (Legacy) (3)","dnd.cartapersonaj.inputfield.inputfield-legacy-3.0d0662b0b83b"
"1","159230d9f324f4fd8dc19ff35df5d336895da1ba","02528c485a922bf42bc33512f7809cba","Assets/Scenes/personag/cartaPersonaj.unity","cartaPersonaj","CharacterSheetManagerScene1","InputField","inputData","91","91","","0001_karta/0027_potionsPanel/0007_pouhen (4)/0001_InputFieldspaspaw (11)","karta/potionsPanel/pouhen (4)/InputFieldspaspaw (11)","dnd.cartapersonaj.inputfield.inputfieldspaspaw-11.e94297a76a59"
"1","159230d9f324f4fd8dc19ff35df5d336895da1ba","02528c485a922bf42bc33512f7809cba","Assets/Scenes/personag/cartaPersonaj.unity","cartaPersonaj","CharacterSheetManagerScene1","InputField","inputData","92","92","","0001_karta/0027_potionsPanel/0007_pouhen (4)/0004_InputField (Legacy) (3)","karta/potionsPanel/pouhen (4)/InputField (Legacy) (3)","dnd.cartapersonaj.inputfield.inputfield-legacy-3.abd4817446b5"
"1","159230d9f324f4fd8dc19ff35df5d336895da1ba","02528c485a922bf42bc33512f7809cba","Assets/Scenes/personag/cartaPersonaj.unity","cartaPersonaj","CharacterSheetManagerScene1","InputField","inputData","93","93","","0001_karta/0028_snaryadManager/0000_Panel (1)/0009_snaryad/0002_InputField (Legacy)","karta/snaryadManager/Panel (1)/snaryad/InputField (Legacy)","dnd.cartapersonaj.inputfield.inputfield-legacy.124e5ed2ea21"
"1","159230d9f324f4fd8dc19ff35df5d336895da1ba","02528c485a922bf42bc33512f7809cba","Assets/Scenes/personag/cartaPersonaj.unity","cartaPersonaj","CharacterSheetManagerScene1","InputField","inputData","94","94","","0001_karta/0028_snaryadManager/0000_Panel (1)/0013_InputField (Legacy)","karta/snaryadManager/Panel (1)/InputField (Legacy)","dnd.cartapersonaj.inputfield.inputfield-legacy.4b6f47d8d67c"
"1","159230d9f324f4fd8dc19ff35df5d336895da1ba","02528c485a922bf42bc33512f7809cba","Assets/Scenes/personag/cartaPersonaj.unity","cartaPersonaj","CharacterSheetManagerScene1","InputField","inputData","95","95","","0001_karta/0028_snaryadManager/0000_Panel (1)/0017_InputField (Legacy)","karta/snaryadManager/Panel (1)/InputField (Legacy)","dnd.cartapersonaj.inputfield.inputfield-legacy.94182c149b4e"
"1","159230d9f324f4fd8dc19ff35df5d336895da1ba","02528c485a922bf42bc33512f7809cba","Assets/Scenes/personag/cartaPersonaj.unity","cartaPersonaj","CharacterSheetManagerScene1","InputField","inputData","96","96","","0001_karta/0028_snaryadManager/0000_Panel (1)/0021_InputField (Legacy)","karta/snaryadManager/Panel (1)/InputField (Legacy)","dnd.cartapersonaj.inputfield.inputfield-legacy.14dbe2c7ad6a"
"1","159230d9f324f4fd8dc19ff35df5d336895da1ba","02528c485a922bf42bc33512f7809cba","Assets/Scenes/personag/cartaPersonaj.unity","cartaPersonaj","CharacterSheetManagerScene1","InputField","inputData","97","97","","0001_karta/0030_resursClas/0007_Panel (5)/0000_InputFieldspaspaw (10)","karta/resursClas/Panel (5)/InputFieldspaspaw (10)","dnd.cartapersonaj.inputfield.inputfieldspaspaw-10.0c29b4d497ae"
"1","159230d9f324f4fd8dc19ff35df5d336895da1ba","02528c485a922bf42bc33512f7809cba","Assets/Scenes/personag/cartaPersonaj.unity","cartaPersonaj","CharacterSheetManagerScene1","InputField","inputData","98","98","","0001_karta/0030_resursClas/0007_Panel (5)/0001_InputFieldspaspaw (11)","karta/resursClas/Panel (5)/InputFieldspaspaw (11)","dnd.cartapersonaj.inputfield.inputfieldspaspaw-11.39a08e1a8ef8"
"1","159230d9f324f4fd8dc19ff35df5d336895da1ba","02528c485a922bf42bc33512f7809cba","Assets/Scenes/personag/cartaPersonaj.unity","cartaPersonaj","CharacterSheetManagerScene1","InputField","inputData","99","99","","0001_karta/0030_resursClas/0007_Panel (5)/0002_InputFieldspaspaw (13)","karta/resursClas/Panel (5)/InputFieldspaspaw (13)","dnd.cartapersonaj.inputfield.inputfieldspaspaw-13.a2e4fe3da1cf"
"1","159230d9f324f4fd8dc19ff35df5d336895da1ba","02528c485a922bf42bc33512f7809cba","Assets/Scenes/personag/cartaPersonaj.unity","cartaPersonaj","CharacterSheetManagerScene1","InputField","inputData","100","100","","0001_karta/0030_resursClas/0007_Panel (5)/0003_InputFieldspaspaw (12)","karta/resursClas/Panel (5)/InputFieldspaspaw (12)","dnd.cartapersonaj.inputfield.inputfieldspaspaw-12.273e68a3a176"
"1","159230d9f324f4fd8dc19ff35df5d336895da1ba","02528c485a922bf42bc33512f7809cba","Assets/Scenes/personag/cartaPersonaj.unity","cartaPersonaj","CharacterSheetManagerScene1","InputField","inputData","101","101","","0001_karta/0030_resursClas/0010_Panel (8)/0000_InputFieldspaspaw (10)","karta/resursClas/Panel (8)/InputFieldspaspaw (10)","dnd.cartapersonaj.inputfield.inputfieldspaspaw-10.03680bf3368e"
"1","159230d9f324f4fd8dc19ff35df5d336895da1ba","02528c485a922bf42bc33512f7809cba","Assets/Scenes/personag/cartaPersonaj.unity","cartaPersonaj","CharacterSheetManagerScene1","Toggle","toggleData","0","0","Toggle_0001_karta/0002_spasKidki/0008_tonggle/0000_Togglespaspaw","0001_karta/0002_spasKidki/0008_tonggle/0000_Togglespaspaw","karta/spasKidki/tonggle/Togglespaspaw","dnd.cartapersonaj.toggle.togglespaspaw.8abb62ba31ee"
"1","159230d9f324f4fd8dc19ff35df5d336895da1ba","02528c485a922bf42bc33512f7809cba","Assets/Scenes/personag/cartaPersonaj.unity","cartaPersonaj","CharacterSheetManagerScene1","Toggle","toggleData","1","1","Toggle_0001_karta/0002_spasKidki/0008_tonggle/0001_Toggle (2)","0001_karta/0002_spasKidki/0008_tonggle/0001_Toggle (2)","karta/spasKidki/tonggle/Toggle (2)","dnd.cartapersonaj.toggle.toggle-2.25ff5ec28402"
"1","159230d9f324f4fd8dc19ff35df5d336895da1ba","02528c485a922bf42bc33512f7809cba","Assets/Scenes/personag/cartaPersonaj.unity","cartaPersonaj","CharacterSheetManagerScene1","Toggle","toggleData","2","2","Toggle_0001_karta/0002_spasKidki/0008_tonggle/0002_Toggle (3)","0001_karta/0002_spasKidki/0008_tonggle/0002_Toggle (3)","karta/spasKidki/tonggle/Toggle (3)","dnd.cartapersonaj.toggle.toggle-3.c7f2b0b7e142"
"1","159230d9f324f4fd8dc19ff35df5d336895da1ba","02528c485a922bf42bc33512f7809cba","Assets/Scenes/personag/cartaPersonaj.unity","cartaPersonaj","CharacterSheetManagerScene1","Toggle","toggleData","3","3","Toggle_0001_karta/0002_spasKidki/0008_tonggle/0003_Toggle (4)","0001_karta/0002_spasKidki/0008_tonggle/0003_Toggle (4)","karta/spasKidki/tonggle/Toggle (4)","dnd.cartapersonaj.toggle.toggle-4.0b6f6ee5e64c"
"1","159230d9f324f4fd8dc19ff35df5d336895da1ba","02528c485a922bf42bc33512f7809cba","Assets/Scenes/personag/cartaPersonaj.unity","cartaPersonaj","CharacterSheetManagerScene1","Toggle","toggleData","4","4","Toggle_0001_karta/0002_spasKidki/0008_tonggle/0004_Toggle (1)","0001_karta/0002_spasKidki/0008_tonggle/0004_Toggle (1)","karta/spasKidki/tonggle/Toggle (1)","dnd.cartapersonaj.toggle.toggle-1.802547dbf25c"
"1","159230d9f324f4fd8dc19ff35df5d336895da1ba","02528c485a922bf42bc33512f7809cba","Assets/Scenes/personag/cartaPersonaj.unity","cartaPersonaj","CharacterSheetManagerScene1","Toggle","toggleData","5","5","Toggle_0001_karta/0002_spasKidki/0008_tonggle/0005_Toggle (5)","0001_karta/0002_spasKidki/0008_tonggle/0005_Toggle (5)","karta/spasKidki/tonggle/Toggle (5)","dnd.cartapersonaj.toggle.toggle-5.3088bd7c4871"
"1","159230d9f324f4fd8dc19ff35df5d336895da1ba","02528c485a922bf42bc33512f7809cba","Assets/Scenes/personag/cartaPersonaj.unity","cartaPersonaj","CharacterSheetManagerScene1","Toggle","toggleData","6","6","Toggle_0001_karta/0003_navuki/0019_toggle/0000_Toggle","0001_karta/0003_navuki/0019_toggle/0000_Toggle","karta/navuki/toggle/Toggle","dnd.cartapersonaj.toggle.toggle.b611eac8a8cf"
"1","159230d9f324f4fd8dc19ff35df5d336895da1ba","02528c485a922bf42bc33512f7809cba","Assets/Scenes/personag/cartaPersonaj.unity","cartaPersonaj","CharacterSheetManagerScene1","Toggle","toggleData","7","7","Toggle_0001_karta/0003_navuki/0019_toggle/0001_Toggle (5)","0001_karta/0003_navuki/0019_toggle/0001_Toggle (5)","karta/navuki/toggle/Toggle (5)","dnd.cartapersonaj.toggle.toggle-5.d6108adabfbb"
"1","159230d9f324f4fd8dc19ff35df5d336895da1ba","02528c485a922bf42bc33512f7809cba","Assets/Scenes/personag/cartaPersonaj.unity","cartaPersonaj","CharacterSheetManagerScene1","Toggle","toggleData","8","8","Toggle_0001_karta/0003_navuki/0019_toggle/0002_Toggle (10)","0001_karta/0003_navuki/0019_toggle/0002_Toggle (10)","karta/navuki/toggle/Toggle (10)","dnd.cartapersonaj.toggle.toggle-10.43723d3b07ca"
"1","159230d9f324f4fd8dc19ff35df5d336895da1ba","02528c485a922bf42bc33512f7809cba","Assets/Scenes/personag/cartaPersonaj.unity","cartaPersonaj","CharacterSheetManagerScene1","Toggle","toggleData","9","9","Toggle_0001_karta/0003_navuki/0019_toggle/0003_Toggle (1)","0001_karta/0003_navuki/0019_toggle/0003_Toggle (1)","karta/navuki/toggle/Toggle (1)","dnd.cartapersonaj.toggle.toggle-1.6fb2630329bf"
"1","159230d9f324f4fd8dc19ff35df5d336895da1ba","02528c485a922bf42bc33512f7809cba","Assets/Scenes/personag/cartaPersonaj.unity","cartaPersonaj","CharacterSheetManagerScene1","Toggle","toggleData","10","10","Toggle_0001_karta/0003_navuki/0019_toggle/0004_Toggle (6)","0001_karta/0003_navuki/0019_toggle/0004_Toggle (6)","karta/navuki/toggle/Toggle (6)","dnd.cartapersonaj.toggle.toggle-6.5538ddfdc393"
"1","159230d9f324f4fd8dc19ff35df5d336895da1ba","02528c485a922bf42bc33512f7809cba","Assets/Scenes/personag/cartaPersonaj.unity","cartaPersonaj","CharacterSheetManagerScene1","Toggle","toggleData","11","11","Toggle_0001_karta/0003_navuki/0019_toggle/0005_Toggle (11)","0001_karta/0003_navuki/0019_toggle/0005_Toggle (11)","karta/navuki/toggle/Toggle (11)","dnd.cartapersonaj.toggle.toggle-11.dbc89e35c44e"
"1","159230d9f324f4fd8dc19ff35df5d336895da1ba","02528c485a922bf42bc33512f7809cba","Assets/Scenes/personag/cartaPersonaj.unity","cartaPersonaj","CharacterSheetManagerScene1","Toggle","toggleData","12","12","Toggle_0001_karta/0003_navuki/0019_toggle/0006_Toggle (2)","0001_karta/0003_navuki/0019_toggle/0006_Toggle (2)","karta/navuki/toggle/Toggle (2)","dnd.cartapersonaj.toggle.toggle-2.7b106b7475dc"
"1","159230d9f324f4fd8dc19ff35df5d336895da1ba","02528c485a922bf42bc33512f7809cba","Assets/Scenes/personag/cartaPersonaj.unity","cartaPersonaj","CharacterSheetManagerScene1","Toggle","toggleData","13","13","Toggle_0001_karta/0003_navuki/0019_toggle/0007_Toggle (7)","0001_karta/0003_navuki/0019_toggle/0007_Toggle (7)","karta/navuki/toggle/Toggle (7)","dnd.cartapersonaj.toggle.toggle-7.8873e4943b0b"
"1","159230d9f324f4fd8dc19ff35df5d336895da1ba","02528c485a922bf42bc33512f7809cba","Assets/Scenes/personag/cartaPersonaj.unity","cartaPersonaj","CharacterSheetManagerScene1","Toggle","toggleData","14","14","Toggle_0001_karta/0003_navuki/0019_toggle/0008_Toggle (12)","0001_karta/0003_navuki/0019_toggle/0008_Toggle (12)","karta/navuki/toggle/Toggle (12)","dnd.cartapersonaj.toggle.toggle-12.b855c04096dc"
"1","159230d9f324f4fd8dc19ff35df5d336895da1ba","02528c485a922bf42bc33512f7809cba","Assets/Scenes/personag/cartaPersonaj.unity","cartaPersonaj","CharacterSheetManagerScene1","Toggle","toggleData","15","15","Toggle_0001_karta/0003_navuki/0019_toggle/0009_Toggle (3)","0001_karta/0003_navuki/0019_toggle/0009_Toggle (3)","karta/navuki/toggle/Toggle (3)","dnd.cartapersonaj.toggle.toggle-3.e153fda291ae"
"1","159230d9f324f4fd8dc19ff35df5d336895da1ba","02528c485a922bf42bc33512f7809cba","Assets/Scenes/personag/cartaPersonaj.unity","cartaPersonaj","CharacterSheetManagerScene1","Toggle","toggleData","16","16","Toggle_0001_karta/0003_navuki/0019_toggle/0010_Toggle (8)","0001_karta/0003_navuki/0019_toggle/0010_Toggle (8)","karta/navuki/toggle/Toggle (8)","dnd.cartapersonaj.toggle.toggle-8.2046f320798e"
"1","159230d9f324f4fd8dc19ff35df5d336895da1ba","02528c485a922bf42bc33512f7809cba","Assets/Scenes/personag/cartaPersonaj.unity","cartaPersonaj","CharacterSheetManagerScene1","Toggle","toggleData","17","17","Toggle_0001_karta/0003_navuki/0019_toggle/0011_Toggle (13)","0001_karta/0003_navuki/0019_toggle/0011_Toggle (13)","karta/navuki/toggle/Toggle (13)","dnd.cartapersonaj.toggle.toggle-13.f762175add4a"
"1","159230d9f324f4fd8dc19ff35df5d336895da1ba","02528c485a922bf42bc33512f7809cba","Assets/Scenes/personag/cartaPersonaj.unity","cartaPersonaj","CharacterSheetManagerScene1","Toggle","toggleData","18","18","Toggle_0001_karta/0003_navuki/0019_toggle/0012_Toggle (4)","0001_karta/0003_navuki/0019_toggle/0012_Toggle (4)","karta/navuki/toggle/Toggle (4)","dnd.cartapersonaj.toggle.toggle-4.ab2d0472ec97"
"1","159230d9f324f4fd8dc19ff35df5d336895da1ba","02528c485a922bf42bc33512f7809cba","Assets/Scenes/personag/cartaPersonaj.unity","cartaPersonaj","CharacterSheetManagerScene1","Toggle","toggleData","19","19","Toggle_0001_karta/0003_navuki/0019_toggle/0013_Toggle (9)","0001_karta/0003_navuki/0019_toggle/0013_Toggle (9)","karta/navuki/toggle/Toggle (9)","dnd.cartapersonaj.toggle.toggle-9.d42decfd7e75"
"1","159230d9f324f4fd8dc19ff35df5d336895da1ba","02528c485a922bf42bc33512f7809cba","Assets/Scenes/personag/cartaPersonaj.unity","cartaPersonaj","CharacterSheetManagerScene1","Toggle","toggleData","20","20","Toggle_0001_karta/0003_navuki/0019_toggle/0014_Toggle (14)","0001_karta/0003_navuki/0019_toggle/0014_Toggle (14)","karta/navuki/toggle/Toggle (14)","dnd.cartapersonaj.toggle.toggle-14.67291a541980"
"1","159230d9f324f4fd8dc19ff35df5d336895da1ba","02528c485a922bf42bc33512f7809cba","Assets/Scenes/personag/cartaPersonaj.unity","cartaPersonaj","CharacterSheetManagerScene1","Toggle","toggleData","21","21","Toggle_0001_karta/0003_navuki/0019_toggle/0015_Toggle (15)","0001_karta/0003_navuki/0019_toggle/0015_Toggle (15)","karta/navuki/toggle/Toggle (15)","dnd.cartapersonaj.toggle.toggle-15.7d90ed7c9fed"
"1","159230d9f324f4fd8dc19ff35df5d336895da1ba","02528c485a922bf42bc33512f7809cba","Assets/Scenes/personag/cartaPersonaj.unity","cartaPersonaj","CharacterSheetManagerScene1","Toggle","toggleData","22","22","Toggle_0001_karta/0003_navuki/0019_toggle/0016_Toggle (16)","0001_karta/0003_navuki/0019_toggle/0016_Toggle (16)","karta/navuki/toggle/Toggle (16)","dnd.cartapersonaj.toggle.toggle-16.ce1818b55014"
"1","159230d9f324f4fd8dc19ff35df5d336895da1ba","02528c485a922bf42bc33512f7809cba","Assets/Scenes/personag/cartaPersonaj.unity","cartaPersonaj","CharacterSheetManagerScene1","Toggle","toggleData","23","23","Toggle_0001_karta/0003_navuki/0019_toggle/0017_Toggle (17)","0001_karta/0003_navuki/0019_toggle/0017_Toggle (17)","karta/navuki/toggle/Toggle (17)","dnd.cartapersonaj.toggle.toggle-17.4142b69a454e"
"1","159230d9f324f4fd8dc19ff35df5d336895da1ba","02528c485a922bf42bc33512f7809cba","Assets/Scenes/personag/cartaPersonaj.unity","cartaPersonaj","CharacterSheetManagerScene1","Toggle","toggleData","24","24","Toggle_0001_karta/0007_deadChekBox/0002_proval/0000_Toggle","0001_karta/0007_deadChekBox/0002_proval/0000_Toggle","karta/deadChekBox/proval/Toggle","dnd.cartapersonaj.toggle.toggle.edb2c58c73cf"
"1","159230d9f324f4fd8dc19ff35df5d336895da1ba","02528c485a922bf42bc33512f7809cba","Assets/Scenes/personag/cartaPersonaj.unity","cartaPersonaj","CharacterSheetManagerScene1","Toggle","toggleData","25","25","Toggle_0001_karta/0007_deadChekBox/0002_proval/0001_Toggle (1)","0001_karta/0007_deadChekBox/0002_proval/0001_Toggle (1)","karta/deadChekBox/proval/Toggle (1)","dnd.cartapersonaj.toggle.toggle-1.b0cd829a9221"
"1","159230d9f324f4fd8dc19ff35df5d336895da1ba","02528c485a922bf42bc33512f7809cba","Assets/Scenes/personag/cartaPersonaj.unity","cartaPersonaj","CharacterSheetManagerScene1","Toggle","toggleData","26","26","Toggle_0001_karta/0007_deadChekBox/0002_proval/0002_Toggle (2)","0001_karta/0007_deadChekBox/0002_proval/0002_Toggle (2)","karta/deadChekBox/proval/Toggle (2)","dnd.cartapersonaj.toggle.toggle-2.279154f10773"
"1","159230d9f324f4fd8dc19ff35df5d336895da1ba","02528c485a922bf42bc33512f7809cba","Assets/Scenes/personag/cartaPersonaj.unity","cartaPersonaj","CharacterSheetManagerScene1","Toggle","toggleData","27","27","Toggle_0001_karta/0007_deadChekBox/0003_uspih/0000_Toggle","0001_karta/0007_deadChekBox/0003_uspih/0000_Toggle","karta/deadChekBox/uspih/Toggle","dnd.cartapersonaj.toggle.toggle.460c1b06ab9d"
"1","159230d9f324f4fd8dc19ff35df5d336895da1ba","02528c485a922bf42bc33512f7809cba","Assets/Scenes/personag/cartaPersonaj.unity","cartaPersonaj","CharacterSheetManagerScene1","Toggle","toggleData","28","28","Toggle_0001_karta/0007_deadChekBox/0003_uspih/0001_Toggle (1)","0001_karta/0007_deadChekBox/0003_uspih/0001_Toggle (1)","karta/deadChekBox/uspih/Toggle (1)","dnd.cartapersonaj.toggle.toggle-1.ce96ab7f4c77"
"1","159230d9f324f4fd8dc19ff35df5d336895da1ba","02528c485a922bf42bc33512f7809cba","Assets/Scenes/personag/cartaPersonaj.unity","cartaPersonaj","CharacterSheetManagerScene1","Toggle","toggleData","29","29","Toggle_0001_karta/0007_deadChekBox/0003_uspih/0002_Toggle (2)","0001_karta/0007_deadChekBox/0003_uspih/0002_Toggle (2)","karta/deadChekBox/uspih/Toggle (2)","dnd.cartapersonaj.toggle.toggle-2.ab477d520ba0"
"1","159230d9f324f4fd8dc19ff35df5d336895da1ba","02528c485a922bf42bc33512f7809cba","Assets/Scenes/personag/cartaPersonaj.unity","cartaPersonaj","CharacterSheetManagerScene1","Toggle","toggleData","30","30","Toggle_0001_karta/0015_plauerInfo/0001_panelMclass/0001_Toggle","0001_karta/0015_plauerInfo/0001_panelMclass/0001_Toggle","karta/plauerInfo/panelMclass/Toggle","dnd.cartapersonaj.toggle.toggle.fb40f40e7aee"
"1","159230d9f324f4fd8dc19ff35df5d336895da1ba","02528c485a922bf42bc33512f7809cba","Assets/Scenes/personag/cartaPersonaj.unity","cartaPersonaj","CharacterSheetManagerScene1","Toggle","toggleData","31","31","Toggle_0001_karta/0020_zamitki (1)/0001_Toggle","0001_karta/0020_zamitki (1)/0001_Toggle","karta/zamitki (1)/Toggle","dnd.cartapersonaj.toggle.toggle.67f2930e0f12"
"1","159230d9f324f4fd8dc19ff35df5d336895da1ba","02528c485a922bf42bc33512f7809cba","Assets/Scenes/personag/cartaPersonaj.unity","cartaPersonaj","CharacterSheetManagerScene1","Toggle","toggleData","32","32","Toggle_0001_karta/0021_zamitki (2)/0001_Toggle","0001_karta/0021_zamitki (2)/0001_Toggle","karta/zamitki (2)/Toggle","dnd.cartapersonaj.toggle.toggle.dc28c59a7549"
"1","159230d9f324f4fd8dc19ff35df5d336895da1ba","02528c485a922bf42bc33512f7809cba","Assets/Scenes/personag/cartaPersonaj.unity","cartaPersonaj","CharacterSheetManagerScene1","Toggle","toggleData","33","33","Toggle_0001_karta/0022_zamitki (3)/0001_Toggle","0001_karta/0022_zamitki (3)/0001_Toggle","karta/zamitki (3)/Toggle","dnd.cartapersonaj.toggle.toggle.d251d8eb9f69"
"1","159230d9f324f4fd8dc19ff35df5d336895da1ba","02528c485a922bf42bc33512f7809cba","Assets/Scenes/personag/cartaPersonaj.unity","cartaPersonaj","CharacterSheetManagerScene1","Toggle","toggleData","34","34","Toggle_0001_karta/0023_zamitki (4)/0001_Toggle","0001_karta/0023_zamitki (4)/0001_Toggle","karta/zamitki (4)/Toggle","dnd.cartapersonaj.toggle.toggle.bd328dd74535"
"1","159230d9f324f4fd8dc19ff35df5d336895da1ba","02528c485a922bf42bc33512f7809cba","Assets/Scenes/personag/cartaPersonaj.unity","cartaPersonaj","CharacterSheetManagerScene1","Toggle","toggleData","35","35","Toggle_0001_karta/0027_potionsPanel/0002_Dropdown (Legacy)/0002_Template/0000_Viewport/0000_Content/0000_Item","0001_karta/0027_potionsPanel/0002_Dropdown (Legacy)/0002_Template/0000_Viewport/0000_Content/0000_Item","karta/potionsPanel/Dropdown (Legacy)/Template/Viewport/Content/Item","dnd.cartapersonaj.toggle.item.9016c3d5dad6"
"1","159230d9f324f4fd8dc19ff35df5d336895da1ba","02528c485a922bf42bc33512f7809cba","Assets/Scenes/personag/cartaPersonaj.unity","cartaPersonaj","CharacterSheetManagerScene1","Toggle","toggleData","36","36","Toggle_0001_karta/0027_potionsPanel/0003_pouhen/0000_Dropdown poition/0002_Template/0000_Viewport/0000_Content/0000_Item","0001_karta/0027_potionsPanel/0003_pouhen/0000_Dropdown poition/0002_Template/0000_Viewport/0000_Content/0000_Item","karta/potionsPanel/pouhen/Dropdown poition/Template/Viewport/Content/Item","dnd.cartapersonaj.toggle.item.661d0c8f1abf"
"1","159230d9f324f4fd8dc19ff35df5d336895da1ba","02528c485a922bf42bc33512f7809cba","Assets/Scenes/personag/cartaPersonaj.unity","cartaPersonaj","CharacterSheetManagerScene1","Toggle","toggleData","37","37","Toggle_0001_karta/0027_potionsPanel/0004_pouhen (1)/0000_Dropdown poition (1)/0002_Template/0000_Viewport/0000_Content/0000_Item","0001_karta/0027_potionsPanel/0004_pouhen (1)/0000_Dropdown poition (1)/0002_Template/0000_Viewport/0000_Content/0000_Item","karta/potionsPanel/pouhen (1)/Dropdown poition (1)/Template/Viewport/Content/Item","dnd.cartapersonaj.toggle.item.25d65eaf1f5c"
"1","159230d9f324f4fd8dc19ff35df5d336895da1ba","02528c485a922bf42bc33512f7809cba","Assets/Scenes/personag/cartaPersonaj.unity","cartaPersonaj","CharacterSheetManagerScene1","Toggle","toggleData","38","38","Toggle_0001_karta/0027_potionsPanel/0005_pouhen (2)/0000_Dropdown poition (2)/0002_Template/0000_Viewport/0000_Content/0000_Item","0001_karta/0027_potionsPanel/0005_pouhen (2)/0000_Dropdown poition (2)/0002_Template/0000_Viewport/0000_Content/0000_Item","karta/potionsPanel/pouhen (2)/Dropdown poition (2)/Template/Viewport/Content/Item","dnd.cartapersonaj.toggle.item.4b903663eb5a"
"1","159230d9f324f4fd8dc19ff35df5d336895da1ba","02528c485a922bf42bc33512f7809cba","Assets/Scenes/personag/cartaPersonaj.unity","cartaPersonaj","CharacterSheetManagerScene1","Toggle","toggleData","39","39","Toggle_0001_karta/0027_potionsPanel/0006_pouhen (3)/0000_Dropdown poition (3)/0002_Template/0000_Viewport/0000_Content/0000_Item","0001_karta/0027_potionsPanel/0006_pouhen (3)/0000_Dropdown poition (3)/0002_Template/0000_Viewport/0000_Content/0000_Item","karta/potionsPanel/pouhen (3)/Dropdown poition (3)/Template/Viewport/Content/Item","dnd.cartapersonaj.toggle.item.2d8081c7794e"
"1","159230d9f324f4fd8dc19ff35df5d336895da1ba","02528c485a922bf42bc33512f7809cba","Assets/Scenes/personag/cartaPersonaj.unity","cartaPersonaj","CharacterSheetManagerScene1","Toggle","toggleData","40","40","Toggle_0001_karta/0027_potionsPanel/0007_pouhen (4)/0000_Dropdown poition (4)/0002_Template/0000_Viewport/0000_Content/0000_Item","0001_karta/0027_potionsPanel/0007_pouhen (4)/0000_Dropdown poition (4)/0002_Template/0000_Viewport/0000_Content/0000_Item","karta/potionsPanel/pouhen (4)/Dropdown poition (4)/Template/Viewport/Content/Item","dnd.cartapersonaj.toggle.item.2685d790d6d3"
"1","159230d9f324f4fd8dc19ff35df5d336895da1ba","02528c485a922bf42bc33512f7809cba","Assets/Scenes/personag/cartaPersonaj.unity","cartaPersonaj","CharacterSheetManagerScene1","Toggle","toggleData","41","41","Toggle_0001_karta/0029_vtoma/0000_Toggle (5)","0001_karta/0029_vtoma/0000_Toggle (5)","karta/vtoma/Toggle (5)","dnd.cartapersonaj.toggle.toggle-5.f510dfd93ca8"
"1","159230d9f324f4fd8dc19ff35df5d336895da1ba","02528c485a922bf42bc33512f7809cba","Assets/Scenes/personag/cartaPersonaj.unity","cartaPersonaj","CharacterSheetManagerScene1","Toggle","toggleData","42","42","Toggle_0001_karta/0029_vtoma/0001_Toggle (4)","0001_karta/0029_vtoma/0001_Toggle (4)","karta/vtoma/Toggle (4)","dnd.cartapersonaj.toggle.toggle-4.d2802c50b5e1"
"1","159230d9f324f4fd8dc19ff35df5d336895da1ba","02528c485a922bf42bc33512f7809cba","Assets/Scenes/personag/cartaPersonaj.unity","cartaPersonaj","CharacterSheetManagerScene1","Toggle","toggleData","43","43","Toggle_0001_karta/0029_vtoma/0002_Toggle (3)","0001_karta/0029_vtoma/0002_Toggle (3)","karta/vtoma/Toggle (3)","dnd.cartapersonaj.toggle.toggle-3.285f387e4a0d"
"1","159230d9f324f4fd8dc19ff35df5d336895da1ba","02528c485a922bf42bc33512f7809cba","Assets/Scenes/personag/cartaPersonaj.unity","cartaPersonaj","CharacterSheetManagerScene1","Toggle","toggleData","44","44","Toggle_0001_karta/0029_vtoma/0003_Toggle (2)","0001_karta/0029_vtoma/0003_Toggle (2)","karta/vtoma/Toggle (2)","dnd.cartapersonaj.toggle.toggle-2.956af63e5094"
"1","159230d9f324f4fd8dc19ff35df5d336895da1ba","02528c485a922bf42bc33512f7809cba","Assets/Scenes/personag/cartaPersonaj.unity","cartaPersonaj","CharacterSheetManagerScene1","Toggle","toggleData","45","45","Toggle_0001_karta/0029_vtoma/0004_Toggle (1)","0001_karta/0029_vtoma/0004_Toggle (1)","karta/vtoma/Toggle (1)","dnd.cartapersonaj.toggle.toggle-1.3bb50c1e6bd0"
"1","159230d9f324f4fd8dc19ff35df5d336895da1ba","02528c485a922bf42bc33512f7809cba","Assets/Scenes/personag/cartaPersonaj.unity","cartaPersonaj","CharacterSheetManagerScene1","Toggle","toggleData","46","46","Toggle_0001_karta/0029_vtoma/0005_Toggle","0001_karta/0029_vtoma/0005_Toggle","karta/vtoma/Toggle","dnd.cartapersonaj.toggle.toggle.b73618eff4b9"
"1","159230d9f324f4fd8dc19ff35df5d336895da1ba","02528c485a922bf42bc33512f7809cba","Assets/Scenes/personag/cartaPersonaj.unity","cartaPersonaj","CharacterSheetManagerScene1","Toggle","toggleData","47","47","Toggle_0001_karta/0030_resursClas/0002_Panel/0003_Toggle","0001_karta/0030_resursClas/0002_Panel/0003_Toggle","karta/resursClas/Panel/Toggle","dnd.cartapersonaj.toggle.toggle.c75d926d4c83"
"1","159230d9f324f4fd8dc19ff35df5d336895da1ba","02528c485a922bf42bc33512f7809cba","Assets/Scenes/personag/cartaPersonaj.unity","cartaPersonaj","CharacterSheetManagerScene1","Toggle","toggleData","48","48","Toggle_0001_karta/0030_resursClas/0002_Panel/0004_Toggle (1)","0001_karta/0030_resursClas/0002_Panel/0004_Toggle (1)","karta/resursClas/Panel/Toggle (1)","dnd.cartapersonaj.toggle.toggle-1.0d9e28becfc8"
"1","159230d9f324f4fd8dc19ff35df5d336895da1ba","02528c485a922bf42bc33512f7809cba","Assets/Scenes/personag/cartaPersonaj.unity","cartaPersonaj","CharacterSheetManagerScene1","Toggle","toggleData","49","49","Toggle_0001_karta/0030_resursClas/0002_Panel/0005_Toggle (2)","0001_karta/0030_resursClas/0002_Panel/0005_Toggle (2)","karta/resursClas/Panel/Toggle (2)","dnd.cartapersonaj.toggle.toggle-2.cc4532bdbc62"
"1","159230d9f324f4fd8dc19ff35df5d336895da1ba","02528c485a922bf42bc33512f7809cba","Assets/Scenes/personag/cartaPersonaj.unity","cartaPersonaj","CharacterSheetManagerScene1","Toggle","toggleData","50","50","Toggle_0001_karta/0030_resursClas/0002_Panel/0006_Toggle (3)","0001_karta/0030_resursClas/0002_Panel/0006_Toggle (3)","karta/resursClas/Panel/Toggle (3)","dnd.cartapersonaj.toggle.toggle-3.d0f669a1f499"
"1","159230d9f324f4fd8dc19ff35df5d336895da1ba","02528c485a922bf42bc33512f7809cba","Assets/Scenes/personag/cartaPersonaj.unity","cartaPersonaj","CharacterSheetManagerScene1","Toggle","toggleData","51","51","Toggle_0001_karta/0030_resursClas/0002_Panel/0007_Toggle (4)","0001_karta/0030_resursClas/0002_Panel/0007_Toggle (4)","karta/resursClas/Panel/Toggle (4)","dnd.cartapersonaj.toggle.toggle-4.916daa695692"
"1","159230d9f324f4fd8dc19ff35df5d336895da1ba","02528c485a922bf42bc33512f7809cba","Assets/Scenes/personag/cartaPersonaj.unity","cartaPersonaj","CharacterSheetManagerScene1","Toggle","toggleData","52","52","Toggle_0001_karta/0030_resursClas/0002_Panel/0008_Toggle (5)","0001_karta/0030_resursClas/0002_Panel/0008_Toggle (5)","karta/resursClas/Panel/Toggle (5)","dnd.cartapersonaj.toggle.toggle-5.75d521a9fefd"
"1","159230d9f324f4fd8dc19ff35df5d336895da1ba","02528c485a922bf42bc33512f7809cba","Assets/Scenes/personag/cartaPersonaj.unity","cartaPersonaj","CharacterSheetManagerScene1","Toggle","toggleData","53","53","Toggle_0001_karta/0030_resursClas/0002_Panel/0009_Dropdown (Legacy) (2)/0002_Template/0000_Viewport/0000_Content/0000_Item","0001_karta/0030_resursClas/0002_Panel/0009_Dropdown (Legacy) (2)/0002_Template/0000_Viewport/0000_Content/0000_Item","karta/resursClas/Panel/Dropdown (Legacy) (2)/Template/Viewport/Content/Item","dnd.cartapersonaj.toggle.item.3095631e4fcb"
"1","159230d9f324f4fd8dc19ff35df5d336895da1ba","02528c485a922bf42bc33512f7809cba","Assets/Scenes/personag/cartaPersonaj.unity","cartaPersonaj","CharacterSheetManagerScene1","Toggle","toggleData","54","54","Toggle_0001_karta/0030_resursClas/0003_Panel (1)/0001_Toggle","0001_karta/0030_resursClas/0003_Panel (1)/0001_Toggle","karta/resursClas/Panel (1)/Toggle","dnd.cartapersonaj.toggle.toggle.1bf95357db13"
"1","159230d9f324f4fd8dc19ff35df5d336895da1ba","02528c485a922bf42bc33512f7809cba","Assets/Scenes/personag/cartaPersonaj.unity","cartaPersonaj","CharacterSheetManagerScene1","Toggle","toggleData","55","55","Toggle_0001_karta/0030_resursClas/0003_Panel (1)/0002_Toggle (7)","0001_karta/0030_resursClas/0003_Panel (1)/0002_Toggle (7)","karta/resursClas/Panel (1)/Toggle (7)","dnd.cartapersonaj.toggle.toggle-7.53b23b8ff890"
"1","159230d9f324f4fd8dc19ff35df5d336895da1ba","02528c485a922bf42bc33512f7809cba","Assets/Scenes/personag/cartaPersonaj.unity","cartaPersonaj","CharacterSheetManagerScene1","Toggle","toggleData","56","56","Toggle_0001_karta/0030_resursClas/0003_Panel (1)/0003_Toggle (8)","0001_karta/0030_resursClas/0003_Panel (1)/0003_Toggle (8)","karta/resursClas/Panel (1)/Toggle (8)","dnd.cartapersonaj.toggle.toggle-8.e3f2cbe20361"
"1","159230d9f324f4fd8dc19ff35df5d336895da1ba","02528c485a922bf42bc33512f7809cba","Assets/Scenes/personag/cartaPersonaj.unity","cartaPersonaj","CharacterSheetManagerScene1","Toggle","toggleData","57","57","Toggle_0001_karta/0030_resursClas/0003_Panel (1)/0004_Toggle (1)","0001_karta/0030_resursClas/0003_Panel (1)/0004_Toggle (1)","karta/resursClas/Panel (1)/Toggle (1)","dnd.cartapersonaj.toggle.toggle-1.29cbf2fb146b"
"1","159230d9f324f4fd8dc19ff35df5d336895da1ba","02528c485a922bf42bc33512f7809cba","Assets/Scenes/personag/cartaPersonaj.unity","cartaPersonaj","CharacterSheetManagerScene1","Toggle","toggleData","58","58","Toggle_0001_karta/0030_resursClas/0003_Panel (1)/0005_Toggle (2)","0001_karta/0030_resursClas/0003_Panel (1)/0005_Toggle (2)","karta/resursClas/Panel (1)/Toggle (2)","dnd.cartapersonaj.toggle.toggle-2.1c5f65f02ca8"
"1","159230d9f324f4fd8dc19ff35df5d336895da1ba","02528c485a922bf42bc33512f7809cba","Assets/Scenes/personag/cartaPersonaj.unity","cartaPersonaj","CharacterSheetManagerScene1","Toggle","toggleData","59","59","Toggle_0001_karta/0030_resursClas/0003_Panel (1)/0006_Toggle (3)","0001_karta/0030_resursClas/0003_Panel (1)/0006_Toggle (3)","karta/resursClas/Panel (1)/Toggle (3)","dnd.cartapersonaj.toggle.toggle-3.2d86ed3162e4"
"1","159230d9f324f4fd8dc19ff35df5d336895da1ba","02528c485a922bf42bc33512f7809cba","Assets/Scenes/personag/cartaPersonaj.unity","cartaPersonaj","CharacterSheetManagerScene1","Toggle","toggleData","60","60","Toggle_0001_karta/0030_resursClas/0003_Panel (1)/0007_Toggle (4)","0001_karta/0030_resursClas/0003_Panel (1)/0007_Toggle (4)","karta/resursClas/Panel (1)/Toggle (4)","dnd.cartapersonaj.toggle.toggle-4.d55fff71b4f8"
"1","159230d9f324f4fd8dc19ff35df5d336895da1ba","02528c485a922bf42bc33512f7809cba","Assets/Scenes/personag/cartaPersonaj.unity","cartaPersonaj","CharacterSheetManagerScene1","Toggle","toggleData","61","61","Toggle_0001_karta/0030_resursClas/0003_Panel (1)/0008_Toggle (5)","0001_karta/0030_resursClas/0003_Panel (1)/0008_Toggle (5)","karta/resursClas/Panel (1)/Toggle (5)","dnd.cartapersonaj.toggle.toggle-5.04136e4d468f"
"1","159230d9f324f4fd8dc19ff35df5d336895da1ba","02528c485a922bf42bc33512f7809cba","Assets/Scenes/personag/cartaPersonaj.unity","cartaPersonaj","CharacterSheetManagerScene1","Toggle","toggleData","62","62","Toggle_0001_karta/0030_resursClas/0003_Panel (1)/0009_Dropdown (Legacy) (2)/0002_Template/0000_Viewport/0000_Content/0000_Item","0001_karta/0030_resursClas/0003_Panel (1)/0009_Dropdown (Legacy) (2)/0002_Template/0000_Viewport/0000_Content/0000_Item","karta/resursClas/Panel (1)/Dropdown (Legacy) (2)/Template/Viewport/Content/Item","dnd.cartapersonaj.toggle.item.045ae9943c8b"
"1","159230d9f324f4fd8dc19ff35df5d336895da1ba","02528c485a922bf42bc33512f7809cba","Assets/Scenes/personag/cartaPersonaj.unity","cartaPersonaj","CharacterSheetManagerScene1","Toggle","toggleData","63","63","Toggle_0001_karta/0030_resursClas/0004_Panel (2)/0003_Toggle","0001_karta/0030_resursClas/0004_Panel (2)/0003_Toggle","karta/resursClas/Panel (2)/Toggle","dnd.cartapersonaj.toggle.toggle.21d09a383b44"
"1","159230d9f324f4fd8dc19ff35df5d336895da1ba","02528c485a922bf42bc33512f7809cba","Assets/Scenes/personag/cartaPersonaj.unity","cartaPersonaj","CharacterSheetManagerScene1","Toggle","toggleData","64","64","Toggle_0001_karta/0030_resursClas/0004_Panel (2)/0004_Toggle (1)","0001_karta/0030_resursClas/0004_Panel (2)/0004_Toggle (1)","karta/resursClas/Panel (2)/Toggle (1)","dnd.cartapersonaj.toggle.toggle-1.6f03ee321bd9"
"1","159230d9f324f4fd8dc19ff35df5d336895da1ba","02528c485a922bf42bc33512f7809cba","Assets/Scenes/personag/cartaPersonaj.unity","cartaPersonaj","CharacterSheetManagerScene1","Toggle","toggleData","65","65","Toggle_0001_karta/0030_resursClas/0004_Panel (2)/0005_Toggle (2)","0001_karta/0030_resursClas/0004_Panel (2)/0005_Toggle (2)","karta/resursClas/Panel (2)/Toggle (2)","dnd.cartapersonaj.toggle.toggle-2.14ff62ead117"
"1","159230d9f324f4fd8dc19ff35df5d336895da1ba","02528c485a922bf42bc33512f7809cba","Assets/Scenes/personag/cartaPersonaj.unity","cartaPersonaj","CharacterSheetManagerScene1","Toggle","toggleData","66","66","Toggle_0001_karta/0030_resursClas/0004_Panel (2)/0006_Dropdown (Legacy) (2)/0002_Template/0000_Viewport/0000_Content/0000_Item","0001_karta/0030_resursClas/0004_Panel (2)/0006_Dropdown (Legacy) (2)/0002_Template/0000_Viewport/0000_Content/0000_Item","karta/resursClas/Panel (2)/Dropdown (Legacy) (2)/Template/Viewport/Content/Item","dnd.cartapersonaj.toggle.item.9331dd0d3ffa"
"1","159230d9f324f4fd8dc19ff35df5d336895da1ba","02528c485a922bf42bc33512f7809cba","Assets/Scenes/personag/cartaPersonaj.unity","cartaPersonaj","CharacterSheetManagerScene1","Toggle","toggleData","67","67","Toggle_0001_karta/0030_resursClas/0005_Panel (3)/0001_Toggle","0001_karta/0030_resursClas/0005_Panel (3)/0001_Toggle","karta/resursClas/Panel (3)/Toggle","dnd.cartapersonaj.toggle.toggle.504b7cd1bdd4"
"1","159230d9f324f4fd8dc19ff35df5d336895da1ba","02528c485a922bf42bc33512f7809cba","Assets/Scenes/personag/cartaPersonaj.unity","cartaPersonaj","CharacterSheetManagerScene1","Toggle","toggleData","68","68","Toggle_0001_karta/0030_resursClas/0005_Panel (3)/0002_Toggle (1)","0001_karta/0030_resursClas/0005_Panel (3)/0002_Toggle (1)","karta/resursClas/Panel (3)/Toggle (1)","dnd.cartapersonaj.toggle.toggle-1.fd4c87705794"
"1","159230d9f324f4fd8dc19ff35df5d336895da1ba","02528c485a922bf42bc33512f7809cba","Assets/Scenes/personag/cartaPersonaj.unity","cartaPersonaj","CharacterSheetManagerScene1","Toggle","toggleData","69","69","Toggle_0001_karta/0030_resursClas/0005_Panel (3)/0003_Toggle (2)","0001_karta/0030_resursClas/0005_Panel (3)/0003_Toggle (2)","karta/resursClas/Panel (3)/Toggle (2)","dnd.cartapersonaj.toggle.toggle-2.f6b50e4dfc0a"
"1","159230d9f324f4fd8dc19ff35df5d336895da1ba","02528c485a922bf42bc33512f7809cba","Assets/Scenes/personag/cartaPersonaj.unity","cartaPersonaj","CharacterSheetManagerScene1","Toggle","toggleData","70","70","Toggle_0001_karta/0030_resursClas/0005_Panel (3)/0004_Toggle (3)","0001_karta/0030_resursClas/0005_Panel (3)/0004_Toggle (3)","karta/resursClas/Panel (3)/Toggle (3)","dnd.cartapersonaj.toggle.toggle-3.d50fb60bae2f"
"1","159230d9f324f4fd8dc19ff35df5d336895da1ba","02528c485a922bf42bc33512f7809cba","Assets/Scenes/personag/cartaPersonaj.unity","cartaPersonaj","CharacterSheetManagerScene1","Toggle","toggleData","71","71","Toggle_0001_karta/0030_resursClas/0005_Panel (3)/0005_Toggle (4)","0001_karta/0030_resursClas/0005_Panel (3)/0005_Toggle (4)","karta/resursClas/Panel (3)/Toggle (4)","dnd.cartapersonaj.toggle.toggle-4.38df05526524"
"1","159230d9f324f4fd8dc19ff35df5d336895da1ba","02528c485a922bf42bc33512f7809cba","Assets/Scenes/personag/cartaPersonaj.unity","cartaPersonaj","CharacterSheetManagerScene1","Toggle","toggleData","72","72","Toggle_0001_karta/0030_resursClas/0005_Panel (3)/0006_Toggle (5)","0001_karta/0030_resursClas/0005_Panel (3)/0006_Toggle (5)","karta/resursClas/Panel (3)/Toggle (5)","dnd.cartapersonaj.toggle.toggle-5.af89264a5ebc"
"1","159230d9f324f4fd8dc19ff35df5d336895da1ba","02528c485a922bf42bc33512f7809cba","Assets/Scenes/personag/cartaPersonaj.unity","cartaPersonaj","CharacterSheetManagerScene1","Toggle","toggleData","73","73","Toggle_0001_karta/0030_resursClas/0005_Panel (3)/0007_Toggle (6)","0001_karta/0030_resursClas/0005_Panel (3)/0007_Toggle (6)","karta/resursClas/Panel (3)/Toggle (6)","dnd.cartapersonaj.toggle.toggle-6.52ffa1b896a2"
"1","159230d9f324f4fd8dc19ff35df5d336895da1ba","02528c485a922bf42bc33512f7809cba","Assets/Scenes/personag/cartaPersonaj.unity","cartaPersonaj","CharacterSheetManagerScene1","Toggle","toggleData","74","74","Toggle_0001_karta/0030_resursClas/0005_Panel (3)/0008_Toggle (7)","0001_karta/0030_resursClas/0005_Panel (3)/0008_Toggle (7)","karta/resursClas/Panel (3)/Toggle (7)","dnd.cartapersonaj.toggle.toggle-7.51abcac14f33"
"1","159230d9f324f4fd8dc19ff35df5d336895da1ba","02528c485a922bf42bc33512f7809cba","Assets/Scenes/personag/cartaPersonaj.unity","cartaPersonaj","CharacterSheetManagerScene1","Toggle","toggleData","75","75","Toggle_0001_karta/0030_resursClas/0005_Panel (3)/0009_Toggle (8)","0001_karta/0030_resursClas/0005_Panel (3)/0009_Toggle (8)","karta/resursClas/Panel (3)/Toggle (8)","dnd.cartapersonaj.toggle.toggle-8.39f59931f26f"
"1","159230d9f324f4fd8dc19ff35df5d336895da1ba","02528c485a922bf42bc33512f7809cba","Assets/Scenes/personag/cartaPersonaj.unity","cartaPersonaj","CharacterSheetManagerScene1","Toggle","toggleData","76","76","Toggle_0001_karta/0030_resursClas/0005_Panel (3)/0010_Toggle (9)","0001_karta/0030_resursClas/0005_Panel (3)/0010_Toggle (9)","karta/resursClas/Panel (3)/Toggle (9)","dnd.cartapersonaj.toggle.toggle-9.f82d113e4747"
"1","159230d9f324f4fd8dc19ff35df5d336895da1ba","02528c485a922bf42bc33512f7809cba","Assets/Scenes/personag/cartaPersonaj.unity","cartaPersonaj","CharacterSheetManagerScene1","Toggle","toggleData","77","77","Toggle_0001_karta/0030_resursClas/0005_Panel (3)/0011_Toggle (10)","0001_karta/0030_resursClas/0005_Panel (3)/0011_Toggle (10)","karta/resursClas/Panel (3)/Toggle (10)","dnd.cartapersonaj.toggle.toggle-10.0ca8eca286e7"
"1","159230d9f324f4fd8dc19ff35df5d336895da1ba","02528c485a922bf42bc33512f7809cba","Assets/Scenes/personag/cartaPersonaj.unity","cartaPersonaj","CharacterSheetManagerScene1","Toggle","toggleData","78","78","Toggle_0001_karta/0030_resursClas/0005_Panel (3)/0012_Toggle (11)","0001_karta/0030_resursClas/0005_Panel (3)/0012_Toggle (11)","karta/resursClas/Panel (3)/Toggle (11)","dnd.cartapersonaj.toggle.toggle-11.1b75c6071f51"
"1","159230d9f324f4fd8dc19ff35df5d336895da1ba","02528c485a922bf42bc33512f7809cba","Assets/Scenes/personag/cartaPersonaj.unity","cartaPersonaj","CharacterSheetManagerScene1","Toggle","toggleData","79","79","Toggle_0001_karta/0030_resursClas/0005_Panel (3)/0013_Toggle (12)","0001_karta/0030_resursClas/0005_Panel (3)/0013_Toggle (12)","karta/resursClas/Panel (3)/Toggle (12)","dnd.cartapersonaj.toggle.toggle-12.f35ff6dfca7a"
"1","159230d9f324f4fd8dc19ff35df5d336895da1ba","02528c485a922bf42bc33512f7809cba","Assets/Scenes/personag/cartaPersonaj.unity","cartaPersonaj","CharacterSheetManagerScene1","Toggle","toggleData","80","80","Toggle_0001_karta/0030_resursClas/0005_Panel (3)/0014_Toggle (13)","0001_karta/0030_resursClas/0005_Panel (3)/0014_Toggle (13)","karta/resursClas/Panel (3)/Toggle (13)","dnd.cartapersonaj.toggle.toggle-13.74423dc07b05"
"1","159230d9f324f4fd8dc19ff35df5d336895da1ba","02528c485a922bf42bc33512f7809cba","Assets/Scenes/personag/cartaPersonaj.unity","cartaPersonaj","CharacterSheetManagerScene1","Toggle","toggleData","81","81","Toggle_0001_karta/0030_resursClas/0005_Panel (3)/0015_Toggle (14)","0001_karta/0030_resursClas/0005_Panel (3)/0015_Toggle (14)","karta/resursClas/Panel (3)/Toggle (14)","dnd.cartapersonaj.toggle.toggle-14.54c34d3b009f"
"1","159230d9f324f4fd8dc19ff35df5d336895da1ba","02528c485a922bf42bc33512f7809cba","Assets/Scenes/personag/cartaPersonaj.unity","cartaPersonaj","CharacterSheetManagerScene1","Toggle","toggleData","82","82","Toggle_0001_karta/0030_resursClas/0005_Panel (3)/0016_Toggle (15)","0001_karta/0030_resursClas/0005_Panel (3)/0016_Toggle (15)","karta/resursClas/Panel (3)/Toggle (15)","dnd.cartapersonaj.toggle.toggle-15.7a739b396681"
"1","159230d9f324f4fd8dc19ff35df5d336895da1ba","02528c485a922bf42bc33512f7809cba","Assets/Scenes/personag/cartaPersonaj.unity","cartaPersonaj","CharacterSheetManagerScene1","Toggle","toggleData","83","83","Toggle_0001_karta/0030_resursClas/0005_Panel (3)/0017_Toggle (16)","0001_karta/0030_resursClas/0005_Panel (3)/0017_Toggle (16)","karta/resursClas/Panel (3)/Toggle (16)","dnd.cartapersonaj.toggle.toggle-16.3d851f816acb"
"1","159230d9f324f4fd8dc19ff35df5d336895da1ba","02528c485a922bf42bc33512f7809cba","Assets/Scenes/personag/cartaPersonaj.unity","cartaPersonaj","CharacterSheetManagerScene1","Toggle","toggleData","84","84","Toggle_0001_karta/0030_resursClas/0005_Panel (3)/0018_Toggle (17)","0001_karta/0030_resursClas/0005_Panel (3)/0018_Toggle (17)","karta/resursClas/Panel (3)/Toggle (17)","dnd.cartapersonaj.toggle.toggle-17.77035f1c4f5f"
"1","159230d9f324f4fd8dc19ff35df5d336895da1ba","02528c485a922bf42bc33512f7809cba","Assets/Scenes/personag/cartaPersonaj.unity","cartaPersonaj","CharacterSheetManagerScene1","Toggle","toggleData","85","85","Toggle_0001_karta/0030_resursClas/0005_Panel (3)/0019_Toggle (18)","0001_karta/0030_resursClas/0005_Panel (3)/0019_Toggle (18)","karta/resursClas/Panel (3)/Toggle (18)","dnd.cartapersonaj.toggle.toggle-18.b053548164e7"
"1","159230d9f324f4fd8dc19ff35df5d336895da1ba","02528c485a922bf42bc33512f7809cba","Assets/Scenes/personag/cartaPersonaj.unity","cartaPersonaj","CharacterSheetManagerScene1","Toggle","toggleData","86","86","Toggle_0001_karta/0030_resursClas/0005_Panel (3)/0020_Toggle (19)","0001_karta/0030_resursClas/0005_Panel (3)/0020_Toggle (19)","karta/resursClas/Panel (3)/Toggle (19)","dnd.cartapersonaj.toggle.toggle-19.f6064748d4e1"
"1","159230d9f324f4fd8dc19ff35df5d336895da1ba","02528c485a922bf42bc33512f7809cba","Assets/Scenes/personag/cartaPersonaj.unity","cartaPersonaj","CharacterSheetManagerScene1","Toggle","toggleData","87","87","Toggle_0001_karta/0030_resursClas/0005_Panel (3)/0021_Dropdown (Legacy) (2)/0002_Template/0000_Viewport/0000_Content/0000_Item","0001_karta/0030_resursClas/0005_Panel (3)/0021_Dropdown (Legacy) (2)/0002_Template/0000_Viewport/0000_Content/0000_Item","karta/resursClas/Panel (3)/Dropdown (Legacy) (2)/Template/Viewport/Content/Item","dnd.cartapersonaj.toggle.item.48d5bc306e7f"
"1","159230d9f324f4fd8dc19ff35df5d336895da1ba","02528c485a922bf42bc33512f7809cba","Assets/Scenes/personag/cartaPersonaj.unity","cartaPersonaj","CharacterSheetManagerScene1","Toggle","toggleData","88","88","Toggle_0001_karta/0030_resursClas/0006_Panel (4)/0003_Toggle","0001_karta/0030_resursClas/0006_Panel (4)/0003_Toggle","karta/resursClas/Panel (4)/Toggle","dnd.cartapersonaj.toggle.toggle.1d1a3ede63be"
"1","159230d9f324f4fd8dc19ff35df5d336895da1ba","02528c485a922bf42bc33512f7809cba","Assets/Scenes/personag/cartaPersonaj.unity","cartaPersonaj","CharacterSheetManagerScene1","Toggle","toggleData","89","89","Toggle_0001_karta/0030_resursClas/0006_Panel (4)/0004_Toggle (1)","0001_karta/0030_resursClas/0006_Panel (4)/0004_Toggle (1)","karta/resursClas/Panel (4)/Toggle (1)","dnd.cartapersonaj.toggle.toggle-1.859bf7d8448a"
"1","159230d9f324f4fd8dc19ff35df5d336895da1ba","02528c485a922bf42bc33512f7809cba","Assets/Scenes/personag/cartaPersonaj.unity","cartaPersonaj","CharacterSheetManagerScene1","Toggle","toggleData","90","90","Toggle_0001_karta/0030_resursClas/0006_Panel (4)/0005_Toggle (2)","0001_karta/0030_resursClas/0006_Panel (4)/0005_Toggle (2)","karta/resursClas/Panel (4)/Toggle (2)","dnd.cartapersonaj.toggle.toggle-2.4fc925a21b2b"
"1","159230d9f324f4fd8dc19ff35df5d336895da1ba","02528c485a922bf42bc33512f7809cba","Assets/Scenes/personag/cartaPersonaj.unity","cartaPersonaj","CharacterSheetManagerScene1","Toggle","toggleData","91","91","Toggle_0001_karta/0030_resursClas/0006_Panel (4)/0006_Toggle (3)","0001_karta/0030_resursClas/0006_Panel (4)/0006_Toggle (3)","karta/resursClas/Panel (4)/Toggle (3)","dnd.cartapersonaj.toggle.toggle-3.3c7122bd6be3"
"1","159230d9f324f4fd8dc19ff35df5d336895da1ba","02528c485a922bf42bc33512f7809cba","Assets/Scenes/personag/cartaPersonaj.unity","cartaPersonaj","CharacterSheetManagerScene1","Toggle","toggleData","92","92","Toggle_0001_karta/0030_resursClas/0006_Panel (4)/0007_Toggle (4)","0001_karta/0030_resursClas/0006_Panel (4)/0007_Toggle (4)","karta/resursClas/Panel (4)/Toggle (4)","dnd.cartapersonaj.toggle.toggle-4.34e8e331d551"
"1","159230d9f324f4fd8dc19ff35df5d336895da1ba","02528c485a922bf42bc33512f7809cba","Assets/Scenes/personag/cartaPersonaj.unity","cartaPersonaj","CharacterSheetManagerScene1","Toggle","toggleData","93","93","Toggle_0001_karta/0030_resursClas/0006_Panel (4)/0008_Toggle (5)","0001_karta/0030_resursClas/0006_Panel (4)/0008_Toggle (5)","karta/resursClas/Panel (4)/Toggle (5)","dnd.cartapersonaj.toggle.toggle-5.227840e1e770"
"1","159230d9f324f4fd8dc19ff35df5d336895da1ba","02528c485a922bf42bc33512f7809cba","Assets/Scenes/personag/cartaPersonaj.unity","cartaPersonaj","CharacterSheetManagerScene1","Toggle","toggleData","94","94","Toggle_0001_karta/0030_resursClas/0006_Panel (4)/0009_Toggle (6)","0001_karta/0030_resursClas/0006_Panel (4)/0009_Toggle (6)","karta/resursClas/Panel (4)/Toggle (6)","dnd.cartapersonaj.toggle.toggle-6.b87227e0d4fb"
"1","159230d9f324f4fd8dc19ff35df5d336895da1ba","02528c485a922bf42bc33512f7809cba","Assets/Scenes/personag/cartaPersonaj.unity","cartaPersonaj","CharacterSheetManagerScene1","Toggle","toggleData","95","95","Toggle_0001_karta/0030_resursClas/0006_Panel (4)/0010_Toggle (7)","0001_karta/0030_resursClas/0006_Panel (4)/0010_Toggle (7)","karta/resursClas/Panel (4)/Toggle (7)","dnd.cartapersonaj.toggle.toggle-7.01d88c0416c5"
"1","159230d9f324f4fd8dc19ff35df5d336895da1ba","02528c485a922bf42bc33512f7809cba","Assets/Scenes/personag/cartaPersonaj.unity","cartaPersonaj","CharacterSheetManagerScene1","Toggle","toggleData","96","96","Toggle_0001_karta/0030_resursClas/0006_Panel (4)/0011_Toggle (8)","0001_karta/0030_resursClas/0006_Panel (4)/0011_Toggle (8)","karta/resursClas/Panel (4)/Toggle (8)","dnd.cartapersonaj.toggle.toggle-8.941e50fdffc6"
"1","159230d9f324f4fd8dc19ff35df5d336895da1ba","02528c485a922bf42bc33512f7809cba","Assets/Scenes/personag/cartaPersonaj.unity","cartaPersonaj","CharacterSheetManagerScene1","Toggle","toggleData","97","97","Toggle_0001_karta/0030_resursClas/0006_Panel (4)/0012_Toggle (9)","0001_karta/0030_resursClas/0006_Panel (4)/0012_Toggle (9)","karta/resursClas/Panel (4)/Toggle (9)","dnd.cartapersonaj.toggle.toggle-9.2e667439bf00"
"1","159230d9f324f4fd8dc19ff35df5d336895da1ba","02528c485a922bf42bc33512f7809cba","Assets/Scenes/personag/cartaPersonaj.unity","cartaPersonaj","CharacterSheetManagerScene1","Toggle","toggleData","98","98","Toggle_0001_karta/0030_resursClas/0006_Panel (4)/0013_Toggle (10)","0001_karta/0030_resursClas/0006_Panel (4)/0013_Toggle (10)","karta/resursClas/Panel (4)/Toggle (10)","dnd.cartapersonaj.toggle.toggle-10.a9a6dc75000c"
"1","159230d9f324f4fd8dc19ff35df5d336895da1ba","02528c485a922bf42bc33512f7809cba","Assets/Scenes/personag/cartaPersonaj.unity","cartaPersonaj","CharacterSheetManagerScene1","Toggle","toggleData","99","99","Toggle_0001_karta/0030_resursClas/0006_Panel (4)/0014_Toggle (11)","0001_karta/0030_resursClas/0006_Panel (4)/0014_Toggle (11)","karta/resursClas/Panel (4)/Toggle (11)","dnd.cartapersonaj.toggle.toggle-11.977e5301de4b"
"1","159230d9f324f4fd8dc19ff35df5d336895da1ba","02528c485a922bf42bc33512f7809cba","Assets/Scenes/personag/cartaPersonaj.unity","cartaPersonaj","CharacterSheetManagerScene1","Toggle","toggleData","100","100","Toggle_0001_karta/0030_resursClas/0006_Panel (4)/0015_Toggle (12)","0001_karta/0030_resursClas/0006_Panel (4)/0015_Toggle (12)","karta/resursClas/Panel (4)/Toggle (12)","dnd.cartapersonaj.toggle.toggle-12.a512e5a1e22f"
"1","159230d9f324f4fd8dc19ff35df5d336895da1ba","02528c485a922bf42bc33512f7809cba","Assets/Scenes/personag/cartaPersonaj.unity","cartaPersonaj","CharacterSheetManagerScene1","Toggle","toggleData","101","101","Toggle_0001_karta/0030_resursClas/0006_Panel (4)/0016_Toggle (13)","0001_karta/0030_resursClas/0006_Panel (4)/0016_Toggle (13)","karta/resursClas/Panel (4)/Toggle (13)","dnd.cartapersonaj.toggle.toggle-13.a3c0829d0077"
"1","159230d9f324f4fd8dc19ff35df5d336895da1ba","02528c485a922bf42bc33512f7809cba","Assets/Scenes/personag/cartaPersonaj.unity","cartaPersonaj","CharacterSheetManagerScene1","Toggle","toggleData","102","102","Toggle_0001_karta/0030_resursClas/0006_Panel (4)/0017_Toggle (14)","0001_karta/0030_resursClas/0006_Panel (4)/0017_Toggle (14)","karta/resursClas/Panel (4)/Toggle (14)","dnd.cartapersonaj.toggle.toggle-14.24ebe43957aa"
"1","159230d9f324f4fd8dc19ff35df5d336895da1ba","02528c485a922bf42bc33512f7809cba","Assets/Scenes/personag/cartaPersonaj.unity","cartaPersonaj","CharacterSheetManagerScene1","Toggle","toggleData","103","103","Toggle_0001_karta/0030_resursClas/0006_Panel (4)/0018_Toggle (15)","0001_karta/0030_resursClas/0006_Panel (4)/0018_Toggle (15)","karta/resursClas/Panel (4)/Toggle (15)","dnd.cartapersonaj.toggle.toggle-15.290e3fb7db21"
"1","159230d9f324f4fd8dc19ff35df5d336895da1ba","02528c485a922bf42bc33512f7809cba","Assets/Scenes/personag/cartaPersonaj.unity","cartaPersonaj","CharacterSheetManagerScene1","Toggle","toggleData","104","104","Toggle_0001_karta/0030_resursClas/0006_Panel (4)/0019_Toggle (16)","0001_karta/0030_resursClas/0006_Panel (4)/0019_Toggle (16)","karta/resursClas/Panel (4)/Toggle (16)","dnd.cartapersonaj.toggle.toggle-16.378102516452"
"1","159230d9f324f4fd8dc19ff35df5d336895da1ba","02528c485a922bf42bc33512f7809cba","Assets/Scenes/personag/cartaPersonaj.unity","cartaPersonaj","CharacterSheetManagerScene1","Toggle","toggleData","105","105","Toggle_0001_karta/0030_resursClas/0006_Panel (4)/0020_Toggle (17)","0001_karta/0030_resursClas/0006_Panel (4)/0020_Toggle (17)","karta/resursClas/Panel (4)/Toggle (17)","dnd.cartapersonaj.toggle.toggle-17.0da5fc4390ee"
"1","159230d9f324f4fd8dc19ff35df5d336895da1ba","02528c485a922bf42bc33512f7809cba","Assets/Scenes/personag/cartaPersonaj.unity","cartaPersonaj","CharacterSheetManagerScene1","Toggle","toggleData","106","106","Toggle_0001_karta/0030_resursClas/0006_Panel (4)/0021_Toggle (18)","0001_karta/0030_resursClas/0006_Panel (4)/0021_Toggle (18)","karta/resursClas/Panel (4)/Toggle (18)","dnd.cartapersonaj.toggle.toggle-18.0da3e2e9e287"
"1","159230d9f324f4fd8dc19ff35df5d336895da1ba","02528c485a922bf42bc33512f7809cba","Assets/Scenes/personag/cartaPersonaj.unity","cartaPersonaj","CharacterSheetManagerScene1","Toggle","toggleData","107","107","Toggle_0001_karta/0030_resursClas/0006_Panel (4)/0022_Toggle (19)","0001_karta/0030_resursClas/0006_Panel (4)/0022_Toggle (19)","karta/resursClas/Panel (4)/Toggle (19)","dnd.cartapersonaj.toggle.toggle-19.49eb73aef23f"
"1","159230d9f324f4fd8dc19ff35df5d336895da1ba","02528c485a922bf42bc33512f7809cba","Assets/Scenes/personag/cartaPersonaj.unity","cartaPersonaj","CharacterSheetManagerScene1","Toggle","toggleData","108","108","Toggle_0001_karta/0030_resursClas/0006_Panel (4)/0023_Dropdown (Legacy) (2)/0002_Template/0000_Viewport/0000_Content/0000_Item","0001_karta/0030_resursClas/0006_Panel (4)/0023_Dropdown (Legacy) (2)/0002_Template/0000_Viewport/0000_Content/0000_Item","karta/resursClas/Panel (4)/Dropdown (Legacy) (2)/Template/Viewport/Content/Item","dnd.cartapersonaj.toggle.item.4f11d18d32f9"
"1","159230d9f324f4fd8dc19ff35df5d336895da1ba","02528c485a922bf42bc33512f7809cba","Assets/Scenes/personag/cartaPersonaj.unity","cartaPersonaj","CharacterSheetManagerScene1","Toggle","toggleData","109","109","Toggle_0001_karta/0030_resursClas/0007_Panel (5)/0008_Toggle","0001_karta/0030_resursClas/0007_Panel (5)/0008_Toggle","karta/resursClas/Panel (5)/Toggle","dnd.cartapersonaj.toggle.toggle.8d56dc0966b6"
"1","159230d9f324f4fd8dc19ff35df5d336895da1ba","02528c485a922bf42bc33512f7809cba","Assets/Scenes/personag/cartaPersonaj.unity","cartaPersonaj","CharacterSheetManagerScene1","Toggle","toggleData","110","110","Toggle_0001_karta/0030_resursClas/0007_Panel (5)/0009_Toggle (7)","0001_karta/0030_resursClas/0007_Panel (5)/0009_Toggle (7)","karta/resursClas/Panel (5)/Toggle (7)","dnd.cartapersonaj.toggle.toggle-7.5de30f85267c"
"1","159230d9f324f4fd8dc19ff35df5d336895da1ba","02528c485a922bf42bc33512f7809cba","Assets/Scenes/personag/cartaPersonaj.unity","cartaPersonaj","CharacterSheetManagerScene1","Toggle","toggleData","111","111","Toggle_0001_karta/0030_resursClas/0007_Panel (5)/0010_Toggle (1)","0001_karta/0030_resursClas/0007_Panel (5)/0010_Toggle (1)","karta/resursClas/Panel (5)/Toggle (1)","dnd.cartapersonaj.toggle.toggle-1.3774f9bbb072"
"1","159230d9f324f4fd8dc19ff35df5d336895da1ba","02528c485a922bf42bc33512f7809cba","Assets/Scenes/personag/cartaPersonaj.unity","cartaPersonaj","CharacterSheetManagerScene1","Toggle","toggleData","112","112","Toggle_0001_karta/0030_resursClas/0007_Panel (5)/0011_Toggle (2)","0001_karta/0030_resursClas/0007_Panel (5)/0011_Toggle (2)","karta/resursClas/Panel (5)/Toggle (2)","dnd.cartapersonaj.toggle.toggle-2.25069fc630f8"
"1","159230d9f324f4fd8dc19ff35df5d336895da1ba","02528c485a922bf42bc33512f7809cba","Assets/Scenes/personag/cartaPersonaj.unity","cartaPersonaj","CharacterSheetManagerScene1","Toggle","toggleData","113","113","Toggle_0001_karta/0030_resursClas/0007_Panel (5)/0012_Toggle (3)","0001_karta/0030_resursClas/0007_Panel (5)/0012_Toggle (3)","karta/resursClas/Panel (5)/Toggle (3)","dnd.cartapersonaj.toggle.toggle-3.5576e36ce365"
"1","159230d9f324f4fd8dc19ff35df5d336895da1ba","02528c485a922bf42bc33512f7809cba","Assets/Scenes/personag/cartaPersonaj.unity","cartaPersonaj","CharacterSheetManagerScene1","Toggle","toggleData","114","114","Toggle_0001_karta/0030_resursClas/0007_Panel (5)/0013_Toggle (4)","0001_karta/0030_resursClas/0007_Panel (5)/0013_Toggle (4)","karta/resursClas/Panel (5)/Toggle (4)","dnd.cartapersonaj.toggle.toggle-4.dbcd73da19fe"
"1","159230d9f324f4fd8dc19ff35df5d336895da1ba","02528c485a922bf42bc33512f7809cba","Assets/Scenes/personag/cartaPersonaj.unity","cartaPersonaj","CharacterSheetManagerScene1","Toggle","toggleData","115","115","Toggle_0001_karta/0030_resursClas/0007_Panel (5)/0014_Toggle (5)","0001_karta/0030_resursClas/0007_Panel (5)/0014_Toggle (5)","karta/resursClas/Panel (5)/Toggle (5)","dnd.cartapersonaj.toggle.toggle-5.fdfd6106bd1a"
"1","159230d9f324f4fd8dc19ff35df5d336895da1ba","02528c485a922bf42bc33512f7809cba","Assets/Scenes/personag/cartaPersonaj.unity","cartaPersonaj","CharacterSheetManagerScene1","Toggle","toggleData","116","116","Toggle_0001_karta/0030_resursClas/0007_Panel (5)/0015_Toggle (8)","0001_karta/0030_resursClas/0007_Panel (5)/0015_Toggle (8)","karta/resursClas/Panel (5)/Toggle (8)","dnd.cartapersonaj.toggle.toggle-8.c13951340df5"
"1","159230d9f324f4fd8dc19ff35df5d336895da1ba","02528c485a922bf42bc33512f7809cba","Assets/Scenes/personag/cartaPersonaj.unity","cartaPersonaj","CharacterSheetManagerScene1","Toggle","toggleData","117","117","Toggle_0001_karta/0030_resursClas/0007_Panel (5)/0016_Toggle (10)","0001_karta/0030_resursClas/0007_Panel (5)/0016_Toggle (10)","karta/resursClas/Panel (5)/Toggle (10)","dnd.cartapersonaj.toggle.toggle-10.e43a1247a2ae"
"1","159230d9f324f4fd8dc19ff35df5d336895da1ba","02528c485a922bf42bc33512f7809cba","Assets/Scenes/personag/cartaPersonaj.unity","cartaPersonaj","CharacterSheetManagerScene1","Toggle","toggleData","118","118","Toggle_0001_karta/0030_resursClas/0007_Panel (5)/0017_Toggle (9)","0001_karta/0030_resursClas/0007_Panel (5)/0017_Toggle (9)","karta/resursClas/Panel (5)/Toggle (9)","dnd.cartapersonaj.toggle.toggle-9.ed3c1cde8c99"
"1","159230d9f324f4fd8dc19ff35df5d336895da1ba","02528c485a922bf42bc33512f7809cba","Assets/Scenes/personag/cartaPersonaj.unity","cartaPersonaj","CharacterSheetManagerScene1","Toggle","toggleData","119","119","Toggle_0001_karta/0030_resursClas/0007_Panel (5)/0018_Toggle (11)","0001_karta/0030_resursClas/0007_Panel (5)/0018_Toggle (11)","karta/resursClas/Panel (5)/Toggle (11)","dnd.cartapersonaj.toggle.toggle-11.2c4dcd51d2b7"
"1","159230d9f324f4fd8dc19ff35df5d336895da1ba","02528c485a922bf42bc33512f7809cba","Assets/Scenes/personag/cartaPersonaj.unity","cartaPersonaj","CharacterSheetManagerScene1","Toggle","toggleData","120","120","Toggle_0001_karta/0030_resursClas/0007_Panel (5)/0019_Dropdown (Legacy) (2)/0002_Template/0000_Viewport/0000_Content/0000_Item","0001_karta/0030_resursClas/0007_Panel (5)/0019_Dropdown (Legacy) (2)/0002_Template/0000_Viewport/0000_Content/0000_Item","karta/resursClas/Panel (5)/Dropdown (Legacy) (2)/Template/Viewport/Content/Item","dnd.cartapersonaj.toggle.item.dafee1ee41b6"
"1","159230d9f324f4fd8dc19ff35df5d336895da1ba","02528c485a922bf42bc33512f7809cba","Assets/Scenes/personag/cartaPersonaj.unity","cartaPersonaj","CharacterSheetManagerScene1","Toggle","toggleData","121","121","Toggle_0001_karta/0030_resursClas/0008_Panel (6)/0003_Toggle","0001_karta/0030_resursClas/0008_Panel (6)/0003_Toggle","karta/resursClas/Panel (6)/Toggle","dnd.cartapersonaj.toggle.toggle.919a8123b383"
"1","159230d9f324f4fd8dc19ff35df5d336895da1ba","02528c485a922bf42bc33512f7809cba","Assets/Scenes/personag/cartaPersonaj.unity","cartaPersonaj","CharacterSheetManagerScene1","Toggle","toggleData","122","122","Toggle_0001_karta/0030_resursClas/0009_Panel (7)/0003_Toggle","0001_karta/0030_resursClas/0009_Panel (7)/0003_Toggle","karta/resursClas/Panel (7)/Toggle","dnd.cartapersonaj.toggle.toggle.e8a857a6c6d0"
"1","159230d9f324f4fd8dc19ff35df5d336895da1ba","02528c485a922bf42bc33512f7809cba","Assets/Scenes/personag/cartaPersonaj.unity","cartaPersonaj","CharacterSheetManagerScene1","Toggle","toggleData","123","123","Toggle_0001_karta/0030_resursClas/0010_Panel (8)/0001_Dropdown poition/0002_Template/0000_Viewport/0000_Content/0000_Item","0001_karta/0030_resursClas/0010_Panel (8)/0001_Dropdown poition/0002_Template/0000_Viewport/0000_Content/0000_Item","karta/resursClas/Panel (8)/Dropdown poition/Template/Viewport/Content/Item","dnd.cartapersonaj.toggle.item.7648b2d82a38"
"1","159230d9f324f4fd8dc19ff35df5d336895da1ba","02528c485a922bf42bc33512f7809cba","Assets/Scenes/personag/cartaPersonaj.unity","cartaPersonaj","CharacterSheetManagerScene1","Toggle","toggleData","124","124","Toggle_0001_karta/0030_resursClas/0010_Panel (8)/0002_Toggle","0001_karta/0030_resursClas/0010_Panel (8)/0002_Toggle","karta/resursClas/Panel (8)/Toggle","dnd.cartapersonaj.toggle.toggle.1a8ebc7b2bc7"
"1","159230d9f324f4fd8dc19ff35df5d336895da1ba","02528c485a922bf42bc33512f7809cba","Assets/Scenes/personag/cartaPersonaj.unity","cartaPersonaj","CharacterSheetManagerScene1","Toggle","toggleData","125","125","Toggle_0001_karta/0030_resursClas/0010_Panel (8)/0003_Toggle (1)","0001_karta/0030_resursClas/0010_Panel (8)/0003_Toggle (1)","karta/resursClas/Panel (8)/Toggle (1)","dnd.cartapersonaj.toggle.toggle-1.545665d74e8f"
"1","159230d9f324f4fd8dc19ff35df5d336895da1ba","02528c485a922bf42bc33512f7809cba","Assets/Scenes/personag/cartaPersonaj.unity","cartaPersonaj","CharacterSheetManagerScene1","Toggle","toggleData","126","126","Toggle_0001_karta/0030_resursClas/0010_Panel (8)/0004_Toggle (2)","0001_karta/0030_resursClas/0010_Panel (8)/0004_Toggle (2)","karta/resursClas/Panel (8)/Toggle (2)","dnd.cartapersonaj.toggle.toggle-2.d52417e49c5c"
"1","159230d9f324f4fd8dc19ff35df5d336895da1ba","02528c485a922bf42bc33512f7809cba","Assets/Scenes/personag/cartaPersonaj.unity","cartaPersonaj","CharacterSheetManagerScene1","Toggle","toggleData","127","127","Toggle_0001_karta/0030_resursClas/0010_Panel (8)/0005_Toggle (3)","0001_karta/0030_resursClas/0010_Panel (8)/0005_Toggle (3)","karta/resursClas/Panel (8)/Toggle (3)","dnd.cartapersonaj.toggle.toggle-3.5d64a6aa8290"
"1","159230d9f324f4fd8dc19ff35df5d336895da1ba","02528c485a922bf42bc33512f7809cba","Assets/Scenes/personag/cartaPersonaj.unity","cartaPersonaj","CharacterSheetManagerScene1","Toggle","toggleData","128","128","Toggle_0001_karta/0030_resursClas/0010_Panel (8)/0006_Toggle (4)","0001_karta/0030_resursClas/0010_Panel (8)/0006_Toggle (4)","karta/resursClas/Panel (8)/Toggle (4)","dnd.cartapersonaj.toggle.toggle-4.601147c86eb6"
"1","159230d9f324f4fd8dc19ff35df5d336895da1ba","02528c485a922bf42bc33512f7809cba","Assets/Scenes/personag/cartaPersonaj.unity","cartaPersonaj","CharacterSheetManagerScene1","Toggle","toggleData","129","129","Toggle_0001_karta/0030_resursClas/0010_Panel (8)/0007_Toggle (5)","0001_karta/0030_resursClas/0010_Panel (8)/0007_Toggle (5)","karta/resursClas/Panel (8)/Toggle (5)","dnd.cartapersonaj.toggle.toggle-5.9c1ea58a5994"
"1","159230d9f324f4fd8dc19ff35df5d336895da1ba","02528c485a922bf42bc33512f7809cba","Assets/Scenes/personag/cartaPersonaj.unity","cartaPersonaj","CharacterSheetManagerScene1","Toggle","toggleData","130","130","Toggle_0001_karta/0030_resursClas/0010_Panel (8)/0008_Toggle (6)","0001_karta/0030_resursClas/0010_Panel (8)/0008_Toggle (6)","karta/resursClas/Panel (8)/Toggle (6)","dnd.cartapersonaj.toggle.toggle-6.38a13efaa3dd"
"1","159230d9f324f4fd8dc19ff35df5d336895da1ba","02528c485a922bf42bc33512f7809cba","Assets/Scenes/personag/cartaPersonaj.unity","cartaPersonaj","CharacterSheetManagerScene1","Toggle","toggleData","131","131","Toggle_0001_karta/0030_resursClas/0010_Panel (8)/0009_Toggle (7)","0001_karta/0030_resursClas/0010_Panel (8)/0009_Toggle (7)","karta/resursClas/Panel (8)/Toggle (7)","dnd.cartapersonaj.toggle.toggle-7.8796c0f5a556"
"1","159230d9f324f4fd8dc19ff35df5d336895da1ba","02528c485a922bf42bc33512f7809cba","Assets/Scenes/personag/cartaPersonaj.unity","cartaPersonaj","CharacterSheetManagerScene1","Toggle","toggleData","132","132","Toggle_0001_karta/0030_resursClas/0010_Panel (8)/0010_Toggle (8)","0001_karta/0030_resursClas/0010_Panel (8)/0010_Toggle (8)","karta/resursClas/Panel (8)/Toggle (8)","dnd.cartapersonaj.toggle.toggle-8.7545918b5722"
"1","159230d9f324f4fd8dc19ff35df5d336895da1ba","02528c485a922bf42bc33512f7809cba","Assets/Scenes/personag/cartaPersonaj.unity","cartaPersonaj","CharacterSheetManagerScene1","Toggle","toggleData","133","133","Toggle_0001_karta/0030_resursClas/0010_Panel (8)/0011_Toggle (9)","0001_karta/0030_resursClas/0010_Panel (8)/0011_Toggle (9)","karta/resursClas/Panel (8)/Toggle (9)","dnd.cartapersonaj.toggle.toggle-9.9623d08b9cbb"
"1","159230d9f324f4fd8dc19ff35df5d336895da1ba","02528c485a922bf42bc33512f7809cba","Assets/Scenes/personag/cartaPersonaj.unity","cartaPersonaj","CharacterSheetManagerScene1","Toggle","toggleData","134","134","Toggle_0001_karta/0030_resursClas/0010_Panel (8)/0012_Toggle (10)","0001_karta/0030_resursClas/0010_Panel (8)/0012_Toggle (10)","karta/resursClas/Panel (8)/Toggle (10)","dnd.cartapersonaj.toggle.toggle-10.5e3e19f3d959"
"1","159230d9f324f4fd8dc19ff35df5d336895da1ba","02528c485a922bf42bc33512f7809cba","Assets/Scenes/personag/cartaPersonaj.unity","cartaPersonaj","CharacterSheetManagerScene1","Toggle","toggleData","135","135","Toggle_0001_karta/0030_resursClas/0010_Panel (8)/0013_Toggle (11)","0001_karta/0030_resursClas/0010_Panel (8)/0013_Toggle (11)","karta/resursClas/Panel (8)/Toggle (11)","dnd.cartapersonaj.toggle.toggle-11.a73325a645ff"
"1","159230d9f324f4fd8dc19ff35df5d336895da1ba","02528c485a922bf42bc33512f7809cba","Assets/Scenes/personag/cartaPersonaj.unity","cartaPersonaj","CharacterSheetManagerScene1","Toggle","toggleData","136","136","Toggle_0001_karta/0030_resursClas/0010_Panel (8)/0014_Toggle (12)","0001_karta/0030_resursClas/0010_Panel (8)/0014_Toggle (12)","karta/resursClas/Panel (8)/Toggle (12)","dnd.cartapersonaj.toggle.toggle-12.9d000ee5f019"
"1","159230d9f324f4fd8dc19ff35df5d336895da1ba","02528c485a922bf42bc33512f7809cba","Assets/Scenes/personag/cartaPersonaj.unity","cartaPersonaj","CharacterSheetManagerScene1","Toggle","toggleData","137","137","Toggle_0001_karta/0030_resursClas/0010_Panel (8)/0015_Toggle (13)","0001_karta/0030_resursClas/0010_Panel (8)/0015_Toggle (13)","karta/resursClas/Panel (8)/Toggle (13)","dnd.cartapersonaj.toggle.toggle-13.c21a9e17bd2b"
"1","159230d9f324f4fd8dc19ff35df5d336895da1ba","02528c485a922bf42bc33512f7809cba","Assets/Scenes/personag/cartaPersonaj.unity","cartaPersonaj","CharacterSheetManagerScene1","Toggle","toggleData","138","138","Toggle_0001_karta/0030_resursClas/0010_Panel (8)/0016_Toggle (14)","0001_karta/0030_resursClas/0010_Panel (8)/0016_Toggle (14)","karta/resursClas/Panel (8)/Toggle (14)","dnd.cartapersonaj.toggle.toggle-14.24e194e3eaba"
"1","159230d9f324f4fd8dc19ff35df5d336895da1ba","02528c485a922bf42bc33512f7809cba","Assets/Scenes/personag/cartaPersonaj.unity","cartaPersonaj","CharacterSheetManagerScene1","Toggle","toggleData","139","139","Toggle_0001_karta/0030_resursClas/0010_Panel (8)/0017_Toggle (15)","0001_karta/0030_resursClas/0010_Panel (8)/0017_Toggle (15)","karta/resursClas/Panel (8)/Toggle (15)","dnd.cartapersonaj.toggle.toggle-15.905b450447dc"
"1","159230d9f324f4fd8dc19ff35df5d336895da1ba","02528c485a922bf42bc33512f7809cba","Assets/Scenes/personag/cartaPersonaj.unity","cartaPersonaj","CharacterSheetManagerScene1","Toggle","toggleData","140","140","Toggle_0001_karta/0030_resursClas/0010_Panel (8)/0018_Toggle (16)","0001_karta/0030_resursClas/0010_Panel (8)/0018_Toggle (16)","karta/resursClas/Panel (8)/Toggle (16)","dnd.cartapersonaj.toggle.toggle-16.b3fce8c8e093"
"1","159230d9f324f4fd8dc19ff35df5d336895da1ba","02528c485a922bf42bc33512f7809cba","Assets/Scenes/personag/cartaPersonaj.unity","cartaPersonaj","CharacterSheetManagerScene1","Toggle","toggleData","141","141","Toggle_0001_karta/0030_resursClas/0010_Panel (8)/0019_Toggle (17)","0001_karta/0030_resursClas/0010_Panel (8)/0019_Toggle (17)","karta/resursClas/Panel (8)/Toggle (17)","dnd.cartapersonaj.toggle.toggle-17.119b5dc30add"
"1","159230d9f324f4fd8dc19ff35df5d336895da1ba","02528c485a922bf42bc33512f7809cba","Assets/Scenes/personag/cartaPersonaj.unity","cartaPersonaj","CharacterSheetManagerScene1","Toggle","toggleData","142","142","Toggle_0001_karta/0030_resursClas/0010_Panel (8)/0020_Toggle (18)","0001_karta/0030_resursClas/0010_Panel (8)/0020_Toggle (18)","karta/resursClas/Panel (8)/Toggle (18)","dnd.cartapersonaj.toggle.toggle-18.d466aa0be12c"
"1","159230d9f324f4fd8dc19ff35df5d336895da1ba","02528c485a922bf42bc33512f7809cba","Assets/Scenes/personag/cartaPersonaj.unity","cartaPersonaj","CharacterSheetManagerScene1","Toggle","toggleData","143","143","Toggle_0001_karta/0030_resursClas/0010_Panel (8)/0021_Toggle (19)","0001_karta/0030_resursClas/0010_Panel (8)/0021_Toggle (19)","karta/resursClas/Panel (8)/Toggle (19)","dnd.cartapersonaj.toggle.toggle-19.5cdd8f83c50b"
"1","159230d9f324f4fd8dc19ff35df5d336895da1ba","02528c485a922bf42bc33512f7809cba","Assets/Scenes/personag/cartaPersonaj.unity","cartaPersonaj","CharacterSheetManagerScene1","Toggle","toggleData","144","144","Toggle_0001_karta/0030_resursClas/0010_Panel (8)/0022_Dropdown (Legacy) (2)/0002_Template/0000_Viewport/0000_Content/0000_Item","0001_karta/0030_resursClas/0010_Panel (8)/0022_Dropdown (Legacy) (2)/0002_Template/0000_Viewport/0000_Content/0000_Item","karta/resursClas/Panel (8)/Dropdown (Legacy) (2)/Template/Viewport/Content/Item","dnd.cartapersonaj.toggle.item.06d204aa9aba"
"1","159230d9f324f4fd8dc19ff35df5d336895da1ba","02528c485a922bf42bc33512f7809cba","Assets/Scenes/personag/cartaPersonaj.unity","cartaPersonaj","CharacterSheetManagerScene1","Toggle","toggleData","145","145","Toggle_0001_karta/0030_resursClas/0011_Dropdown (Legacy) (1)/0002_Template/0000_Viewport/0000_Content/0000_Item","0001_karta/0030_resursClas/0011_Dropdown (Legacy) (1)/0002_Template/0000_Viewport/0000_Content/0000_Item","karta/resursClas/Dropdown (Legacy) (1)/Template/Viewport/Content/Item","dnd.cartapersonaj.toggle.item.974feacd4381"
"1","159230d9f324f4fd8dc19ff35df5d336895da1ba","02528c485a922bf42bc33512f7809cba","Assets/Scenes/personag/cartaPersonaj.unity","cartaPersonaj","CharacterSheetManagerScene1","Toggle","toggleData","146","146","Toggle_0004_overLey/0002_kalPanel/0002_Panelhealp/0003_potionDropdown/0002_Template/0000_Viewport/0000_Content/0000_Item","0004_overLey/0002_kalPanel/0002_Panelhealp/0003_potionDropdown/0002_Template/0000_Viewport/0000_Content/0000_Item","overLey/kalPanel/Panelhealp/potionDropdown/Template/Viewport/Content/Item","dnd.cartapersonaj.toggle.item.8bd57cbe500d"
"1","159230d9f324f4fd8dc19ff35df5d336895da1ba","02528c485a922bf42bc33512f7809cba","Assets/Scenes/personag/cartaPersonaj.unity","cartaPersonaj","CharacterSheetManagerScene1","Dropdown","dropdownData","0","0","Dropdown_0001_karta/0027_potionsPanel/0002_Dropdown (Legacy)","0001_karta/0027_potionsPanel/0002_Dropdown (Legacy)","karta/potionsPanel/Dropdown (Legacy)","dnd.cartapersonaj.dropdown.dropdown-legacy.a4b2373dd091"
"1","159230d9f324f4fd8dc19ff35df5d336895da1ba","02528c485a922bf42bc33512f7809cba","Assets/Scenes/personag/cartaPersonaj.unity","cartaPersonaj","CharacterSheetManagerScene1","Dropdown","dropdownData","1","1","Dropdown_0001_karta/0027_potionsPanel/0003_pouhen/0000_Dropdown poition","0001_karta/0027_potionsPanel/0003_pouhen/0000_Dropdown poition","karta/potionsPanel/pouhen/Dropdown poition","dnd.cartapersonaj.dropdown.dropdown-poition.13d448007510"
"1","159230d9f324f4fd8dc19ff35df5d336895da1ba","02528c485a922bf42bc33512f7809cba","Assets/Scenes/personag/cartaPersonaj.unity","cartaPersonaj","CharacterSheetManagerScene1","Dropdown","dropdownData","2","2","Dropdown_0001_karta/0027_potionsPanel/0004_pouhen (1)/0000_Dropdown poition (1)","0001_karta/0027_potionsPanel/0004_pouhen (1)/0000_Dropdown poition (1)","karta/potionsPanel/pouhen (1)/Dropdown poition (1)","dnd.cartapersonaj.dropdown.dropdown-poition-1.3c0449d23aa7"
"1","159230d9f324f4fd8dc19ff35df5d336895da1ba","02528c485a922bf42bc33512f7809cba","Assets/Scenes/personag/cartaPersonaj.unity","cartaPersonaj","CharacterSheetManagerScene1","Dropdown","dropdownData","3","3","Dropdown_0001_karta/0027_potionsPanel/0005_pouhen (2)/0000_Dropdown poition (2)","0001_karta/0027_potionsPanel/0005_pouhen (2)/0000_Dropdown poition (2)","karta/potionsPanel/pouhen (2)/Dropdown poition (2)","dnd.cartapersonaj.dropdown.dropdown-poition-2.f8f1cec6426e"
"1","159230d9f324f4fd8dc19ff35df5d336895da1ba","02528c485a922bf42bc33512f7809cba","Assets/Scenes/personag/cartaPersonaj.unity","cartaPersonaj","CharacterSheetManagerScene1","Dropdown","dropdownData","4","4","Dropdown_0001_karta/0027_potionsPanel/0006_pouhen (3)/0000_Dropdown poition (3)","0001_karta/0027_potionsPanel/0006_pouhen (3)/0000_Dropdown poition (3)","karta/potionsPanel/pouhen (3)/Dropdown poition (3)","dnd.cartapersonaj.dropdown.dropdown-poition-3.88fa0bd6fb25"
"1","159230d9f324f4fd8dc19ff35df5d336895da1ba","02528c485a922bf42bc33512f7809cba","Assets/Scenes/personag/cartaPersonaj.unity","cartaPersonaj","CharacterSheetManagerScene1","Dropdown","dropdownData","5","5","Dropdown_0001_karta/0027_potionsPanel/0007_pouhen (4)/0000_Dropdown poition (4)","0001_karta/0027_potionsPanel/0007_pouhen (4)/0000_Dropdown poition (4)","karta/potionsPanel/pouhen (4)/Dropdown poition (4)","dnd.cartapersonaj.dropdown.dropdown-poition-4.ecef17fc3dfb"
"1","159230d9f324f4fd8dc19ff35df5d336895da1ba","02528c485a922bf42bc33512f7809cba","Assets/Scenes/personag/cartaPersonaj.unity","cartaPersonaj","CharacterSheetManagerScene1","Dropdown","dropdownData","6","6","Dropdown_0001_karta/0030_resursClas/0002_Panel/0009_Dropdown (Legacy) (2)","0001_karta/0030_resursClas/0002_Panel/0009_Dropdown (Legacy) (2)","karta/resursClas/Panel/Dropdown (Legacy) (2)","dnd.cartapersonaj.dropdown.dropdown-legacy-2.0a3575706a02"
"1","159230d9f324f4fd8dc19ff35df5d336895da1ba","02528c485a922bf42bc33512f7809cba","Assets/Scenes/personag/cartaPersonaj.unity","cartaPersonaj","CharacterSheetManagerScene1","Dropdown","dropdownData","7","7","Dropdown_0001_karta/0030_resursClas/0003_Panel (1)/0009_Dropdown (Legacy) (2)","0001_karta/0030_resursClas/0003_Panel (1)/0009_Dropdown (Legacy) (2)","karta/resursClas/Panel (1)/Dropdown (Legacy) (2)","dnd.cartapersonaj.dropdown.dropdown-legacy-2.7f26f3431c74"
"1","159230d9f324f4fd8dc19ff35df5d336895da1ba","02528c485a922bf42bc33512f7809cba","Assets/Scenes/personag/cartaPersonaj.unity","cartaPersonaj","CharacterSheetManagerScene1","Dropdown","dropdownData","8","8","Dropdown_0001_karta/0030_resursClas/0004_Panel (2)/0006_Dropdown (Legacy) (2)","0001_karta/0030_resursClas/0004_Panel (2)/0006_Dropdown (Legacy) (2)","karta/resursClas/Panel (2)/Dropdown (Legacy) (2)","dnd.cartapersonaj.dropdown.dropdown-legacy-2.85f01610cb3d"
"1","159230d9f324f4fd8dc19ff35df5d336895da1ba","02528c485a922bf42bc33512f7809cba","Assets/Scenes/personag/cartaPersonaj.unity","cartaPersonaj","CharacterSheetManagerScene1","Dropdown","dropdownData","9","9","Dropdown_0001_karta/0030_resursClas/0005_Panel (3)/0021_Dropdown (Legacy) (2)","0001_karta/0030_resursClas/0005_Panel (3)/0021_Dropdown (Legacy) (2)","karta/resursClas/Panel (3)/Dropdown (Legacy) (2)","dnd.cartapersonaj.dropdown.dropdown-legacy-2.41f3258c3293"
"1","159230d9f324f4fd8dc19ff35df5d336895da1ba","02528c485a922bf42bc33512f7809cba","Assets/Scenes/personag/cartaPersonaj.unity","cartaPersonaj","CharacterSheetManagerScene1","Dropdown","dropdownData","10","10","Dropdown_0001_karta/0030_resursClas/0006_Panel (4)/0023_Dropdown (Legacy) (2)","0001_karta/0030_resursClas/0006_Panel (4)/0023_Dropdown (Legacy) (2)","karta/resursClas/Panel (4)/Dropdown (Legacy) (2)","dnd.cartapersonaj.dropdown.dropdown-legacy-2.e00b7a9e689b"
"1","159230d9f324f4fd8dc19ff35df5d336895da1ba","02528c485a922bf42bc33512f7809cba","Assets/Scenes/personag/cartaPersonaj.unity","cartaPersonaj","CharacterSheetManagerScene1","Dropdown","dropdownData","11","11","Dropdown_0001_karta/0030_resursClas/0007_Panel (5)/0019_Dropdown (Legacy) (2)","0001_karta/0030_resursClas/0007_Panel (5)/0019_Dropdown (Legacy) (2)","karta/resursClas/Panel (5)/Dropdown (Legacy) (2)","dnd.cartapersonaj.dropdown.dropdown-legacy-2.101a7444bdf8"
"1","159230d9f324f4fd8dc19ff35df5d336895da1ba","02528c485a922bf42bc33512f7809cba","Assets/Scenes/personag/cartaPersonaj.unity","cartaPersonaj","CharacterSheetManagerScene1","Dropdown","dropdownData","12","12","Dropdown_0001_karta/0030_resursClas/0010_Panel (8)/0001_Dropdown poition","0001_karta/0030_resursClas/0010_Panel (8)/0001_Dropdown poition","karta/resursClas/Panel (8)/Dropdown poition","dnd.cartapersonaj.dropdown.dropdown-poition.05081be15cda"
"1","159230d9f324f4fd8dc19ff35df5d336895da1ba","02528c485a922bf42bc33512f7809cba","Assets/Scenes/personag/cartaPersonaj.unity","cartaPersonaj","CharacterSheetManagerScene1","Dropdown","dropdownData","13","13","Dropdown_0001_karta/0030_resursClas/0010_Panel (8)/0022_Dropdown (Legacy) (2)","0001_karta/0030_resursClas/0010_Panel (8)/0022_Dropdown (Legacy) (2)","karta/resursClas/Panel (8)/Dropdown (Legacy) (2)","dnd.cartapersonaj.dropdown.dropdown-legacy-2.0f01c87c0cb9"
"1","159230d9f324f4fd8dc19ff35df5d336895da1ba","02528c485a922bf42bc33512f7809cba","Assets/Scenes/personag/cartaPersonaj.unity","cartaPersonaj","CharacterSheetManagerScene1","Dropdown","dropdownData","14","14","Dropdown_0001_karta/0030_resursClas/0011_Dropdown (Legacy) (1)","0001_karta/0030_resursClas/0011_Dropdown (Legacy) (1)","karta/resursClas/Dropdown (Legacy) (1)","dnd.cartapersonaj.dropdown.dropdown-legacy-1.2c571c21be8b"
"1","159230d9f324f4fd8dc19ff35df5d336895da1ba","02528c485a922bf42bc33512f7809cba","Assets/Scenes/personag/cartaPersonaj.unity","cartaPersonaj","CharacterSheetManagerScene1","Dropdown","dropdownData","15","15","Dropdown_0004_overLey/0002_kalPanel/0002_Panelhealp/0003_potionDropdown","0004_overLey/0002_kalPanel/0002_Panelhealp/0003_potionDropdown","overLey/kalPanel/Panelhealp/potionDropdown","dnd.cartapersonaj.dropdown.potiondropdown.35b07ad0fa50"
"1","159230d9f324f4fd8dc19ff35df5d336895da1ba","5ed6e24fd26537f4cac2011b8bc1b8b5","Assets/Scenes/personag/petsesn.unity","petsesn","CharacterSheetManagerScene1","InputField","inputData","0","0","","0001_Dformkart/0001_magMod/0001_hitu/0000_InputField (Legacy)","Dformkart/magMod/hitu/InputField (Legacy)","dnd.petsesn.inputfield.inputfield-legacy.83a2d2f71994"
"1","159230d9f324f4fd8dc19ff35df5d336895da1ba","5ed6e24fd26537f4cac2011b8bc1b8b5","Assets/Scenes/personag/petsesn.unity","petsesn","CharacterSheetManagerScene1","InputField","inputData","1","1","","0001_Dformkart/0003_petoForma/0000_plauerInfo (1)/0002_inputPises/0000_mmpises2","Dformkart/petoForma/plauerInfo (1)/inputPises/mmpises2","dnd.petsesn.inputfield.mmpises2.3c2a0df6356a"
"1","159230d9f324f4fd8dc19ff35df5d336895da1ba","5ed6e24fd26537f4cac2011b8bc1b8b5","Assets/Scenes/personag/petsesn.unity","petsesn","CharacterSheetManagerScene1","InputField","inputData","2","2","","0001_Dformkart/0003_petoForma/0002_navichkiTaVminya (1)/0001_spasKidkiSkore/0000_InputFieldspaspaw","Dformkart/petoForma/navichkiTaVminya (1)/spasKidkiSkore/InputFieldspaspaw","dnd.petsesn.inputfield.inputfieldspaspaw.c3aa01750b04"
"1","159230d9f324f4fd8dc19ff35df5d336895da1ba","5ed6e24fd26537f4cac2011b8bc1b8b5","Assets/Scenes/personag/petsesn.unity","petsesn","CharacterSheetManagerScene1","InputField","inputData","3","3","","0001_Dformkart/0003_petoForma/0003_bmnathmud (1)/0001_bm/0001_InputField (Legacy)","Dformkart/petoForma/bmnathmud (1)/bm/InputField (Legacy)","dnd.petsesn.inputfield.inputfield-legacy.0033c71d647a"
"1","159230d9f324f4fd8dc19ff35df5d336895da1ba","5ed6e24fd26537f4cac2011b8bc1b8b5","Assets/Scenes/personag/petsesn.unity","petsesn","CharacterSheetManagerScene1","InputField","inputData","4","4","","0001_Dformkart/0003_petoForma/0003_bmnathmud (1)/0002_pasmud/0001_InputField (Legacy)","Dformkart/petoForma/bmnathmud (1)/pasmud/InputField (Legacy)","dnd.petsesn.inputfield.inputfield-legacy.f9ef2b616380"
"1","159230d9f324f4fd8dc19ff35df5d336895da1ba","5ed6e24fd26537f4cac2011b8bc1b8b5","Assets/Scenes/personag/petsesn.unity","petsesn","CharacterSheetManagerScene1","InputField","inputData","5","5","","0001_Dformkart/0003_petoForma/0003_bmnathmud (1)/0003_nathnen/0001_InputField (Legacy)","Dformkart/petoForma/bmnathmud (1)/nathnen/InputField (Legacy)","dnd.petsesn.inputfield.inputfield-legacy.62582f349b36"
"1","159230d9f324f4fd8dc19ff35df5d336895da1ba","5ed6e24fd26537f4cac2011b8bc1b8b5","Assets/Scenes/personag/petsesn.unity","petsesn","CharacterSheetManagerScene1","InputField","inputData","6","6","","0001_Dformkart/0003_petoForma/0005_kdIsniciatyv (1)/0000_Panel/0000_inicaatyv/0000_InputField (Legacy)","Dformkart/petoForma/kdIsniciatyv (1)/Panel/inicaatyv/InputField (Legacy)","dnd.petsesn.inputfield.inputfield-legacy.55dc2a68c6b3"
"1","159230d9f324f4fd8dc19ff35df5d336895da1ba","5ed6e24fd26537f4cac2011b8bc1b8b5","Assets/Scenes/personag/petsesn.unity","petsesn","CharacterSheetManagerScene1","InputField","inputData","7","7","","0001_Dformkart/0003_petoForma/0005_kdIsniciatyv (1)/0000_Panel/0001_movsped/0000_InputField (Legacy)","Dformkart/petoForma/kdIsniciatyv (1)/Panel/movsped/InputField (Legacy)","dnd.petsesn.inputfield.inputfield-legacy.91c732b37196"
"1","159230d9f324f4fd8dc19ff35df5d336895da1ba","5ed6e24fd26537f4cac2011b8bc1b8b5","Assets/Scenes/personag/petsesn.unity","petsesn","CharacterSheetManagerScene1","InputField","inputData","8","8","","0001_Dformkart/0003_petoForma/0005_kdIsniciatyv (1)/0000_Panel/0002_kd/0000_InputField (Legacy)","Dformkart/petoForma/kdIsniciatyv (1)/Panel/kd/InputField (Legacy)","dnd.petsesn.inputfield.inputfield-legacy.ea17045b7a57"
"1","159230d9f324f4fd8dc19ff35df5d336895da1ba","5ed6e24fd26537f4cac2011b8bc1b8b5","Assets/Scenes/personag/petsesn.unity","petsesn","CharacterSheetManagerScene1","InputField","inputData","9","9","","0001_Dformkart/0003_petoForma/0007_stat (1)/0001_paw/0000_InputField (Legacy)","Dformkart/petoForma/stat (1)/paw/InputField (Legacy)","dnd.petsesn.inputfield.inputfield-legacy.848e9f1bd12c"
"1","159230d9f324f4fd8dc19ff35df5d336895da1ba","5ed6e24fd26537f4cac2011b8bc1b8b5","Assets/Scenes/personag/petsesn.unity","petsesn","CharacterSheetManagerScene1","InputField","inputData","10","10","","0001_Dformkart/0003_petoForma/0007_stat (1)/0001_paw/0001_InputField (Legacy)","Dformkart/petoForma/stat (1)/paw/InputField (Legacy)","dnd.petsesn.inputfield.inputfield-legacy.4912025c1bd1"
"1","159230d9f324f4fd8dc19ff35df5d336895da1ba","5ed6e24fd26537f4cac2011b8bc1b8b5","Assets/Scenes/personag/petsesn.unity","petsesn","CharacterSheetManagerScene1","InputField","inputData","11","11","","0001_Dformkart/0003_petoForma/0007_stat (1)/0002_dex/0000_InputField (Legacy)","Dformkart/petoForma/stat (1)/dex/InputField (Legacy)","dnd.petsesn.inputfield.inputfield-legacy.e46b93d1e396"
"1","159230d9f324f4fd8dc19ff35df5d336895da1ba","5ed6e24fd26537f4cac2011b8bc1b8b5","Assets/Scenes/personag/petsesn.unity","petsesn","CharacterSheetManagerScene1","InputField","inputData","12","12","","0001_Dformkart/0003_petoForma/0007_stat (1)/0002_dex/0001_InputField (Legacy)","Dformkart/petoForma/stat (1)/dex/InputField (Legacy)","dnd.petsesn.inputfield.inputfield-legacy.aa0f819e8c50"
"1","159230d9f324f4fd8dc19ff35df5d336895da1ba","5ed6e24fd26537f4cac2011b8bc1b8b5","Assets/Scenes/personag/petsesn.unity","petsesn","CharacterSheetManagerScene1","InputField","inputData","13","13","","0001_Dformkart/0003_petoForma/0007_stat (1)/0003_const/0000_InputField (Legacy)","Dformkart/petoForma/stat (1)/const/InputField (Legacy)","dnd.petsesn.inputfield.inputfield-legacy.55f2ffee95fc"
"1","159230d9f324f4fd8dc19ff35df5d336895da1ba","5ed6e24fd26537f4cac2011b8bc1b8b5","Assets/Scenes/personag/petsesn.unity","petsesn","CharacterSheetManagerScene1","InputField","inputData","14","14","","0001_Dformkart/0003_petoForma/0007_stat (1)/0003_const/0001_InputField (Legacy)","Dformkart/petoForma/stat (1)/const/InputField (Legacy)","dnd.petsesn.inputfield.inputfield-legacy.2079d38001cf"
"1","159230d9f324f4fd8dc19ff35df5d336895da1ba","5ed6e24fd26537f4cac2011b8bc1b8b5","Assets/Scenes/personag/petsesn.unity","petsesn","CharacterSheetManagerScene1","InputField","inputData","15","15","","0001_Dformkart/0003_petoForma/0007_stat (1)/0004_intelect/0000_InputField (Legacy)","Dformkart/petoForma/stat (1)/intelect/InputField (Legacy)","dnd.petsesn.inputfield.inputfield-legacy.a46d98b222a7"
"1","159230d9f324f4fd8dc19ff35df5d336895da1ba","5ed6e24fd26537f4cac2011b8bc1b8b5","Assets/Scenes/personag/petsesn.unity","petsesn","CharacterSheetManagerScene1","InputField","inputData","16","16","","0001_Dformkart/0003_petoForma/0007_stat (1)/0004_intelect/0001_InputField (Legacy)","Dformkart/petoForma/stat (1)/intelect/InputField (Legacy)","dnd.petsesn.inputfield.inputfield-legacy.91b4e56fcd00"
"1","159230d9f324f4fd8dc19ff35df5d336895da1ba","5ed6e24fd26537f4cac2011b8bc1b8b5","Assets/Scenes/personag/petsesn.unity","petsesn","CharacterSheetManagerScene1","InputField","inputData","17","17","","0001_Dformkart/0003_petoForma/0007_stat (1)/0005_mudrost/0000_InputField (Legacy)","Dformkart/petoForma/stat (1)/mudrost/InputField (Legacy)","dnd.petsesn.inputfield.inputfield-legacy.63fa585161b9"
"1","159230d9f324f4fd8dc19ff35df5d336895da1ba","5ed6e24fd26537f4cac2011b8bc1b8b5","Assets/Scenes/personag/petsesn.unity","petsesn","CharacterSheetManagerScene1","InputField","inputData","18","18","","0001_Dformkart/0003_petoForma/0007_stat (1)/0005_mudrost/0001_InputField (Legacy)","Dformkart/petoForma/stat (1)/mudrost/InputField (Legacy)","dnd.petsesn.inputfield.inputfield-legacy.e6b3eb1a04a0"
"1","159230d9f324f4fd8dc19ff35df5d336895da1ba","5ed6e24fd26537f4cac2011b8bc1b8b5","Assets/Scenes/personag/petsesn.unity","petsesn","CharacterSheetManagerScene1","InputField","inputData","19","19","","0001_Dformkart/0003_petoForma/0007_stat (1)/0006_harizma/0000_InputField (Legacy)","Dformkart/petoForma/stat (1)/harizma/InputField (Legacy)","dnd.petsesn.inputfield.inputfield-legacy.0a7e3a846756"
"1","159230d9f324f4fd8dc19ff35df5d336895da1ba","5ed6e24fd26537f4cac2011b8bc1b8b5","Assets/Scenes/personag/petsesn.unity","petsesn","CharacterSheetManagerScene1","InputField","inputData","20","20","","0001_Dformkart/0003_petoForma/0007_stat (1)/0006_harizma/0001_InputField (Legacy)","Dformkart/petoForma/stat (1)/harizma/InputField (Legacy)","dnd.petsesn.inputfield.inputfield-legacy.2bc884a81fe3"
"1","159230d9f324f4fd8dc19ff35df5d336895da1ba","5ed6e24fd26537f4cac2011b8bc1b8b5","Assets/Scenes/personag/petsesn.unity","petsesn","CharacterSheetManagerScene1","InputField","inputData","21","21","","0001_Dformkart/0003_petoForma/0008_atackSpell (1)/0001_spasKidkiSkore/0000_atack/0000_InputFieldspaspaw","Dformkart/petoForma/atackSpell (1)/spasKidkiSkore/atack/InputFieldspaspaw","dnd.petsesn.inputfield.inputfieldspaspaw.582e53a436b7"
"1","159230d9f324f4fd8dc19ff35df5d336895da1ba","5ed6e24fd26537f4cac2011b8bc1b8b5","Assets/Scenes/personag/petsesn.unity","petsesn","CharacterSheetManagerScene1","InputField","inputData","22","22","","0001_Dformkart/0003_petoForma/0008_atackSpell (1)/0001_spasKidkiSkore/0000_atack/0001_InputFieldspaspaw (1)","Dformkart/petoForma/atackSpell (1)/spasKidkiSkore/atack/InputFieldspaspaw (1)","dnd.petsesn.inputfield.inputfieldspaspaw-1.522bd86450cf"
"1","159230d9f324f4fd8dc19ff35df5d336895da1ba","5ed6e24fd26537f4cac2011b8bc1b8b5","Assets/Scenes/personag/petsesn.unity","petsesn","CharacterSheetManagerScene1","InputField","inputData","23","23","","0001_Dformkart/0003_petoForma/0008_atackSpell (1)/0001_spasKidkiSkore/0000_atack/0002_InputFieldspaspaw (2)","Dformkart/petoForma/atackSpell (1)/spasKidkiSkore/atack/InputFieldspaspaw (2)","dnd.petsesn.inputfield.inputfieldspaspaw-2.70a911721b1a"
"1","159230d9f324f4fd8dc19ff35df5d336895da1ba","5ed6e24fd26537f4cac2011b8bc1b8b5","Assets/Scenes/personag/petsesn.unity","petsesn","CharacterSheetManagerScene1","InputField","inputData","24","24","","0001_Dformkart/0003_petoForma/0008_atackSpell (1)/0001_spasKidkiSkore/0001_atack (1)/0000_InputFieldspaspaw","Dformkart/petoForma/atackSpell (1)/spasKidkiSkore/atack (1)/InputFieldspaspaw","dnd.petsesn.inputfield.inputfieldspaspaw.e9a8d94af903"
"1","159230d9f324f4fd8dc19ff35df5d336895da1ba","5ed6e24fd26537f4cac2011b8bc1b8b5","Assets/Scenes/personag/petsesn.unity","petsesn","CharacterSheetManagerScene1","InputField","inputData","25","25","","0001_Dformkart/0003_petoForma/0008_atackSpell (1)/0001_spasKidkiSkore/0001_atack (1)/0001_InputFieldspaspaw (1)","Dformkart/petoForma/atackSpell (1)/spasKidkiSkore/atack (1)/InputFieldspaspaw (1)","dnd.petsesn.inputfield.inputfieldspaspaw-1.1ccca26cd8d3"
"1","159230d9f324f4fd8dc19ff35df5d336895da1ba","5ed6e24fd26537f4cac2011b8bc1b8b5","Assets/Scenes/personag/petsesn.unity","petsesn","CharacterSheetManagerScene1","InputField","inputData","26","26","","0001_Dformkart/0003_petoForma/0008_atackSpell (1)/0001_spasKidkiSkore/0001_atack (1)/0002_InputFieldspaspaw (2)","Dformkart/petoForma/atackSpell (1)/spasKidkiSkore/atack (1)/InputFieldspaspaw (2)","dnd.petsesn.inputfield.inputfieldspaspaw-2.ec4a9ff4cf24"
"1","159230d9f324f4fd8dc19ff35df5d336895da1ba","5ed6e24fd26537f4cac2011b8bc1b8b5","Assets/Scenes/personag/petsesn.unity","petsesn","CharacterSheetManagerScene1","InputField","inputData","27","27","","0001_Dformkart/0003_petoForma/0008_atackSpell (1)/0001_spasKidkiSkore/0002_atack (2)/0000_InputFieldspaspaw","Dformkart/petoForma/atackSpell (1)/spasKidkiSkore/atack (2)/InputFieldspaspaw","dnd.petsesn.inputfield.inputfieldspaspaw.1b8a4d738b5c"
"1","159230d9f324f4fd8dc19ff35df5d336895da1ba","5ed6e24fd26537f4cac2011b8bc1b8b5","Assets/Scenes/personag/petsesn.unity","petsesn","CharacterSheetManagerScene1","InputField","inputData","28","28","","0001_Dformkart/0003_petoForma/0008_atackSpell (1)/0001_spasKidkiSkore/0002_atack (2)/0001_InputFieldspaspaw (1)","Dformkart/petoForma/atackSpell (1)/spasKidkiSkore/atack (2)/InputFieldspaspaw (1)","dnd.petsesn.inputfield.inputfieldspaspaw-1.26bf84207d2a"
"1","159230d9f324f4fd8dc19ff35df5d336895da1ba","5ed6e24fd26537f4cac2011b8bc1b8b5","Assets/Scenes/personag/petsesn.unity","petsesn","CharacterSheetManagerScene1","InputField","inputData","29","29","","0001_Dformkart/0003_petoForma/0008_atackSpell (1)/0001_spasKidkiSkore/0002_atack (2)/0002_InputFieldspaspaw (2)","Dformkart/petoForma/atackSpell (1)/spasKidkiSkore/atack (2)/InputFieldspaspaw (2)","dnd.petsesn.inputfield.inputfieldspaspaw-2.c95b1e094877"
"1","159230d9f324f4fd8dc19ff35df5d336895da1ba","5ed6e24fd26537f4cac2011b8bc1b8b5","Assets/Scenes/personag/petsesn.unity","petsesn","CharacterSheetManagerScene1","InputField","inputData","30","30","","0001_Dformkart/0003_petoForma/0008_atackSpell (1)/0001_spasKidkiSkore/0003_InputFieldspaspaw (7)","Dformkart/petoForma/atackSpell (1)/spasKidkiSkore/InputFieldspaspaw (7)","dnd.petsesn.inputfield.inputfieldspaspaw-7.d435ab89c66d"
"1","159230d9f324f4fd8dc19ff35df5d336895da1ba","5ed6e24fd26537f4cac2011b8bc1b8b5","Assets/Scenes/personag/petsesn.unity","petsesn","CharacterSheetManagerScene1","InputField","inputData","31","31","","0001_Dformkart/0003_petoForma/0009_atackSpell (2)/0001_spasKidkiSkore/0000_atack/0000_InputFieldspaspaw","Dformkart/petoForma/atackSpell (2)/spasKidkiSkore/atack/InputFieldspaspaw","dnd.petsesn.inputfield.inputfieldspaspaw.4fad0e13955c"
"1","159230d9f324f4fd8dc19ff35df5d336895da1ba","5ed6e24fd26537f4cac2011b8bc1b8b5","Assets/Scenes/personag/petsesn.unity","petsesn","CharacterSheetManagerScene1","InputField","inputData","32","32","","0001_Dformkart/0003_petoForma/0009_atackSpell (2)/0001_spasKidkiSkore/0000_atack/0001_InputFieldspaspaw (1)","Dformkart/petoForma/atackSpell (2)/spasKidkiSkore/atack/InputFieldspaspaw (1)","dnd.petsesn.inputfield.inputfieldspaspaw-1.0d4c2eaeeeea"
"1","159230d9f324f4fd8dc19ff35df5d336895da1ba","5ed6e24fd26537f4cac2011b8bc1b8b5","Assets/Scenes/personag/petsesn.unity","petsesn","CharacterSheetManagerScene1","InputField","inputData","33","33","","0001_Dformkart/0003_petoForma/0009_atackSpell (2)/0001_spasKidkiSkore/0000_atack/0002_InputFieldspaspaw (2)","Dformkart/petoForma/atackSpell (2)/spasKidkiSkore/atack/InputFieldspaspaw (2)","dnd.petsesn.inputfield.inputfieldspaspaw-2.6039f7296d65"
"1","159230d9f324f4fd8dc19ff35df5d336895da1ba","5ed6e24fd26537f4cac2011b8bc1b8b5","Assets/Scenes/personag/petsesn.unity","petsesn","CharacterSheetManagerScene1","InputField","inputData","34","34","","0001_Dformkart/0003_petoForma/0009_atackSpell (2)/0001_spasKidkiSkore/0001_atack (1)/0000_InputFieldspaspaw","Dformkart/petoForma/atackSpell (2)/spasKidkiSkore/atack (1)/InputFieldspaspaw","dnd.petsesn.inputfield.inputfieldspaspaw.5d5ecdce783a"
"1","159230d9f324f4fd8dc19ff35df5d336895da1ba","5ed6e24fd26537f4cac2011b8bc1b8b5","Assets/Scenes/personag/petsesn.unity","petsesn","CharacterSheetManagerScene1","InputField","inputData","35","35","","0001_Dformkart/0003_petoForma/0009_atackSpell (2)/0001_spasKidkiSkore/0001_atack (1)/0001_InputFieldspaspaw (1)","Dformkart/petoForma/atackSpell (2)/spasKidkiSkore/atack (1)/InputFieldspaspaw (1)","dnd.petsesn.inputfield.inputfieldspaspaw-1.142dfd57b823"
"1","159230d9f324f4fd8dc19ff35df5d336895da1ba","5ed6e24fd26537f4cac2011b8bc1b8b5","Assets/Scenes/personag/petsesn.unity","petsesn","CharacterSheetManagerScene1","InputField","inputData","36","36","","0001_Dformkart/0003_petoForma/0009_atackSpell (2)/0001_spasKidkiSkore/0001_atack (1)/0002_InputFieldspaspaw (2)","Dformkart/petoForma/atackSpell (2)/spasKidkiSkore/atack (1)/InputFieldspaspaw (2)","dnd.petsesn.inputfield.inputfieldspaspaw-2.05f0bd8a618a"
"1","159230d9f324f4fd8dc19ff35df5d336895da1ba","5ed6e24fd26537f4cac2011b8bc1b8b5","Assets/Scenes/personag/petsesn.unity","petsesn","CharacterSheetManagerScene1","InputField","inputData","37","37","","0001_Dformkart/0003_petoForma/0009_atackSpell (2)/0001_spasKidkiSkore/0002_atack (2)/0000_InputFieldspaspaw","Dformkart/petoForma/atackSpell (2)/spasKidkiSkore/atack (2)/InputFieldspaspaw","dnd.petsesn.inputfield.inputfieldspaspaw.85ecc0c636d7"
"1","159230d9f324f4fd8dc19ff35df5d336895da1ba","5ed6e24fd26537f4cac2011b8bc1b8b5","Assets/Scenes/personag/petsesn.unity","petsesn","CharacterSheetManagerScene1","InputField","inputData","38","38","","0001_Dformkart/0003_petoForma/0009_atackSpell (2)/0001_spasKidkiSkore/0002_atack (2)/0001_InputFieldspaspaw (1)","Dformkart/petoForma/atackSpell (2)/spasKidkiSkore/atack (2)/InputFieldspaspaw (1)","dnd.petsesn.inputfield.inputfieldspaspaw-1.aede1b18923b"
"1","159230d9f324f4fd8dc19ff35df5d336895da1ba","5ed6e24fd26537f4cac2011b8bc1b8b5","Assets/Scenes/personag/petsesn.unity","petsesn","CharacterSheetManagerScene1","InputField","inputData","39","39","","0001_Dformkart/0003_petoForma/0009_atackSpell (2)/0001_spasKidkiSkore/0002_atack (2)/0002_InputFieldspaspaw (2)","Dformkart/petoForma/atackSpell (2)/spasKidkiSkore/atack (2)/InputFieldspaspaw (2)","dnd.petsesn.inputfield.inputfieldspaspaw-2.3e0ea3934461"
"1","159230d9f324f4fd8dc19ff35df5d336895da1ba","5ed6e24fd26537f4cac2011b8bc1b8b5","Assets/Scenes/personag/petsesn.unity","petsesn","CharacterSheetManagerScene1","InputField","inputData","40","40","","0001_Dformkart/0003_petoForma/0009_atackSpell (2)/0001_spasKidkiSkore/0003_InputFieldspaspaw (7)","Dformkart/petoForma/atackSpell (2)/spasKidkiSkore/InputFieldspaspaw (7)","dnd.petsesn.inputfield.inputfieldspaspaw-7.991af0791172"
"1","159230d9f324f4fd8dc19ff35df5d336895da1ba","5ed6e24fd26537f4cac2011b8bc1b8b5","Assets/Scenes/personag/petsesn.unity","petsesn","CharacterSheetManagerScene1","InputField","inputData","41","41","","0001_Dformkart/0003_petoForma/0010_zamitki (1)/0000_Panel/0000_InputFieldspaspaw","Dformkart/petoForma/zamitki (1)/Panel/InputFieldspaspaw","dnd.petsesn.inputfield.inputfieldspaspaw.ebee778eb900"
"1","159230d9f324f4fd8dc19ff35df5d336895da1ba","5ed6e24fd26537f4cac2011b8bc1b8b5","Assets/Scenes/personag/petsesn.unity","petsesn","CharacterSheetManagerScene1","InputField","inputData","42","42","","0001_Dformkart/0003_petoForma/0011_zamitki (2)/0000_Panel/0000_InputFieldspaspaw","Dformkart/petoForma/zamitki (2)/Panel/InputFieldspaspaw","dnd.petsesn.inputfield.inputfieldspaspaw.bef0c8de7e9c"
"1","159230d9f324f4fd8dc19ff35df5d336895da1ba","5ed6e24fd26537f4cac2011b8bc1b8b5","Assets/Scenes/personag/petsesn.unity","petsesn","CharacterSheetManagerScene1","InputField","inputData","43","43","","0001_Dformkart/0003_petoForma/0012_zamitki (3)/0000_Panel/0000_InputFieldspaspaw","Dformkart/petoForma/zamitki (3)/Panel/InputFieldspaspaw","dnd.petsesn.inputfield.inputfieldspaspaw.abd327192411"
"1","159230d9f324f4fd8dc19ff35df5d336895da1ba","5ed6e24fd26537f4cac2011b8bc1b8b5","Assets/Scenes/personag/petsesn.unity","petsesn","CharacterSheetManagerScene1","InputField","inputData","44","44","","0001_Dformkart/0005_spasMag Variant/0001_hitu/0000_InputField (Legacy)","Dformkart/spasMag Variant/hitu/InputField (Legacy)","dnd.petsesn.inputfield.inputfield-legacy.f895d6043266"
"1","159230d9f324f4fd8dc19ff35df5d336895da1ba","5ed6e24fd26537f4cac2011b8bc1b8b5","Assets/Scenes/personag/petsesn.unity","petsesn","CharacterSheetManagerScene1","Toggle","toggleData","0","0","Toggle_0001_Dformkart/0002_deadChekBox/0002_proval/0000_Toggle","0001_Dformkart/0002_deadChekBox/0002_proval/0000_Toggle","Dformkart/deadChekBox/proval/Toggle","dnd.petsesn.toggle.toggle.3ba06cef60e1"
"1","159230d9f324f4fd8dc19ff35df5d336895da1ba","5ed6e24fd26537f4cac2011b8bc1b8b5","Assets/Scenes/personag/petsesn.unity","petsesn","CharacterSheetManagerScene1","Toggle","toggleData","1","1","Toggle_0001_Dformkart/0002_deadChekBox/0002_proval/0001_Toggle (1)","0001_Dformkart/0002_deadChekBox/0002_proval/0001_Toggle (1)","Dformkart/deadChekBox/proval/Toggle (1)","dnd.petsesn.toggle.toggle-1.584a1332ff6a"
"1","159230d9f324f4fd8dc19ff35df5d336895da1ba","5ed6e24fd26537f4cac2011b8bc1b8b5","Assets/Scenes/personag/petsesn.unity","petsesn","CharacterSheetManagerScene1","Toggle","toggleData","2","2","Toggle_0001_Dformkart/0002_deadChekBox/0002_proval/0002_Toggle (2)","0001_Dformkart/0002_deadChekBox/0002_proval/0002_Toggle (2)","Dformkart/deadChekBox/proval/Toggle (2)","dnd.petsesn.toggle.toggle-2.919c31d5be4f"
"1","159230d9f324f4fd8dc19ff35df5d336895da1ba","5ed6e24fd26537f4cac2011b8bc1b8b5","Assets/Scenes/personag/petsesn.unity","petsesn","CharacterSheetManagerScene1","Toggle","toggleData","3","3","Toggle_0001_Dformkart/0002_deadChekBox/0003_uspih/0000_Toggle","0001_Dformkart/0002_deadChekBox/0003_uspih/0000_Toggle","Dformkart/deadChekBox/uspih/Toggle","dnd.petsesn.toggle.toggle.c661f86388a0"
"1","159230d9f324f4fd8dc19ff35df5d336895da1ba","5ed6e24fd26537f4cac2011b8bc1b8b5","Assets/Scenes/personag/petsesn.unity","petsesn","CharacterSheetManagerScene1","Toggle","toggleData","4","4","Toggle_0001_Dformkart/0002_deadChekBox/0003_uspih/0001_Toggle (1)","0001_Dformkart/0002_deadChekBox/0003_uspih/0001_Toggle (1)","Dformkart/deadChekBox/uspih/Toggle (1)","dnd.petsesn.toggle.toggle-1.c28469824674"
"1","159230d9f324f4fd8dc19ff35df5d336895da1ba","5ed6e24fd26537f4cac2011b8bc1b8b5","Assets/Scenes/personag/petsesn.unity","petsesn","CharacterSheetManagerScene1","Toggle","toggleData","5","5","Toggle_0001_Dformkart/0002_deadChekBox/0003_uspih/0002_Toggle (2)","0001_Dformkart/0002_deadChekBox/0003_uspih/0002_Toggle (2)","Dformkart/deadChekBox/uspih/Toggle (2)","dnd.petsesn.toggle.toggle-2.335dabbcdfe2"
"1","159230d9f324f4fd8dc19ff35df5d336895da1ba","5ed6e24fd26537f4cac2011b8bc1b8b5","Assets/Scenes/personag/petsesn.unity","petsesn","CharacterSheetManagerScene1","Toggle","toggleData","6","6","Toggle_0001_Dformkart/0003_petoForma/0010_zamitki (1)/0001_Toggle","0001_Dformkart/0003_petoForma/0010_zamitki (1)/0001_Toggle","Dformkart/petoForma/zamitki (1)/Toggle","dnd.petsesn.toggle.toggle.3908434a1863"
"1","159230d9f324f4fd8dc19ff35df5d336895da1ba","5ed6e24fd26537f4cac2011b8bc1b8b5","Assets/Scenes/personag/petsesn.unity","petsesn","CharacterSheetManagerScene1","Toggle","toggleData","7","7","Toggle_0001_Dformkart/0003_petoForma/0011_zamitki (2)/0001_Toggle","0001_Dformkart/0003_petoForma/0011_zamitki (2)/0001_Toggle","Dformkart/petoForma/zamitki (2)/Toggle","dnd.petsesn.toggle.toggle.4682d185706f"
"1","159230d9f324f4fd8dc19ff35df5d336895da1ba","5ed6e24fd26537f4cac2011b8bc1b8b5","Assets/Scenes/personag/petsesn.unity","petsesn","CharacterSheetManagerScene1","Toggle","toggleData","8","8","Toggle_0001_Dformkart/0003_petoForma/0012_zamitki (3)/0001_Toggle","0001_Dformkart/0003_petoForma/0012_zamitki (3)/0001_Toggle","Dformkart/petoForma/zamitki (3)/Toggle","dnd.petsesn.toggle.toggle.a7a5d404bf5a"
"1","159230d9f324f4fd8dc19ff35df5d336895da1ba","5ed6e24fd26537f4cac2011b8bc1b8b5","Assets/Scenes/personag/petsesn.unity","petsesn","CharacterSheetManagerScene1","Toggle","toggleData","9","9","Toggle_0003_DFormOverLey/0002_kalPanel/0002_Panelhealp/0003_potionDropdown/0002_Template/0000_Viewport/0000_Content/0000_Item","0003_DFormOverLey/0002_kalPanel/0002_Panelhealp/0003_potionDropdown/0002_Template/0000_Viewport/0000_Content/0000_Item","DFormOverLey/kalPanel/Panelhealp/potionDropdown/Template/Viewport/Content/Item","dnd.petsesn.toggle.item.a1ae4739465b"
"1","159230d9f324f4fd8dc19ff35df5d336895da1ba","5ed6e24fd26537f4cac2011b8bc1b8b5","Assets/Scenes/personag/petsesn.unity","petsesn","CharacterSheetManagerScene1","Dropdown","dropdownData","0","0","Dropdown_0003_DFormOverLey/0002_kalPanel/0002_Panelhealp/0003_potionDropdown","0003_DFormOverLey/0002_kalPanel/0002_Panelhealp/0003_potionDropdown","DFormOverLey/kalPanel/Panelhealp/potionDropdown","dnd.petsesn.dropdown.potiondropdown.89e8267239c7"
"1","159230d9f324f4fd8dc19ff35df5d336895da1ba","90a2dcb7dff924c4ca7f4f1be7e71541","Assets/Scenes/personag/Spels.unity","Spels","CharacterSheetManagerScene1","InputField","inputData","0","0","","0001_spels/0000_zamitki (4)/0000_Panel/0000_InputFieldspaspaw","spels/zamitki (4)/Panel/InputFieldspaspaw","dnd.spels.inputfield.inputfieldspaspaw.76a790875e04"
"1","159230d9f324f4fd8dc19ff35df5d336895da1ba","90a2dcb7dff924c4ca7f4f1be7e71541","Assets/Scenes/personag/Spels.unity","Spels","CharacterSheetManagerScene1","InputField","inputData","1","1","","0001_spels/0001_zamitki (5)/0000_Panel/0000_InputFieldspaspaw","spels/zamitki (5)/Panel/InputFieldspaspaw","dnd.spels.inputfield.inputfieldspaspaw.c3390b5b3ebd"
"1","159230d9f324f4fd8dc19ff35df5d336895da1ba","90a2dcb7dff924c4ca7f4f1be7e71541","Assets/Scenes/personag/Spels.unity","Spels","CharacterSheetManagerScene1","InputField","inputData","2","2","","0001_spels/0002_zamitki (6)/0000_Panel/0000_InputFieldspaspaw","spels/zamitki (6)/Panel/InputFieldspaspaw","dnd.spels.inputfield.inputfieldspaspaw.c9c2cf50cd93"
"1","159230d9f324f4fd8dc19ff35df5d336895da1ba","90a2dcb7dff924c4ca7f4f1be7e71541","Assets/Scenes/personag/Spels.unity","Spels","CharacterSheetManagerScene1","InputField","inputData","3","3","","0001_spels/0003_zamitki (7)/0000_Panel/0000_InputFieldspaspaw","spels/zamitki (7)/Panel/InputFieldspaspaw","dnd.spels.inputfield.inputfieldspaspaw.7a1c4d5b3b35"
"1","159230d9f324f4fd8dc19ff35df5d336895da1ba","90a2dcb7dff924c4ca7f4f1be7e71541","Assets/Scenes/personag/Spels.unity","Spels","CharacterSheetManagerScene1","InputField","inputData","4","4","","0001_spels/0004_dopPanelSpeliv/0000_Panel/0001_InputFieldspaspaw (1)","spels/dopPanelSpeliv/Panel/InputFieldspaspaw (1)","dnd.spels.inputfield.inputfieldspaspaw-1.70103decaa62"
"1","159230d9f324f4fd8dc19ff35df5d336895da1ba","90a2dcb7dff924c4ca7f4f1be7e71541","Assets/Scenes/personag/Spels.unity","Spels","CharacterSheetManagerScene1","InputField","inputData","5","5","","0001_spels/0004_dopPanelSpeliv/0000_Panel/0002_InputFieldspaspaw (2)","spels/dopPanelSpeliv/Panel/InputFieldspaspaw (2)","dnd.spels.inputfield.inputfieldspaspaw-2.f8ec60790d23"
"1","159230d9f324f4fd8dc19ff35df5d336895da1ba","90a2dcb7dff924c4ca7f4f1be7e71541","Assets/Scenes/personag/Spels.unity","Spels","CharacterSheetManagerScene1","InputField","inputData","6","6","","0001_spels/0004_dopPanelSpeliv/0000_Panel/0003_InputFieldspaspaw (3)","spels/dopPanelSpeliv/Panel/InputFieldspaspaw (3)","dnd.spels.inputfield.inputfieldspaspaw-3.a2cccd89d0c6"
"1","159230d9f324f4fd8dc19ff35df5d336895da1ba","90a2dcb7dff924c4ca7f4f1be7e71541","Assets/Scenes/personag/Spels.unity","Spels","CharacterSheetManagerScene1","InputField","inputData","7","7","","0001_spels/0004_dopPanelSpeliv/0000_Panel/0004_InputFieldspaspaw (4)","spels/dopPanelSpeliv/Panel/InputFieldspaspaw (4)","dnd.spels.inputfield.inputfieldspaspaw-4.95d77afa3e28"
"1","159230d9f324f4fd8dc19ff35df5d336895da1ba","90a2dcb7dff924c4ca7f4f1be7e71541","Assets/Scenes/personag/Spels.unity","Spels","CharacterSheetManagerScene1","InputField","inputData","8","8","","0001_spels/0004_dopPanelSpeliv/0000_Panel/0005_InputFieldspaspaw (5)","spels/dopPanelSpeliv/Panel/InputFieldspaspaw (5)","dnd.spels.inputfield.inputfieldspaspaw-5.4b2ea52bb3b7"
"1","159230d9f324f4fd8dc19ff35df5d336895da1ba","90a2dcb7dff924c4ca7f4f1be7e71541","Assets/Scenes/personag/Spels.unity","Spels","CharacterSheetManagerScene1","InputField","inputData","9","9","","0001_spels/0004_dopPanelSpeliv/0000_Panel/0006_InputFieldspaspaw (6)","spels/dopPanelSpeliv/Panel/InputFieldspaspaw (6)","dnd.spels.inputfield.inputfieldspaspaw-6.687272a3e677"
"1","159230d9f324f4fd8dc19ff35df5d336895da1ba","90a2dcb7dff924c4ca7f4f1be7e71541","Assets/Scenes/personag/Spels.unity","Spels","CharacterSheetManagerScene1","InputField","inputData","10","10","","0001_spels/0004_dopPanelSpeliv/0000_Panel/0007_InputFieldspaspaw (7)","spels/dopPanelSpeliv/Panel/InputFieldspaspaw (7)","dnd.spels.inputfield.inputfieldspaspaw-7.debf80520b73"
"1","159230d9f324f4fd8dc19ff35df5d336895da1ba","90a2dcb7dff924c4ca7f4f1be7e71541","Assets/Scenes/personag/Spels.unity","Spels","CharacterSheetManagerScene1","InputField","inputData","11","11","","0001_spels/0004_dopPanelSpeliv/0000_Panel/0008_InputFieldspaspaw (8)","spels/dopPanelSpeliv/Panel/InputFieldspaspaw (8)","dnd.spels.inputfield.inputfieldspaspaw-8.3a0d649951e6"
"1","159230d9f324f4fd8dc19ff35df5d336895da1ba","90a2dcb7dff924c4ca7f4f1be7e71541","Assets/Scenes/personag/Spels.unity","Spels","CharacterSheetManagerScene1","InputField","inputData","12","12","","0001_spels/0004_dopPanelSpeliv/0000_Panel/0009_InputFieldspaspaw (9)","spels/dopPanelSpeliv/Panel/InputFieldspaspaw (9)","dnd.spels.inputfield.inputfieldspaspaw-9.18057296345a"
"1","159230d9f324f4fd8dc19ff35df5d336895da1ba","90a2dcb7dff924c4ca7f4f1be7e71541","Assets/Scenes/personag/Spels.unity","Spels","CharacterSheetManagerScene1","InputField","inputData","13","13","","0001_spels/0004_dopPanelSpeliv/0000_Panel/0010_InputFieldspaspaw (10)","spels/dopPanelSpeliv/Panel/InputFieldspaspaw (10)","dnd.spels.inputfield.inputfieldspaspaw-10.7118d2989cea"
"1","159230d9f324f4fd8dc19ff35df5d336895da1ba","90a2dcb7dff924c4ca7f4f1be7e71541","Assets/Scenes/personag/Spels.unity","Spels","CharacterSheetManagerScene1","InputField","inputData","14","14","","0001_spels/0005_dopPanelSpeliv (1)/0000_Panel/0001_InputFieldspaspaw (1)","spels/dopPanelSpeliv (1)/Panel/InputFieldspaspaw (1)","dnd.spels.inputfield.inputfieldspaspaw-1.29a28fe6d369"
"1","159230d9f324f4fd8dc19ff35df5d336895da1ba","90a2dcb7dff924c4ca7f4f1be7e71541","Assets/Scenes/personag/Spels.unity","Spels","CharacterSheetManagerScene1","InputField","inputData","15","15","","0001_spels/0005_dopPanelSpeliv (1)/0000_Panel/0002_InputFieldspaspaw (2)","spels/dopPanelSpeliv (1)/Panel/InputFieldspaspaw (2)","dnd.spels.inputfield.inputfieldspaspaw-2.7dd5c2c3f441"
"1","159230d9f324f4fd8dc19ff35df5d336895da1ba","90a2dcb7dff924c4ca7f4f1be7e71541","Assets/Scenes/personag/Spels.unity","Spels","CharacterSheetManagerScene1","InputField","inputData","16","16","","0001_spels/0005_dopPanelSpeliv (1)/0000_Panel/0003_InputFieldspaspaw (3)","spels/dopPanelSpeliv (1)/Panel/InputFieldspaspaw (3)","dnd.spels.inputfield.inputfieldspaspaw-3.4e405f9952d0"
"1","159230d9f324f4fd8dc19ff35df5d336895da1ba","90a2dcb7dff924c4ca7f4f1be7e71541","Assets/Scenes/personag/Spels.unity","Spels","CharacterSheetManagerScene1","InputField","inputData","17","17","","0001_spels/0005_dopPanelSpeliv (1)/0000_Panel/0004_InputFieldspaspaw (4)","spels/dopPanelSpeliv (1)/Panel/InputFieldspaspaw (4)","dnd.spels.inputfield.inputfieldspaspaw-4.c6eba0255881"
"1","159230d9f324f4fd8dc19ff35df5d336895da1ba","90a2dcb7dff924c4ca7f4f1be7e71541","Assets/Scenes/personag/Spels.unity","Spels","CharacterSheetManagerScene1","InputField","inputData","18","18","","0001_spels/0005_dopPanelSpeliv (1)/0000_Panel/0005_InputFieldspaspaw (5)","spels/dopPanelSpeliv (1)/Panel/InputFieldspaspaw (5)","dnd.spels.inputfield.inputfieldspaspaw-5.191bcaa8e5bc"
"1","159230d9f324f4fd8dc19ff35df5d336895da1ba","90a2dcb7dff924c4ca7f4f1be7e71541","Assets/Scenes/personag/Spels.unity","Spels","CharacterSheetManagerScene1","InputField","inputData","19","19","","0001_spels/0005_dopPanelSpeliv (1)/0000_Panel/0006_InputFieldspaspaw (6)","spels/dopPanelSpeliv (1)/Panel/InputFieldspaspaw (6)","dnd.spels.inputfield.inputfieldspaspaw-6.f6af10e0079d"
"1","159230d9f324f4fd8dc19ff35df5d336895da1ba","90a2dcb7dff924c4ca7f4f1be7e71541","Assets/Scenes/personag/Spels.unity","Spels","CharacterSheetManagerScene1","InputField","inputData","20","20","","0001_spels/0005_dopPanelSpeliv (1)/0000_Panel/0007_InputFieldspaspaw (7)","spels/dopPanelSpeliv (1)/Panel/InputFieldspaspaw (7)","dnd.spels.inputfield.inputfieldspaspaw-7.6dbf8bb35b93"
"1","159230d9f324f4fd8dc19ff35df5d336895da1ba","90a2dcb7dff924c4ca7f4f1be7e71541","Assets/Scenes/personag/Spels.unity","Spels","CharacterSheetManagerScene1","InputField","inputData","21","21","","0001_spels/0005_dopPanelSpeliv (1)/0000_Panel/0008_InputFieldspaspaw (8)","spels/dopPanelSpeliv (1)/Panel/InputFieldspaspaw (8)","dnd.spels.inputfield.inputfieldspaspaw-8.bdcb090c16a8"
"1","159230d9f324f4fd8dc19ff35df5d336895da1ba","90a2dcb7dff924c4ca7f4f1be7e71541","Assets/Scenes/personag/Spels.unity","Spels","CharacterSheetManagerScene1","InputField","inputData","22","22","","0001_spels/0005_dopPanelSpeliv (1)/0000_Panel/0009_InputFieldspaspaw (9)","spels/dopPanelSpeliv (1)/Panel/InputFieldspaspaw (9)","dnd.spels.inputfield.inputfieldspaspaw-9.ccad5a0c00b4"
"1","159230d9f324f4fd8dc19ff35df5d336895da1ba","90a2dcb7dff924c4ca7f4f1be7e71541","Assets/Scenes/personag/Spels.unity","Spels","CharacterSheetManagerScene1","InputField","inputData","23","23","","0001_spels/0005_dopPanelSpeliv (1)/0000_Panel/0010_InputFieldspaspaw (10)","spels/dopPanelSpeliv (1)/Panel/InputFieldspaspaw (10)","dnd.spels.inputfield.inputfieldspaspaw-10.8d3bfc8772a7"
"1","159230d9f324f4fd8dc19ff35df5d336895da1ba","90a2dcb7dff924c4ca7f4f1be7e71541","Assets/Scenes/personag/Spels.unity","Spels","CharacterSheetManagerScene1","InputField","inputData","24","24","","0001_spels/0009_magMod/0001_hitu/0000_InputField (Legacy)","spels/magMod/hitu/InputField (Legacy)","dnd.spels.inputfield.inputfield-legacy.7f8190968347"
"1","159230d9f324f4fd8dc19ff35df5d336895da1ba","90a2dcb7dff924c4ca7f4f1be7e71541","Assets/Scenes/personag/Spels.unity","Spels","CharacterSheetManagerScene1","InputField","inputData","25","25","","0001_spels/0010_slogSpas/0001_hitu/0000_InputField (Legacy)","spels/slogSpas/hitu/InputField (Legacy)","dnd.spels.inputfield.inputfield-legacy.8753a5ac0f05"
"1","159230d9f324f4fd8dc19ff35df5d336895da1ba","90a2dcb7dff924c4ca7f4f1be7e71541","Assets/Scenes/personag/Spels.unity","Spels","CharacterSheetManagerScene1","InputField","inputData","26","26","","0001_spels/0012_artefactsNavuk/0001_spasKidkiSkore/0000_InputFieldspaspaw","spels/artefactsNavuk/spasKidkiSkore/InputFieldspaspaw","dnd.spels.inputfield.inputfieldspaspaw.a61036edc67c"
"1","159230d9f324f4fd8dc19ff35df5d336895da1ba","90a2dcb7dff924c4ca7f4f1be7e71541","Assets/Scenes/personag/Spels.unity","Spels","CharacterSheetManagerScene1","InputField","inputData","27","27","","0001_spels/0012_artefactsNavuk/0001_spasKidkiSkore/0001_InputFieldspaspaw (1)","spels/artefactsNavuk/spasKidkiSkore/InputFieldspaspaw (1)","dnd.spels.inputfield.inputfieldspaspaw-1.c2afd1aeb590"
"1","159230d9f324f4fd8dc19ff35df5d336895da1ba","90a2dcb7dff924c4ca7f4f1be7e71541","Assets/Scenes/personag/Spels.unity","Spels","CharacterSheetManagerScene1","InputField","inputData","28","28","","0001_spels/0012_artefactsNavuk/0001_spasKidkiSkore/0002_InputFieldspaspaw (2)","spels/artefactsNavuk/spasKidkiSkore/InputFieldspaspaw (2)","dnd.spels.inputfield.inputfieldspaspaw-2.98f93b2d4696"
"1","159230d9f324f4fd8dc19ff35df5d336895da1ba","90a2dcb7dff924c4ca7f4f1be7e71541","Assets/Scenes/personag/Spels.unity","Spels","CharacterSheetManagerScene1","InputField","inputData","29","29","","0001_spels/0012_artefactsNavuk/0001_spasKidkiSkore/0003_InputFieldspaspaw (3)","spels/artefactsNavuk/spasKidkiSkore/InputFieldspaspaw (3)","dnd.spels.inputfield.inputfieldspaspaw-3.9d745c07a24f"
"1","159230d9f324f4fd8dc19ff35df5d336895da1ba","90a2dcb7dff924c4ca7f4f1be7e71541","Assets/Scenes/personag/Spels.unity","Spels","CharacterSheetManagerScene1","InputField","inputData","30","30","","0001_spels/0012_artefactsNavuk/0001_spasKidkiSkore/0004_InputFieldspaspaw (4)","spels/artefactsNavuk/spasKidkiSkore/InputFieldspaspaw (4)","dnd.spels.inputfield.inputfieldspaspaw-4.9b4288ca146b"
"1","159230d9f324f4fd8dc19ff35df5d336895da1ba","90a2dcb7dff924c4ca7f4f1be7e71541","Assets/Scenes/personag/Spels.unity","Spels","CharacterSheetManagerScene1","InputField","inputData","31","31","","0001_spels/0012_artefactsNavuk/0001_spasKidkiSkore/0005_InputFieldspaspaw (5)","spels/artefactsNavuk/spasKidkiSkore/InputFieldspaspaw (5)","dnd.spels.inputfield.inputfieldspaspaw-5.a92a11ab62d1"
"1","159230d9f324f4fd8dc19ff35df5d336895da1ba","90a2dcb7dff924c4ca7f4f1be7e71541","Assets/Scenes/personag/Spels.unity","Spels","CharacterSheetManagerScene1","InputField","inputData","32","32","","0001_spels/0012_artefactsNavuk/0001_spasKidkiSkore/0006_InputFieldspaspaw (6)","spels/artefactsNavuk/spasKidkiSkore/InputFieldspaspaw (6)","dnd.spels.inputfield.inputfieldspaspaw-6.12b5f8700950"
"1","159230d9f324f4fd8dc19ff35df5d336895da1ba","90a2dcb7dff924c4ca7f4f1be7e71541","Assets/Scenes/personag/Spels.unity","Spels","CharacterSheetManagerScene1","InputField","inputData","33","33","","0001_spels/0012_artefactsNavuk/0001_spasKidkiSkore/0007_InputFieldspaspaw (7)","spels/artefactsNavuk/spasKidkiSkore/InputFieldspaspaw (7)","dnd.spels.inputfield.inputfieldspaspaw-7.d48414cd90f7"
"1","159230d9f324f4fd8dc19ff35df5d336895da1ba","90a2dcb7dff924c4ca7f4f1be7e71541","Assets/Scenes/personag/Spels.unity","Spels","CharacterSheetManagerScene1","InputField","inputData","34","34","","0001_spels/0013_infuzList/0002_tonggle/0001_InputFieldspaspaw","spels/infuzList/tonggle/InputFieldspaspaw","dnd.spels.inputfield.inputfieldspaspaw.643e9d34d96e"
"1","159230d9f324f4fd8dc19ff35df5d336895da1ba","90a2dcb7dff924c4ca7f4f1be7e71541","Assets/Scenes/personag/Spels.unity","Spels","CharacterSheetManagerScene1","InputField","inputData","35","35","","0001_spels/0013_infuzList/0003_tonggle (1)/0001_InputFieldspaspaw (1)","spels/infuzList/tonggle (1)/InputFieldspaspaw (1)","dnd.spels.inputfield.inputfieldspaspaw-1.54c0c446f8a2"
"1","159230d9f324f4fd8dc19ff35df5d336895da1ba","90a2dcb7dff924c4ca7f4f1be7e71541","Assets/Scenes/personag/Spels.unity","Spels","CharacterSheetManagerScene1","InputField","inputData","36","36","","0001_spels/0013_infuzList/0004_tonggle (2)/0001_InputFieldspaspaw (2)","spels/infuzList/tonggle (2)/InputFieldspaspaw (2)","dnd.spels.inputfield.inputfieldspaspaw-2.f090032f969d"
"1","159230d9f324f4fd8dc19ff35df5d336895da1ba","90a2dcb7dff924c4ca7f4f1be7e71541","Assets/Scenes/personag/Spels.unity","Spels","CharacterSheetManagerScene1","InputField","inputData","37","37","","0001_spels/0013_infuzList/0005_tonggle (3)/0001_InputFieldspaspaw (3)","spels/infuzList/tonggle (3)/InputFieldspaspaw (3)","dnd.spels.inputfield.inputfieldspaspaw-3.0b1585ab902b"
"1","159230d9f324f4fd8dc19ff35df5d336895da1ba","90a2dcb7dff924c4ca7f4f1be7e71541","Assets/Scenes/personag/Spels.unity","Spels","CharacterSheetManagerScene1","InputField","inputData","38","38","","0001_spels/0013_infuzList/0006_tonggle (4)/0001_InputFieldspaspaw (4)","spels/infuzList/tonggle (4)/InputFieldspaspaw (4)","dnd.spels.inputfield.inputfieldspaspaw-4.be5f9a26fbe7"
"1","159230d9f324f4fd8dc19ff35df5d336895da1ba","90a2dcb7dff924c4ca7f4f1be7e71541","Assets/Scenes/personag/Spels.unity","Spels","CharacterSheetManagerScene1","InputField","inputData","39","39","","0001_spels/0013_infuzList/0007_tonggle (5)/0001_InputFieldspaspaw (5)","spels/infuzList/tonggle (5)/InputFieldspaspaw (5)","dnd.spels.inputfield.inputfieldspaspaw-5.79c69a9a80bc"
"1","159230d9f324f4fd8dc19ff35df5d336895da1ba","90a2dcb7dff924c4ca7f4f1be7e71541","Assets/Scenes/personag/Spels.unity","Spels","CharacterSheetManagerScene1","InputField","inputData","40","40","","0001_spels/0013_infuzList/0008_tonggle (6)/0001_InputFieldspaspaw (6)","spels/infuzList/tonggle (6)/InputFieldspaspaw (6)","dnd.spels.inputfield.inputfieldspaspaw-6.466b4d88c8f1"
"1","159230d9f324f4fd8dc19ff35df5d336895da1ba","90a2dcb7dff924c4ca7f4f1be7e71541","Assets/Scenes/personag/Spels.unity","Spels","CharacterSheetManagerScene1","InputField","inputData","41","41","","0001_spels/0013_infuzList/0009_tonggle (7)/0001_InputFieldspaspaw (7)","spels/infuzList/tonggle (7)/InputFieldspaspaw (7)","dnd.spels.inputfield.inputfieldspaspaw-7.af088e6cb459"
"1","159230d9f324f4fd8dc19ff35df5d336895da1ba","90a2dcb7dff924c4ca7f4f1be7e71541","Assets/Scenes/personag/Spels.unity","Spels","CharacterSheetManagerScene1","InputField","inputData","42","42","","0001_spels/0013_infuzList/0010_tonggle (8)/0001_InputFieldspaspaw (8)","spels/infuzList/tonggle (8)/InputFieldspaspaw (8)","dnd.spels.inputfield.inputfieldspaspaw-8.9f2e6859992d"
"1","159230d9f324f4fd8dc19ff35df5d336895da1ba","90a2dcb7dff924c4ca7f4f1be7e71541","Assets/Scenes/personag/Spels.unity","Spels","CharacterSheetManagerScene1","InputField","inputData","43","43","","0001_spels/0013_infuzList/0011_tonggle (9)/0001_InputFieldspaspaw (9)","spels/infuzList/tonggle (9)/InputFieldspaspaw (9)","dnd.spels.inputfield.inputfieldspaspaw-9.583834862a92"
"1","159230d9f324f4fd8dc19ff35df5d336895da1ba","90a2dcb7dff924c4ca7f4f1be7e71541","Assets/Scenes/personag/Spels.unity","Spels","CharacterSheetManagerScene1","InputField","inputData","44","44","","0001_spels/0013_infuzList/0012_tonggle (10)/0001_InputFieldspaspaw (10)","spels/infuzList/tonggle (10)/InputFieldspaspaw (10)","dnd.spels.inputfield.inputfieldspaspaw-10.ff0607544d44"
"1","159230d9f324f4fd8dc19ff35df5d336895da1ba","90a2dcb7dff924c4ca7f4f1be7e71541","Assets/Scenes/personag/Spels.unity","Spels","CharacterSheetManagerScene1","InputField","inputData","45","45","","0001_spels/0013_infuzList/0013_tonggle (11)/0001_InputFieldspaspaw (11)","spels/infuzList/tonggle (11)/InputFieldspaspaw (11)","dnd.spels.inputfield.inputfieldspaspaw-11.87dc9bec0741"
"1","159230d9f324f4fd8dc19ff35df5d336895da1ba","90a2dcb7dff924c4ca7f4f1be7e71541","Assets/Scenes/personag/Spels.unity","Spels","CharacterSheetManagerScene1","InputField","inputData","46","46","","0001_spels/0014_infuzList (1)/0002_tonggle/0001_InputFieldspaspaw","spels/infuzList (1)/tonggle/InputFieldspaspaw","dnd.spels.inputfield.inputfieldspaspaw.65785ab086c8"
"1","159230d9f324f4fd8dc19ff35df5d336895da1ba","90a2dcb7dff924c4ca7f4f1be7e71541","Assets/Scenes/personag/Spels.unity","Spels","CharacterSheetManagerScene1","InputField","inputData","47","47","","0001_spels/0014_infuzList (1)/0003_tonggle (1)/0001_InputFieldspaspaw (1)","spels/infuzList (1)/tonggle (1)/InputFieldspaspaw (1)","dnd.spels.inputfield.inputfieldspaspaw-1.3f00363803ec"
"1","159230d9f324f4fd8dc19ff35df5d336895da1ba","90a2dcb7dff924c4ca7f4f1be7e71541","Assets/Scenes/personag/Spels.unity","Spels","CharacterSheetManagerScene1","InputField","inputData","48","48","","0001_spels/0014_infuzList (1)/0004_tonggle (2)/0001_InputFieldspaspaw (2)","spels/infuzList (1)/tonggle (2)/InputFieldspaspaw (2)","dnd.spels.inputfield.inputfieldspaspaw-2.ca39f047c0d6"
"1","159230d9f324f4fd8dc19ff35df5d336895da1ba","90a2dcb7dff924c4ca7f4f1be7e71541","Assets/Scenes/personag/Spels.unity","Spels","CharacterSheetManagerScene1","InputField","inputData","49","49","","0001_spels/0014_infuzList (1)/0005_tonggle (3)/0001_InputFieldspaspaw (3)","spels/infuzList (1)/tonggle (3)/InputFieldspaspaw (3)","dnd.spels.inputfield.inputfieldspaspaw-3.58c9e82e59eb"
"1","159230d9f324f4fd8dc19ff35df5d336895da1ba","90a2dcb7dff924c4ca7f4f1be7e71541","Assets/Scenes/personag/Spels.unity","Spels","CharacterSheetManagerScene1","InputField","inputData","50","50","","0001_spels/0014_infuzList (1)/0006_tonggle (4)/0001_InputFieldspaspaw (4)","spels/infuzList (1)/tonggle (4)/InputFieldspaspaw (4)","dnd.spels.inputfield.inputfieldspaspaw-4.db6481f1a9f4"
"1","159230d9f324f4fd8dc19ff35df5d336895da1ba","90a2dcb7dff924c4ca7f4f1be7e71541","Assets/Scenes/personag/Spels.unity","Spels","CharacterSheetManagerScene1","InputField","inputData","51","51","","0001_spels/0014_infuzList (1)/0007_tonggle (5)/0001_InputFieldspaspaw (5)","spels/infuzList (1)/tonggle (5)/InputFieldspaspaw (5)","dnd.spels.inputfield.inputfieldspaspaw-5.614c5af766eb"
"1","159230d9f324f4fd8dc19ff35df5d336895da1ba","90a2dcb7dff924c4ca7f4f1be7e71541","Assets/Scenes/personag/Spels.unity","Spels","CharacterSheetManagerScene1","InputField","inputData","52","52","","0001_spels/0014_infuzList (1)/0008_tonggle (6)/0001_InputFieldspaspaw (6)","spels/infuzList (1)/tonggle (6)/InputFieldspaspaw (6)","dnd.spels.inputfield.inputfieldspaspaw-6.056b256e6431"
"1","159230d9f324f4fd8dc19ff35df5d336895da1ba","90a2dcb7dff924c4ca7f4f1be7e71541","Assets/Scenes/personag/Spels.unity","Spels","CharacterSheetManagerScene1","InputField","inputData","53","53","","0001_spels/0014_infuzList (1)/0009_tonggle (7)/0001_InputFieldspaspaw (7)","spels/infuzList (1)/tonggle (7)/InputFieldspaspaw (7)","dnd.spels.inputfield.inputfieldspaspaw-7.16a1b906270e"
"1","159230d9f324f4fd8dc19ff35df5d336895da1ba","90a2dcb7dff924c4ca7f4f1be7e71541","Assets/Scenes/personag/Spels.unity","Spels","CharacterSheetManagerScene1","InputField","inputData","54","54","","0001_spels/0015_pidgotovkaSpel/0001_spasKidkiSkore/0000_InputFieldspaspaw","spels/pidgotovkaSpel/spasKidkiSkore/InputFieldspaspaw","dnd.spels.inputfield.inputfieldspaspaw.0fa236106019"
"1","159230d9f324f4fd8dc19ff35df5d336895da1ba","90a2dcb7dff924c4ca7f4f1be7e71541","Assets/Scenes/personag/Spels.unity","Spels","CharacterSheetManagerScene1","InputField","inputData","55","55","","0001_spels/0015_pidgotovkaSpel/0001_spasKidkiSkore/0001_InputFieldspaspaw (1)","spels/pidgotovkaSpel/spasKidkiSkore/InputFieldspaspaw (1)","dnd.spels.inputfield.inputfieldspaspaw-1.8e4397372e2e"
"1","159230d9f324f4fd8dc19ff35df5d336895da1ba","90a2dcb7dff924c4ca7f4f1be7e71541","Assets/Scenes/personag/Spels.unity","Spels","CharacterSheetManagerScene1","InputField","inputData","56","56","","0001_spels/0015_pidgotovkaSpel/0001_spasKidkiSkore/0002_InputFieldspaspaw (2)","spels/pidgotovkaSpel/spasKidkiSkore/InputFieldspaspaw (2)","dnd.spels.inputfield.inputfieldspaspaw-2.e7b4efa266a8"
"1","159230d9f324f4fd8dc19ff35df5d336895da1ba","90a2dcb7dff924c4ca7f4f1be7e71541","Assets/Scenes/personag/Spels.unity","Spels","CharacterSheetManagerScene1","InputField","inputData","57","57","","0001_spels/0015_pidgotovkaSpel/0001_spasKidkiSkore/0003_InputFieldspaspaw (3)","spels/pidgotovkaSpel/spasKidkiSkore/InputFieldspaspaw (3)","dnd.spels.inputfield.inputfieldspaspaw-3.eef0341a2a35"
"1","159230d9f324f4fd8dc19ff35df5d336895da1ba","90a2dcb7dff924c4ca7f4f1be7e71541","Assets/Scenes/personag/Spels.unity","Spels","CharacterSheetManagerScene1","InputField","inputData","58","58","","0001_spels/0015_pidgotovkaSpel/0001_spasKidkiSkore/0004_InputFieldspaspaw (4)","spels/pidgotovkaSpel/spasKidkiSkore/InputFieldspaspaw (4)","dnd.spels.inputfield.inputfieldspaspaw-4.abdd9dd1762e"
"1","159230d9f324f4fd8dc19ff35df5d336895da1ba","90a2dcb7dff924c4ca7f4f1be7e71541","Assets/Scenes/personag/Spels.unity","Spels","CharacterSheetManagerScene1","InputField","inputData","59","59","","0001_spels/0015_pidgotovkaSpel/0001_spasKidkiSkore/0005_InputFieldspaspaw (5)","spels/pidgotovkaSpel/spasKidkiSkore/InputFieldspaspaw (5)","dnd.spels.inputfield.inputfieldspaspaw-5.16f526ec74a2"
"1","159230d9f324f4fd8dc19ff35df5d336895da1ba","90a2dcb7dff924c4ca7f4f1be7e71541","Assets/Scenes/personag/Spels.unity","Spels","CharacterSheetManagerScene1","InputField","inputData","60","60","","0001_spels/0015_pidgotovkaSpel/0001_spasKidkiSkore/0006_InputFieldspaspaw (6)","spels/pidgotovkaSpel/spasKidkiSkore/InputFieldspaspaw (6)","dnd.spels.inputfield.inputfieldspaspaw-6.c3cdd4959c90"
"1","159230d9f324f4fd8dc19ff35df5d336895da1ba","90a2dcb7dff924c4ca7f4f1be7e71541","Assets/Scenes/personag/Spels.unity","Spels","CharacterSheetManagerScene1","InputField","inputData","61","61","","0001_spels/0015_pidgotovkaSpel/0001_spasKidkiSkore/0007_InputFieldspaspaw (7)","spels/pidgotovkaSpel/spasKidkiSkore/InputFieldspaspaw (7)","dnd.spels.inputfield.inputfieldspaspaw-7.9dc070ba6d80"
"1","159230d9f324f4fd8dc19ff35df5d336895da1ba","90a2dcb7dff924c4ca7f4f1be7e71541","Assets/Scenes/personag/Spels.unity","Spels","CharacterSheetManagerScene1","InputField","inputData","62","62","","0001_spels/0015_pidgotovkaSpel/0001_spasKidkiSkore/0008_InputFieldspaspaw (8)","spels/pidgotovkaSpel/spasKidkiSkore/InputFieldspaspaw (8)","dnd.spels.inputfield.inputfieldspaspaw-8.47637fc53786"
"1","159230d9f324f4fd8dc19ff35df5d336895da1ba","90a2dcb7dff924c4ca7f4f1be7e71541","Assets/Scenes/personag/Spels.unity","Spels","CharacterSheetManagerScene1","InputField","inputData","63","63","","0001_spels/0015_pidgotovkaSpel/0001_spasKidkiSkore/0009_InputFieldspaspaw (9)","spels/pidgotovkaSpel/spasKidkiSkore/InputFieldspaspaw (9)","dnd.spels.inputfield.inputfieldspaspaw-9.aba8687d9da7"
"1","159230d9f324f4fd8dc19ff35df5d336895da1ba","90a2dcb7dff924c4ca7f4f1be7e71541","Assets/Scenes/personag/Spels.unity","Spels","CharacterSheetManagerScene1","InputField","inputData","64","64","","0001_spels/0015_pidgotovkaSpel/0001_spasKidkiSkore/0010_InputFieldspaspaw (10)","spels/pidgotovkaSpel/spasKidkiSkore/InputFieldspaspaw (10)","dnd.spels.inputfield.inputfieldspaspaw-10.de54531d6fc0"
"1","159230d9f324f4fd8dc19ff35df5d336895da1ba","90a2dcb7dff924c4ca7f4f1be7e71541","Assets/Scenes/personag/Spels.unity","Spels","CharacterSheetManagerScene1","InputField","inputData","65","65","","0001_spels/0015_pidgotovkaSpel/0001_spasKidkiSkore/0011_InputFieldspaspaw (20)","spels/pidgotovkaSpel/spasKidkiSkore/InputFieldspaspaw (20)","dnd.spels.inputfield.inputfieldspaspaw-20.8a57093b8b90"
"1","159230d9f324f4fd8dc19ff35df5d336895da1ba","90a2dcb7dff924c4ca7f4f1be7e71541","Assets/Scenes/personag/Spels.unity","Spels","CharacterSheetManagerScene1","InputField","inputData","66","66","","0001_spels/0015_pidgotovkaSpel/0001_spasKidkiSkore/0012_InputFieldspaspaw (12)","spels/pidgotovkaSpel/spasKidkiSkore/InputFieldspaspaw (12)","dnd.spels.inputfield.inputfieldspaspaw-12.1ab0968b09fa"
"1","159230d9f324f4fd8dc19ff35df5d336895da1ba","90a2dcb7dff924c4ca7f4f1be7e71541","Assets/Scenes/personag/Spels.unity","Spels","CharacterSheetManagerScene1","InputField","inputData","67","67","","0001_spels/0015_pidgotovkaSpel/0001_spasKidkiSkore/0013_InputFieldspaspaw (24)","spels/pidgotovkaSpel/spasKidkiSkore/InputFieldspaspaw (24)","dnd.spels.inputfield.inputfieldspaspaw-24.b805d06cdae9"
"1","159230d9f324f4fd8dc19ff35df5d336895da1ba","90a2dcb7dff924c4ca7f4f1be7e71541","Assets/Scenes/personag/Spels.unity","Spels","CharacterSheetManagerScene1","InputField","inputData","68","68","","0001_spels/0015_pidgotovkaSpel/0001_spasKidkiSkore/0014_InputFieldspaspaw (13)","spels/pidgotovkaSpel/spasKidkiSkore/InputFieldspaspaw (13)","dnd.spels.inputfield.inputfieldspaspaw-13.17e7f5407b2f"
"1","159230d9f324f4fd8dc19ff35df5d336895da1ba","90a2dcb7dff924c4ca7f4f1be7e71541","Assets/Scenes/personag/Spels.unity","Spels","CharacterSheetManagerScene1","InputField","inputData","69","69","","0001_spels/0015_pidgotovkaSpel/0001_spasKidkiSkore/0015_InputFieldspaspaw (21)","spels/pidgotovkaSpel/spasKidkiSkore/InputFieldspaspaw (21)","dnd.spels.inputfield.inputfieldspaspaw-21.127b2fef6c62"
"1","159230d9f324f4fd8dc19ff35df5d336895da1ba","90a2dcb7dff924c4ca7f4f1be7e71541","Assets/Scenes/personag/Spels.unity","Spels","CharacterSheetManagerScene1","InputField","inputData","70","70","","0001_spels/0015_pidgotovkaSpel/0001_spasKidkiSkore/0016_InputFieldspaspaw (14)","spels/pidgotovkaSpel/spasKidkiSkore/InputFieldspaspaw (14)","dnd.spels.inputfield.inputfieldspaspaw-14.c1f5d04ac91f"
"1","159230d9f324f4fd8dc19ff35df5d336895da1ba","90a2dcb7dff924c4ca7f4f1be7e71541","Assets/Scenes/personag/Spels.unity","Spels","CharacterSheetManagerScene1","InputField","inputData","71","71","","0001_spels/0015_pidgotovkaSpel/0001_spasKidkiSkore/0017_InputFieldspaspaw (25)","spels/pidgotovkaSpel/spasKidkiSkore/InputFieldspaspaw (25)","dnd.spels.inputfield.inputfieldspaspaw-25.981ac22ded92"
"1","159230d9f324f4fd8dc19ff35df5d336895da1ba","90a2dcb7dff924c4ca7f4f1be7e71541","Assets/Scenes/personag/Spels.unity","Spels","CharacterSheetManagerScene1","InputField","inputData","72","72","","0001_spels/0015_pidgotovkaSpel/0001_spasKidkiSkore/0018_InputFieldspaspaw (15)","spels/pidgotovkaSpel/spasKidkiSkore/InputFieldspaspaw (15)","dnd.spels.inputfield.inputfieldspaspaw-15.9e970399e597"
"1","159230d9f324f4fd8dc19ff35df5d336895da1ba","90a2dcb7dff924c4ca7f4f1be7e71541","Assets/Scenes/personag/Spels.unity","Spels","CharacterSheetManagerScene1","InputField","inputData","73","73","","0001_spels/0015_pidgotovkaSpel/0001_spasKidkiSkore/0019_InputFieldspaspaw (22)","spels/pidgotovkaSpel/spasKidkiSkore/InputFieldspaspaw (22)","dnd.spels.inputfield.inputfieldspaspaw-22.6dbf28b86cde"
"1","159230d9f324f4fd8dc19ff35df5d336895da1ba","90a2dcb7dff924c4ca7f4f1be7e71541","Assets/Scenes/personag/Spels.unity","Spels","CharacterSheetManagerScene1","InputField","inputData","74","74","","0001_spels/0015_pidgotovkaSpel/0001_spasKidkiSkore/0020_InputFieldspaspaw (16)","spels/pidgotovkaSpel/spasKidkiSkore/InputFieldspaspaw (16)","dnd.spels.inputfield.inputfieldspaspaw-16.62592bc6126c"
"1","159230d9f324f4fd8dc19ff35df5d336895da1ba","90a2dcb7dff924c4ca7f4f1be7e71541","Assets/Scenes/personag/Spels.unity","Spels","CharacterSheetManagerScene1","InputField","inputData","75","75","","0001_spels/0015_pidgotovkaSpel/0001_spasKidkiSkore/0021_InputFieldspaspaw (23)","spels/pidgotovkaSpel/spasKidkiSkore/InputFieldspaspaw (23)","dnd.spels.inputfield.inputfieldspaspaw-23.935c634e5622"
"1","159230d9f324f4fd8dc19ff35df5d336895da1ba","90a2dcb7dff924c4ca7f4f1be7e71541","Assets/Scenes/personag/Spels.unity","Spels","CharacterSheetManagerScene1","InputField","inputData","76","76","","0001_spels/0015_pidgotovkaSpel/0001_spasKidkiSkore/0022_InputFieldspaspaw (17)","spels/pidgotovkaSpel/spasKidkiSkore/InputFieldspaspaw (17)","dnd.spels.inputfield.inputfieldspaspaw-17.6713491c4ce7"
"1","159230d9f324f4fd8dc19ff35df5d336895da1ba","90a2dcb7dff924c4ca7f4f1be7e71541","Assets/Scenes/personag/Spels.unity","Spels","CharacterSheetManagerScene1","InputField","inputData","77","77","","0001_spels/0015_pidgotovkaSpel/0001_spasKidkiSkore/0023_InputFieldspaspaw (26)","spels/pidgotovkaSpel/spasKidkiSkore/InputFieldspaspaw (26)","dnd.spels.inputfield.inputfieldspaspaw-26.76bae764d2e7"
"1","159230d9f324f4fd8dc19ff35df5d336895da1ba","90a2dcb7dff924c4ca7f4f1be7e71541","Assets/Scenes/personag/Spels.unity","Spels","CharacterSheetManagerScene1","InputField","inputData","78","78","","0001_spels/0015_pidgotovkaSpel/0001_spasKidkiSkore/0024_InputFieldspaspaw (18)","spels/pidgotovkaSpel/spasKidkiSkore/InputFieldspaspaw (18)","dnd.spels.inputfield.inputfieldspaspaw-18.df0ef4867959"
"1","159230d9f324f4fd8dc19ff35df5d336895da1ba","90a2dcb7dff924c4ca7f4f1be7e71541","Assets/Scenes/personag/Spels.unity","Spels","CharacterSheetManagerScene1","InputField","inputData","79","79","","0001_spels/0015_pidgotovkaSpel/0001_spasKidkiSkore/0025_InputFieldspaspaw (27)","spels/pidgotovkaSpel/spasKidkiSkore/InputFieldspaspaw (27)","dnd.spels.inputfield.inputfieldspaspaw-27.ccc00bf0d171"
"1","159230d9f324f4fd8dc19ff35df5d336895da1ba","90a2dcb7dff924c4ca7f4f1be7e71541","Assets/Scenes/personag/Spels.unity","Spels","CharacterSheetManagerScene1","InputField","inputData","80","80","","0001_spels/0015_pidgotovkaSpel/0001_spasKidkiSkore/0026_InputFieldspaspaw (19)","spels/pidgotovkaSpel/spasKidkiSkore/InputFieldspaspaw (19)","dnd.spels.inputfield.inputfieldspaspaw-19.20edad07d9e4"
"1","159230d9f324f4fd8dc19ff35df5d336895da1ba","90a2dcb7dff924c4ca7f4f1be7e71541","Assets/Scenes/personag/Spels.unity","Spels","CharacterSheetManagerScene1","InputField","inputData","81","81","","0001_spels/0015_pidgotovkaSpel/0001_spasKidkiSkore/0027_InputFieldspaspaw (28)","spels/pidgotovkaSpel/spasKidkiSkore/InputFieldspaspaw (28)","dnd.spels.inputfield.inputfieldspaspaw-28.ea6965cc7fc9"
"1","159230d9f324f4fd8dc19ff35df5d336895da1ba","90a2dcb7dff924c4ca7f4f1be7e71541","Assets/Scenes/personag/Spels.unity","Spels","CharacterSheetManagerScene1","InputField","inputData","82","82","","0001_spels/0015_pidgotovkaSpel/0001_spasKidkiSkore/0028_InputFieldspaspaw (11)","spels/pidgotovkaSpel/spasKidkiSkore/InputFieldspaspaw (11)","dnd.spels.inputfield.inputfieldspaspaw-11.2431842fcfdf"
"1","159230d9f324f4fd8dc19ff35df5d336895da1ba","90a2dcb7dff924c4ca7f4f1be7e71541","Assets/Scenes/personag/Spels.unity","Spels","CharacterSheetManagerScene1","InputField","inputData","83","83","","0001_spels/0015_pidgotovkaSpel/0001_spasKidkiSkore/0029_InputFieldspaspaw (29)","spels/pidgotovkaSpel/spasKidkiSkore/InputFieldspaspaw (29)","dnd.spels.inputfield.inputfieldspaspaw-29.1d421769275b"
"1","159230d9f324f4fd8dc19ff35df5d336895da1ba","90a2dcb7dff924c4ca7f4f1be7e71541","Assets/Scenes/personag/Spels.unity","Spels","CharacterSheetManagerScene1","InputField","inputData","84","84","","0001_spels/0017_artefactInfuz/0001_spasKidkiSkore/0000_InputFieldspaspaw","spels/artefactInfuz/spasKidkiSkore/InputFieldspaspaw","dnd.spels.inputfield.inputfieldspaspaw.5b8f7ae6bf3d"
"1","159230d9f324f4fd8dc19ff35df5d336895da1ba","90a2dcb7dff924c4ca7f4f1be7e71541","Assets/Scenes/personag/Spels.unity","Spels","CharacterSheetManagerScene1","InputField","inputData","85","85","","0001_spels/0017_artefactInfuz/0001_spasKidkiSkore/0001_InputFieldspaspaw (1)","spels/artefactInfuz/spasKidkiSkore/InputFieldspaspaw (1)","dnd.spels.inputfield.inputfieldspaspaw-1.7a187b6b276f"
"1","159230d9f324f4fd8dc19ff35df5d336895da1ba","90a2dcb7dff924c4ca7f4f1be7e71541","Assets/Scenes/personag/Spels.unity","Spels","CharacterSheetManagerScene1","InputField","inputData","86","86","","0001_spels/0017_artefactInfuz/0001_spasKidkiSkore/0002_InputFieldspaspaw (2)","spels/artefactInfuz/spasKidkiSkore/InputFieldspaspaw (2)","dnd.spels.inputfield.inputfieldspaspaw-2.2209856093bf"
"1","159230d9f324f4fd8dc19ff35df5d336895da1ba","90a2dcb7dff924c4ca7f4f1be7e71541","Assets/Scenes/personag/Spels.unity","Spels","CharacterSheetManagerScene1","InputField","inputData","87","87","","0001_spels/0017_artefactInfuz/0001_spasKidkiSkore/0003_InputFieldspaspaw (3)","spels/artefactInfuz/spasKidkiSkore/InputFieldspaspaw (3)","dnd.spels.inputfield.inputfieldspaspaw-3.13de9b7be0fb"
"1","159230d9f324f4fd8dc19ff35df5d336895da1ba","90a2dcb7dff924c4ca7f4f1be7e71541","Assets/Scenes/personag/Spels.unity","Spels","CharacterSheetManagerScene1","InputField","inputData","88","88","","0001_spels/0017_artefactInfuz/0001_spasKidkiSkore/0004_InputFieldspaspaw (4)","spels/artefactInfuz/spasKidkiSkore/InputFieldspaspaw (4)","dnd.spels.inputfield.inputfieldspaspaw-4.03aa4690f434"
"1","159230d9f324f4fd8dc19ff35df5d336895da1ba","90a2dcb7dff924c4ca7f4f1be7e71541","Assets/Scenes/personag/Spels.unity","Spels","CharacterSheetManagerScene1","InputField","inputData","89","89","","0001_spels/0017_artefactInfuz/0001_spasKidkiSkore/0005_InputFieldspaspaw (5)","spels/artefactInfuz/spasKidkiSkore/InputFieldspaspaw (5)","dnd.spels.inputfield.inputfieldspaspaw-5.8c4f5773368a"
"1","159230d9f324f4fd8dc19ff35df5d336895da1ba","90a2dcb7dff924c4ca7f4f1be7e71541","Assets/Scenes/personag/Spels.unity","Spels","CharacterSheetManagerScene1","InputField","inputData","90","90","","0001_spels/0017_artefactInfuz/0001_spasKidkiSkore/0006_InputFieldspaspaw (6)","spels/artefactInfuz/spasKidkiSkore/InputFieldspaspaw (6)","dnd.spels.inputfield.inputfieldspaspaw-6.2d3cd92e835a"
"1","159230d9f324f4fd8dc19ff35df5d336895da1ba","90a2dcb7dff924c4ca7f4f1be7e71541","Assets/Scenes/personag/Spels.unity","Spels","CharacterSheetManagerScene1","InputField","inputData","91","91","","0001_spels/0017_artefactInfuz/0001_spasKidkiSkore/0007_InputFieldspaspaw (7)","spels/artefactInfuz/spasKidkiSkore/InputFieldspaspaw (7)","dnd.spels.inputfield.inputfieldspaspaw-7.169e8a5a3936"
"1","159230d9f324f4fd8dc19ff35df5d336895da1ba","90a2dcb7dff924c4ca7f4f1be7e71541","Assets/Scenes/personag/Spels.unity","Spels","CharacterSheetManagerScene1","Toggle","toggleData","0","0","Toggle_0001_spels/0000_zamitki (4)/0001_Toggle","0001_spels/0000_zamitki (4)/0001_Toggle","spels/zamitki (4)/Toggle","dnd.spels.toggle.toggle.3e03a5778645"
"1","159230d9f324f4fd8dc19ff35df5d336895da1ba","90a2dcb7dff924c4ca7f4f1be7e71541","Assets/Scenes/personag/Spels.unity","Spels","CharacterSheetManagerScene1","Toggle","toggleData","1","1","Toggle_0001_spels/0001_zamitki (5)/0001_Toggle","0001_spels/0001_zamitki (5)/0001_Toggle","spels/zamitki (5)/Toggle","dnd.spels.toggle.toggle.8e46548765b3"
"1","159230d9f324f4fd8dc19ff35df5d336895da1ba","90a2dcb7dff924c4ca7f4f1be7e71541","Assets/Scenes/personag/Spels.unity","Spels","CharacterSheetManagerScene1","Toggle","toggleData","2","2","Toggle_0001_spels/0002_zamitki (6)/0001_Toggle","0001_spels/0002_zamitki (6)/0001_Toggle","spels/zamitki (6)/Toggle","dnd.spels.toggle.toggle.a86c82ab887b"
"1","159230d9f324f4fd8dc19ff35df5d336895da1ba","90a2dcb7dff924c4ca7f4f1be7e71541","Assets/Scenes/personag/Spels.unity","Spels","CharacterSheetManagerScene1","Toggle","toggleData","3","3","Toggle_0001_spels/0003_zamitki (7)/0001_Toggle","0001_spels/0003_zamitki (7)/0001_Toggle","spels/zamitki (7)/Toggle","dnd.spels.toggle.toggle.5cdca1b8f910"
"1","159230d9f324f4fd8dc19ff35df5d336895da1ba","90a2dcb7dff924c4ca7f4f1be7e71541","Assets/Scenes/personag/Spels.unity","Spels","CharacterSheetManagerScene1","Toggle","toggleData","4","4","Toggle_0001_spels/0004_dopPanelSpeliv/0000_Panel/0011_tonggle (1)/0000_Togglespaspaw","0001_spels/0004_dopPanelSpeliv/0000_Panel/0011_tonggle (1)/0000_Togglespaspaw","spels/dopPanelSpeliv/Panel/tonggle (1)/Togglespaspaw","dnd.spels.toggle.togglespaspaw.53d95f7b3758"
"1","159230d9f324f4fd8dc19ff35df5d336895da1ba","90a2dcb7dff924c4ca7f4f1be7e71541","Assets/Scenes/personag/Spels.unity","Spels","CharacterSheetManagerScene1","Toggle","toggleData","5","5","Toggle_0001_spels/0004_dopPanelSpeliv/0000_Panel/0012_tonggle (2)/0000_Togglespaspaw","0001_spels/0004_dopPanelSpeliv/0000_Panel/0012_tonggle (2)/0000_Togglespaspaw","spels/dopPanelSpeliv/Panel/tonggle (2)/Togglespaspaw","dnd.spels.toggle.togglespaspaw.98ea21420cb0"
"1","159230d9f324f4fd8dc19ff35df5d336895da1ba","90a2dcb7dff924c4ca7f4f1be7e71541","Assets/Scenes/personag/Spels.unity","Spels","CharacterSheetManagerScene1","Toggle","toggleData","6","6","Toggle_0001_spels/0004_dopPanelSpeliv/0000_Panel/0013_tonggle (3)/0000_Togglespaspaw","0001_spels/0004_dopPanelSpeliv/0000_Panel/0013_tonggle (3)/0000_Togglespaspaw","spels/dopPanelSpeliv/Panel/tonggle (3)/Togglespaspaw","dnd.spels.toggle.togglespaspaw.6d84a2752db7"
"1","159230d9f324f4fd8dc19ff35df5d336895da1ba","90a2dcb7dff924c4ca7f4f1be7e71541","Assets/Scenes/personag/Spels.unity","Spels","CharacterSheetManagerScene1","Toggle","toggleData","7","7","Toggle_0001_spels/0004_dopPanelSpeliv/0000_Panel/0014_tonggle (4)/0000_Togglespaspaw","0001_spels/0004_dopPanelSpeliv/0000_Panel/0014_tonggle (4)/0000_Togglespaspaw","spels/dopPanelSpeliv/Panel/tonggle (4)/Togglespaspaw","dnd.spels.toggle.togglespaspaw.13c53ed375d0"
"1","159230d9f324f4fd8dc19ff35df5d336895da1ba","90a2dcb7dff924c4ca7f4f1be7e71541","Assets/Scenes/personag/Spels.unity","Spels","CharacterSheetManagerScene1","Toggle","toggleData","8","8","Toggle_0001_spels/0004_dopPanelSpeliv/0000_Panel/0015_tonggle (5)/0000_Togglespaspaw","0001_spels/0004_dopPanelSpeliv/0000_Panel/0015_tonggle (5)/0000_Togglespaspaw","spels/dopPanelSpeliv/Panel/tonggle (5)/Togglespaspaw","dnd.spels.toggle.togglespaspaw.364dbfcbfa6d"
"1","159230d9f324f4fd8dc19ff35df5d336895da1ba","90a2dcb7dff924c4ca7f4f1be7e71541","Assets/Scenes/personag/Spels.unity","Spels","CharacterSheetManagerScene1","Toggle","toggleData","9","9","Toggle_0001_spels/0004_dopPanelSpeliv/0000_Panel/0016_tonggle (6)/0000_Togglespaspaw","0001_spels/0004_dopPanelSpeliv/0000_Panel/0016_tonggle (6)/0000_Togglespaspaw","spels/dopPanelSpeliv/Panel/tonggle (6)/Togglespaspaw","dnd.spels.toggle.togglespaspaw.304d47ecaa0c"
"1","159230d9f324f4fd8dc19ff35df5d336895da1ba","90a2dcb7dff924c4ca7f4f1be7e71541","Assets/Scenes/personag/Spels.unity","Spels","CharacterSheetManagerScene1","Toggle","toggleData","10","10","Toggle_0001_spels/0004_dopPanelSpeliv/0000_Panel/0017_tonggle (7)/0000_Togglespaspaw","0001_spels/0004_dopPanelSpeliv/0000_Panel/0017_tonggle (7)/0000_Togglespaspaw","spels/dopPanelSpeliv/Panel/tonggle (7)/Togglespaspaw","dnd.spels.toggle.togglespaspaw.45b27436c0af"
"1","159230d9f324f4fd8dc19ff35df5d336895da1ba","90a2dcb7dff924c4ca7f4f1be7e71541","Assets/Scenes/personag/Spels.unity","Spels","CharacterSheetManagerScene1","Toggle","toggleData","11","11","Toggle_0001_spels/0004_dopPanelSpeliv/0000_Panel/0018_tonggle (8)/0000_Togglespaspaw","0001_spels/0004_dopPanelSpeliv/0000_Panel/0018_tonggle (8)/0000_Togglespaspaw","spels/dopPanelSpeliv/Panel/tonggle (8)/Togglespaspaw","dnd.spels.toggle.togglespaspaw.c32619739c80"
"1","159230d9f324f4fd8dc19ff35df5d336895da1ba","90a2dcb7dff924c4ca7f4f1be7e71541","Assets/Scenes/personag/Spels.unity","Spels","CharacterSheetManagerScene1","Toggle","toggleData","12","12","Toggle_0001_spels/0004_dopPanelSpeliv/0000_Panel/0019_tonggle (9)/0000_Togglespaspaw","0001_spels/0004_dopPanelSpeliv/0000_Panel/0019_tonggle (9)/0000_Togglespaspaw","spels/dopPanelSpeliv/Panel/tonggle (9)/Togglespaspaw","dnd.spels.toggle.togglespaspaw.f8e82acb5826"
"1","159230d9f324f4fd8dc19ff35df5d336895da1ba","90a2dcb7dff924c4ca7f4f1be7e71541","Assets/Scenes/personag/Spels.unity","Spels","CharacterSheetManagerScene1","Toggle","toggleData","13","13","Toggle_0001_spels/0004_dopPanelSpeliv/0000_Panel/0020_tonggle (10)/0000_Togglespaspaw","0001_spels/0004_dopPanelSpeliv/0000_Panel/0020_tonggle (10)/0000_Togglespaspaw","spels/dopPanelSpeliv/Panel/tonggle (10)/Togglespaspaw","dnd.spels.toggle.togglespaspaw.2ff721714dd7"
"1","159230d9f324f4fd8dc19ff35df5d336895da1ba","90a2dcb7dff924c4ca7f4f1be7e71541","Assets/Scenes/personag/Spels.unity","Spels","CharacterSheetManagerScene1","Toggle","toggleData","14","14","Toggle_0001_spels/0004_dopPanelSpeliv/0001_Toggle","0001_spels/0004_dopPanelSpeliv/0001_Toggle","spels/dopPanelSpeliv/Toggle","dnd.spels.toggle.toggle.524b6b629ba5"
"1","159230d9f324f4fd8dc19ff35df5d336895da1ba","90a2dcb7dff924c4ca7f4f1be7e71541","Assets/Scenes/personag/Spels.unity","Spels","CharacterSheetManagerScene1","Toggle","toggleData","15","15","Toggle_0001_spels/0005_dopPanelSpeliv (1)/0000_Panel/0011_tonggle (1)/0000_Togglespaspaw","0001_spels/0005_dopPanelSpeliv (1)/0000_Panel/0011_tonggle (1)/0000_Togglespaspaw","spels/dopPanelSpeliv (1)/Panel/tonggle (1)/Togglespaspaw","dnd.spels.toggle.togglespaspaw.64f0b8402a82"
"1","159230d9f324f4fd8dc19ff35df5d336895da1ba","90a2dcb7dff924c4ca7f4f1be7e71541","Assets/Scenes/personag/Spels.unity","Spels","CharacterSheetManagerScene1","Toggle","toggleData","16","16","Toggle_0001_spels/0005_dopPanelSpeliv (1)/0000_Panel/0012_tonggle (2)/0000_Togglespaspaw","0001_spels/0005_dopPanelSpeliv (1)/0000_Panel/0012_tonggle (2)/0000_Togglespaspaw","spels/dopPanelSpeliv (1)/Panel/tonggle (2)/Togglespaspaw","dnd.spels.toggle.togglespaspaw.de5179e793c3"
"1","159230d9f324f4fd8dc19ff35df5d336895da1ba","90a2dcb7dff924c4ca7f4f1be7e71541","Assets/Scenes/personag/Spels.unity","Spels","CharacterSheetManagerScene1","Toggle","toggleData","17","17","Toggle_0001_spels/0005_dopPanelSpeliv (1)/0000_Panel/0013_tonggle (3)/0000_Togglespaspaw","0001_spels/0005_dopPanelSpeliv (1)/0000_Panel/0013_tonggle (3)/0000_Togglespaspaw","spels/dopPanelSpeliv (1)/Panel/tonggle (3)/Togglespaspaw","dnd.spels.toggle.togglespaspaw.27b73eb03c2f"
"1","159230d9f324f4fd8dc19ff35df5d336895da1ba","90a2dcb7dff924c4ca7f4f1be7e71541","Assets/Scenes/personag/Spels.unity","Spels","CharacterSheetManagerScene1","Toggle","toggleData","18","18","Toggle_0001_spels/0005_dopPanelSpeliv (1)/0000_Panel/0014_tonggle (4)/0000_Togglespaspaw","0001_spels/0005_dopPanelSpeliv (1)/0000_Panel/0014_tonggle (4)/0000_Togglespaspaw","spels/dopPanelSpeliv (1)/Panel/tonggle (4)/Togglespaspaw","dnd.spels.toggle.togglespaspaw.b8bb8e9c300d"
"1","159230d9f324f4fd8dc19ff35df5d336895da1ba","90a2dcb7dff924c4ca7f4f1be7e71541","Assets/Scenes/personag/Spels.unity","Spels","CharacterSheetManagerScene1","Toggle","toggleData","19","19","Toggle_0001_spels/0005_dopPanelSpeliv (1)/0000_Panel/0015_tonggle (5)/0000_Togglespaspaw","0001_spels/0005_dopPanelSpeliv (1)/0000_Panel/0015_tonggle (5)/0000_Togglespaspaw","spels/dopPanelSpeliv (1)/Panel/tonggle (5)/Togglespaspaw","dnd.spels.toggle.togglespaspaw.68b6d0f2d6a0"
"1","159230d9f324f4fd8dc19ff35df5d336895da1ba","90a2dcb7dff924c4ca7f4f1be7e71541","Assets/Scenes/personag/Spels.unity","Spels","CharacterSheetManagerScene1","Toggle","toggleData","20","20","Toggle_0001_spels/0005_dopPanelSpeliv (1)/0000_Panel/0016_tonggle (6)/0000_Togglespaspaw","0001_spels/0005_dopPanelSpeliv (1)/0000_Panel/0016_tonggle (6)/0000_Togglespaspaw","spels/dopPanelSpeliv (1)/Panel/tonggle (6)/Togglespaspaw","dnd.spels.toggle.togglespaspaw.73024f9b98c4"
"1","159230d9f324f4fd8dc19ff35df5d336895da1ba","90a2dcb7dff924c4ca7f4f1be7e71541","Assets/Scenes/personag/Spels.unity","Spels","CharacterSheetManagerScene1","Toggle","toggleData","21","21","Toggle_0001_spels/0005_dopPanelSpeliv (1)/0000_Panel/0017_tonggle (7)/0000_Togglespaspaw","0001_spels/0005_dopPanelSpeliv (1)/0000_Panel/0017_tonggle (7)/0000_Togglespaspaw","spels/dopPanelSpeliv (1)/Panel/tonggle (7)/Togglespaspaw","dnd.spels.toggle.togglespaspaw.18e98e0c5722"
"1","159230d9f324f4fd8dc19ff35df5d336895da1ba","90a2dcb7dff924c4ca7f4f1be7e71541","Assets/Scenes/personag/Spels.unity","Spels","CharacterSheetManagerScene1","Toggle","toggleData","22","22","Toggle_0001_spels/0005_dopPanelSpeliv (1)/0000_Panel/0018_tonggle (8)/0000_Togglespaspaw","0001_spels/0005_dopPanelSpeliv (1)/0000_Panel/0018_tonggle (8)/0000_Togglespaspaw","spels/dopPanelSpeliv (1)/Panel/tonggle (8)/Togglespaspaw","dnd.spels.toggle.togglespaspaw.02f340f54d20"
"1","159230d9f324f4fd8dc19ff35df5d336895da1ba","90a2dcb7dff924c4ca7f4f1be7e71541","Assets/Scenes/personag/Spels.unity","Spels","CharacterSheetManagerScene1","Toggle","toggleData","23","23","Toggle_0001_spels/0005_dopPanelSpeliv (1)/0000_Panel/0019_tonggle (9)/0000_Togglespaspaw","0001_spels/0005_dopPanelSpeliv (1)/0000_Panel/0019_tonggle (9)/0000_Togglespaspaw","spels/dopPanelSpeliv (1)/Panel/tonggle (9)/Togglespaspaw","dnd.spels.toggle.togglespaspaw.4f53e78aff9b"
"1","159230d9f324f4fd8dc19ff35df5d336895da1ba","90a2dcb7dff924c4ca7f4f1be7e71541","Assets/Scenes/personag/Spels.unity","Spels","CharacterSheetManagerScene1","Toggle","toggleData","24","24","Toggle_0001_spels/0005_dopPanelSpeliv (1)/0000_Panel/0020_tonggle (10)/0000_Togglespaspaw","0001_spels/0005_dopPanelSpeliv (1)/0000_Panel/0020_tonggle (10)/0000_Togglespaspaw","spels/dopPanelSpeliv (1)/Panel/tonggle (10)/Togglespaspaw","dnd.spels.toggle.togglespaspaw.79cf9e435615"
"1","159230d9f324f4fd8dc19ff35df5d336895da1ba","90a2dcb7dff924c4ca7f4f1be7e71541","Assets/Scenes/personag/Spels.unity","Spels","CharacterSheetManagerScene1","Toggle","toggleData","25","25","Toggle_0001_spels/0005_dopPanelSpeliv (1)/0001_Toggle","0001_spels/0005_dopPanelSpeliv (1)/0001_Toggle","spels/dopPanelSpeliv (1)/Toggle","dnd.spels.toggle.toggle.4e606df08904"
"1","159230d9f324f4fd8dc19ff35df5d336895da1ba","90a2dcb7dff924c4ca7f4f1be7e71541","Assets/Scenes/personag/Spels.unity","Spels","CharacterSheetManagerScene1","Toggle","toggleData","26","26","Toggle_0001_spels/0011_spelChek/0002_dropDawnChek (1)/0000_Dropdown (Legacy)/0002_Template/0000_Viewport/0000_Content/0000_Item","0001_spels/0011_spelChek/0002_dropDawnChek (1)/0000_Dropdown (Legacy)/0002_Template/0000_Viewport/0000_Content/0000_Item","spels/spelChek/dropDawnChek (1)/Dropdown (Legacy)/Template/Viewport/Content/Item","dnd.spels.toggle.item.37a7e70176ec"
"1","159230d9f324f4fd8dc19ff35df5d336895da1ba","90a2dcb7dff924c4ca7f4f1be7e71541","Assets/Scenes/personag/Spels.unity","Spels","CharacterSheetManagerScene1","Toggle","toggleData","27","27","Toggle_0001_spels/0011_spelChek/0002_dropDawnChek (1)/0001_Dropdown (Legacy) (1)/0002_Template/0000_Viewport/0000_Content/0000_Item","0001_spels/0011_spelChek/0002_dropDawnChek (1)/0001_Dropdown (Legacy) (1)/0002_Template/0000_Viewport/0000_Content/0000_Item","spels/spelChek/dropDawnChek (1)/Dropdown (Legacy) (1)/Template/Viewport/Content/Item","dnd.spels.toggle.item.aff29e93c14e"
"1","159230d9f324f4fd8dc19ff35df5d336895da1ba","90a2dcb7dff924c4ca7f4f1be7e71541","Assets/Scenes/personag/Spels.unity","Spels","CharacterSheetManagerScene1","Toggle","toggleData","28","28","Toggle_0001_spels/0011_spelChek/0002_dropDawnChek (1)/0002_Dropdown (Legacy) (2)/0002_Template/0000_Viewport/0000_Content/0000_Item","0001_spels/0011_spelChek/0002_dropDawnChek (1)/0002_Dropdown (Legacy) (2)/0002_Template/0000_Viewport/0000_Content/0000_Item","spels/spelChek/dropDawnChek (1)/Dropdown (Legacy) (2)/Template/Viewport/Content/Item","dnd.spels.toggle.item.e9e778e6372a"
"1","159230d9f324f4fd8dc19ff35df5d336895da1ba","90a2dcb7dff924c4ca7f4f1be7e71541","Assets/Scenes/personag/Spels.unity","Spels","CharacterSheetManagerScene1","Toggle","toggleData","29","29","Toggle_0001_spels/0011_spelChek/0002_dropDawnChek (1)/0003_Dropdown (Legacy) (3)/0002_Template/0000_Viewport/0000_Content/0000_Item","0001_spels/0011_spelChek/0002_dropDawnChek (1)/0003_Dropdown (Legacy) (3)/0002_Template/0000_Viewport/0000_Content/0000_Item","spels/spelChek/dropDawnChek (1)/Dropdown (Legacy) (3)/Template/Viewport/Content/Item","dnd.spels.toggle.item.f68d65464854"
"1","159230d9f324f4fd8dc19ff35df5d336895da1ba","90a2dcb7dff924c4ca7f4f1be7e71541","Assets/Scenes/personag/Spels.unity","Spels","CharacterSheetManagerScene1","Toggle","toggleData","30","30","Toggle_0001_spels/0011_spelChek/0002_dropDawnChek (1)/0004_Dropdown (Legacy) (4)/0002_Template/0000_Viewport/0000_Content/0000_Item","0001_spels/0011_spelChek/0002_dropDawnChek (1)/0004_Dropdown (Legacy) (4)/0002_Template/0000_Viewport/0000_Content/0000_Item","spels/spelChek/dropDawnChek (1)/Dropdown (Legacy) (4)/Template/Viewport/Content/Item","dnd.spels.toggle.item.b668b8494214"
"1","159230d9f324f4fd8dc19ff35df5d336895da1ba","90a2dcb7dff924c4ca7f4f1be7e71541","Assets/Scenes/personag/Spels.unity","Spels","CharacterSheetManagerScene1","Toggle","toggleData","31","31","Toggle_0001_spels/0011_spelChek/0002_dropDawnChek (1)/0005_Dropdown (Legacy) (5)/0002_Template/0000_Viewport/0000_Content/0000_Item","0001_spels/0011_spelChek/0002_dropDawnChek (1)/0005_Dropdown (Legacy) (5)/0002_Template/0000_Viewport/0000_Content/0000_Item","spels/spelChek/dropDawnChek (1)/Dropdown (Legacy) (5)/Template/Viewport/Content/Item","dnd.spels.toggle.item.754ab67c3757"
"1","159230d9f324f4fd8dc19ff35df5d336895da1ba","90a2dcb7dff924c4ca7f4f1be7e71541","Assets/Scenes/personag/Spels.unity","Spels","CharacterSheetManagerScene1","Toggle","toggleData","32","32","Toggle_0001_spels/0011_spelChek/0002_dropDawnChek (1)/0006_Dropdown (Legacy) (6)/0002_Template/0000_Viewport/0000_Content/0000_Item","0001_spels/0011_spelChek/0002_dropDawnChek (1)/0006_Dropdown (Legacy) (6)/0002_Template/0000_Viewport/0000_Content/0000_Item","spels/spelChek/dropDawnChek (1)/Dropdown (Legacy) (6)/Template/Viewport/Content/Item","dnd.spels.toggle.item.9ff1a316caa0"
"1","159230d9f324f4fd8dc19ff35df5d336895da1ba","90a2dcb7dff924c4ca7f4f1be7e71541","Assets/Scenes/personag/Spels.unity","Spels","CharacterSheetManagerScene1","Toggle","toggleData","33","33","Toggle_0001_spels/0011_spelChek/0002_dropDawnChek (1)/0007_Dropdown (Legacy) (7)/0002_Template/0000_Viewport/0000_Content/0000_Item","0001_spels/0011_spelChek/0002_dropDawnChek (1)/0007_Dropdown (Legacy) (7)/0002_Template/0000_Viewport/0000_Content/0000_Item","spels/spelChek/dropDawnChek (1)/Dropdown (Legacy) (7)/Template/Viewport/Content/Item","dnd.spels.toggle.item.3dfd5854a410"
"1","159230d9f324f4fd8dc19ff35df5d336895da1ba","90a2dcb7dff924c4ca7f4f1be7e71541","Assets/Scenes/personag/Spels.unity","Spels","CharacterSheetManagerScene1","Toggle","toggleData","34","34","Toggle_0001_spels/0011_spelChek/0002_dropDawnChek (1)/0008_Dropdown (Legacy) (8)/0002_Template/0000_Viewport/0000_Content/0000_Item","0001_spels/0011_spelChek/0002_dropDawnChek (1)/0008_Dropdown (Legacy) (8)/0002_Template/0000_Viewport/0000_Content/0000_Item","spels/spelChek/dropDawnChek (1)/Dropdown (Legacy) (8)/Template/Viewport/Content/Item","dnd.spels.toggle.item.c7654ca0fc07"
"1","159230d9f324f4fd8dc19ff35df5d336895da1ba","90a2dcb7dff924c4ca7f4f1be7e71541","Assets/Scenes/personag/Spels.unity","Spels","CharacterSheetManagerScene1","Toggle","toggleData","35","35","Toggle_0001_spels/0011_spelChek/0003_uspih/0001_Toggle","0001_spels/0011_spelChek/0003_uspih/0001_Toggle","spels/spelChek/uspih/Toggle","dnd.spels.toggle.toggle.286a3b47a263"
"1","159230d9f324f4fd8dc19ff35df5d336895da1ba","90a2dcb7dff924c4ca7f4f1be7e71541","Assets/Scenes/personag/Spels.unity","Spels","CharacterSheetManagerScene1","Toggle","toggleData","36","36","Toggle_0001_spels/0011_spelChek/0003_uspih/0002_Toggle (1)","0001_spels/0011_spelChek/0003_uspih/0002_Toggle (1)","spels/spelChek/uspih/Toggle (1)","dnd.spels.toggle.toggle-1.6aa09c87fcd7"
"1","159230d9f324f4fd8dc19ff35df5d336895da1ba","90a2dcb7dff924c4ca7f4f1be7e71541","Assets/Scenes/personag/Spels.unity","Spels","CharacterSheetManagerScene1","Toggle","toggleData","37","37","Toggle_0001_spels/0011_spelChek/0003_uspih/0003_Toggle (3)","0001_spels/0011_spelChek/0003_uspih/0003_Toggle (3)","spels/spelChek/uspih/Toggle (3)","dnd.spels.toggle.toggle-3.3b748492a903"
"1","159230d9f324f4fd8dc19ff35df5d336895da1ba","90a2dcb7dff924c4ca7f4f1be7e71541","Assets/Scenes/personag/Spels.unity","Spels","CharacterSheetManagerScene1","Toggle","toggleData","38","38","Toggle_0001_spels/0011_spelChek/0003_uspih/0004_Toggle (4)","0001_spels/0011_spelChek/0003_uspih/0004_Toggle (4)","spels/spelChek/uspih/Toggle (4)","dnd.spels.toggle.toggle-4.75b3799e11e5"
"1","159230d9f324f4fd8dc19ff35df5d336895da1ba","90a2dcb7dff924c4ca7f4f1be7e71541","Assets/Scenes/personag/Spels.unity","Spels","CharacterSheetManagerScene1","Toggle","toggleData","39","39","Toggle_0001_spels/0011_spelChek/0003_uspih/0005_Toggle (5)","0001_spels/0011_spelChek/0003_uspih/0005_Toggle (5)","spels/spelChek/uspih/Toggle (5)","dnd.spels.toggle.toggle-5.20b5adc53985"
"1","159230d9f324f4fd8dc19ff35df5d336895da1ba","90a2dcb7dff924c4ca7f4f1be7e71541","Assets/Scenes/personag/Spels.unity","Spels","CharacterSheetManagerScene1","Toggle","toggleData","40","40","Toggle_0001_spels/0011_spelChek/0003_uspih/0006_Toggle (6)","0001_spels/0011_spelChek/0003_uspih/0006_Toggle (6)","spels/spelChek/uspih/Toggle (6)","dnd.spels.toggle.toggle-6.0d320d6c8ced"
"1","159230d9f324f4fd8dc19ff35df5d336895da1ba","90a2dcb7dff924c4ca7f4f1be7e71541","Assets/Scenes/personag/Spels.unity","Spels","CharacterSheetManagerScene1","Toggle","toggleData","41","41","Toggle_0001_spels/0011_spelChek/0003_uspih/0007_Toggle (2)","0001_spels/0011_spelChek/0003_uspih/0007_Toggle (2)","spels/spelChek/uspih/Toggle (2)","dnd.spels.toggle.toggle-2.ca3d84bff6a4"
"1","159230d9f324f4fd8dc19ff35df5d336895da1ba","90a2dcb7dff924c4ca7f4f1be7e71541","Assets/Scenes/personag/Spels.unity","Spels","CharacterSheetManagerScene1","Toggle","toggleData","42","42","Toggle_0001_spels/0011_spelChek/0003_uspih/0008_Toggle (7)","0001_spels/0011_spelChek/0003_uspih/0008_Toggle (7)","spels/spelChek/uspih/Toggle (7)","dnd.spels.toggle.toggle-7.d01a80d1b80e"
"1","159230d9f324f4fd8dc19ff35df5d336895da1ba","90a2dcb7dff924c4ca7f4f1be7e71541","Assets/Scenes/personag/Spels.unity","Spels","CharacterSheetManagerScene1","Toggle","toggleData","43","43","Toggle_0001_spels/0011_spelChek/0004_uspih (1)/0002_Toggle (2)","0001_spels/0011_spelChek/0004_uspih (1)/0002_Toggle (2)","spels/spelChek/uspih (1)/Toggle (2)","dnd.spels.toggle.toggle-2.af8cfc412dad"
"1","159230d9f324f4fd8dc19ff35df5d336895da1ba","90a2dcb7dff924c4ca7f4f1be7e71541","Assets/Scenes/personag/Spels.unity","Spels","CharacterSheetManagerScene1","Toggle","toggleData","44","44","Toggle_0001_spels/0011_spelChek/0004_uspih (1)/0003_Toggle (1)","0001_spels/0011_spelChek/0004_uspih (1)/0003_Toggle (1)","spels/spelChek/uspih (1)/Toggle (1)","dnd.spels.toggle.toggle-1.47681d6b730a"
"1","159230d9f324f4fd8dc19ff35df5d336895da1ba","90a2dcb7dff924c4ca7f4f1be7e71541","Assets/Scenes/personag/Spels.unity","Spels","CharacterSheetManagerScene1","Toggle","toggleData","45","45","Toggle_0001_spels/0011_spelChek/0004_uspih (1)/0004_Toggle","0001_spels/0011_spelChek/0004_uspih (1)/0004_Toggle","spels/spelChek/uspih (1)/Toggle","dnd.spels.toggle.toggle.6663a2fcb579"
"1","159230d9f324f4fd8dc19ff35df5d336895da1ba","90a2dcb7dff924c4ca7f4f1be7e71541","Assets/Scenes/personag/Spels.unity","Spels","CharacterSheetManagerScene1","Toggle","toggleData","46","46","Toggle_0001_spels/0011_spelChek/0004_uspih (1)/0005_Toggle (3)","0001_spels/0011_spelChek/0004_uspih (1)/0005_Toggle (3)","spels/spelChek/uspih (1)/Toggle (3)","dnd.spels.toggle.toggle-3.515968dccef9"
"1","159230d9f324f4fd8dc19ff35df5d336895da1ba","90a2dcb7dff924c4ca7f4f1be7e71541","Assets/Scenes/personag/Spels.unity","Spels","CharacterSheetManagerScene1","Toggle","toggleData","47","47","Toggle_0001_spels/0011_spelChek/0004_uspih (1)/0006_Toggle (4)","0001_spels/0011_spelChek/0004_uspih (1)/0006_Toggle (4)","spels/spelChek/uspih (1)/Toggle (4)","dnd.spels.toggle.toggle-4.5049d6417dee"
"1","159230d9f324f4fd8dc19ff35df5d336895da1ba","90a2dcb7dff924c4ca7f4f1be7e71541","Assets/Scenes/personag/Spels.unity","Spels","CharacterSheetManagerScene1","Toggle","toggleData","48","48","Toggle_0001_spels/0011_spelChek/0004_uspih (1)/0007_Toggle (5)","0001_spels/0011_spelChek/0004_uspih (1)/0007_Toggle (5)","spels/spelChek/uspih (1)/Toggle (5)","dnd.spels.toggle.toggle-5.a576c12b513f"
"1","159230d9f324f4fd8dc19ff35df5d336895da1ba","90a2dcb7dff924c4ca7f4f1be7e71541","Assets/Scenes/personag/Spels.unity","Spels","CharacterSheetManagerScene1","Toggle","toggleData","49","49","Toggle_0001_spels/0011_spelChek/0004_uspih (1)/0008_Toggle (6)","0001_spels/0011_spelChek/0004_uspih (1)/0008_Toggle (6)","spels/spelChek/uspih (1)/Toggle (6)","dnd.spels.toggle.toggle-6.37359c797cb7"
"1","159230d9f324f4fd8dc19ff35df5d336895da1ba","90a2dcb7dff924c4ca7f4f1be7e71541","Assets/Scenes/personag/Spels.unity","Spels","CharacterSheetManagerScene1","Toggle","toggleData","50","50","Toggle_0001_spels/0011_spelChek/0004_uspih (1)/0009_Toggle (7)","0001_spels/0011_spelChek/0004_uspih (1)/0009_Toggle (7)","spels/spelChek/uspih (1)/Toggle (7)","dnd.spels.toggle.toggle-7.8abaa7b9b149"
"1","159230d9f324f4fd8dc19ff35df5d336895da1ba","90a2dcb7dff924c4ca7f4f1be7e71541","Assets/Scenes/personag/Spels.unity","Spels","CharacterSheetManagerScene1","Toggle","toggleData","51","51","Toggle_0001_spels/0011_spelChek/0005_uspih (2)/0001_Toggle (2)","0001_spels/0011_spelChek/0005_uspih (2)/0001_Toggle (2)","spels/spelChek/uspih (2)/Toggle (2)","dnd.spels.toggle.toggle-2.3190d7b05949"
"1","159230d9f324f4fd8dc19ff35df5d336895da1ba","90a2dcb7dff924c4ca7f4f1be7e71541","Assets/Scenes/personag/Spels.unity","Spels","CharacterSheetManagerScene1","Toggle","toggleData","52","52","Toggle_0001_spels/0011_spelChek/0005_uspih (2)/0002_Toggle (1)","0001_spels/0011_spelChek/0005_uspih (2)/0002_Toggle (1)","spels/spelChek/uspih (2)/Toggle (1)","dnd.spels.toggle.toggle-1.aad50efbed5b"
"1","159230d9f324f4fd8dc19ff35df5d336895da1ba","90a2dcb7dff924c4ca7f4f1be7e71541","Assets/Scenes/personag/Spels.unity","Spels","CharacterSheetManagerScene1","Toggle","toggleData","53","53","Toggle_0001_spels/0011_spelChek/0005_uspih (2)/0003_Toggle","0001_spels/0011_spelChek/0005_uspih (2)/0003_Toggle","spels/spelChek/uspih (2)/Toggle","dnd.spels.toggle.toggle.fadf64021c6d"
"1","159230d9f324f4fd8dc19ff35df5d336895da1ba","90a2dcb7dff924c4ca7f4f1be7e71541","Assets/Scenes/personag/Spels.unity","Spels","CharacterSheetManagerScene1","Toggle","toggleData","54","54","Toggle_0001_spels/0011_spelChek/0005_uspih (2)/0004_Toggle (3)","0001_spels/0011_spelChek/0005_uspih (2)/0004_Toggle (3)","spels/spelChek/uspih (2)/Toggle (3)","dnd.spels.toggle.toggle-3.870d8225af94"
"1","159230d9f324f4fd8dc19ff35df5d336895da1ba","90a2dcb7dff924c4ca7f4f1be7e71541","Assets/Scenes/personag/Spels.unity","Spels","CharacterSheetManagerScene1","Toggle","toggleData","55","55","Toggle_0001_spels/0011_spelChek/0005_uspih (2)/0005_Toggle (4)","0001_spels/0011_spelChek/0005_uspih (2)/0005_Toggle (4)","spels/spelChek/uspih (2)/Toggle (4)","dnd.spels.toggle.toggle-4.3a61c16c6f3d"
"1","159230d9f324f4fd8dc19ff35df5d336895da1ba","90a2dcb7dff924c4ca7f4f1be7e71541","Assets/Scenes/personag/Spels.unity","Spels","CharacterSheetManagerScene1","Toggle","toggleData","56","56","Toggle_0001_spels/0011_spelChek/0005_uspih (2)/0006_Toggle (5)","0001_spels/0011_spelChek/0005_uspih (2)/0006_Toggle (5)","spels/spelChek/uspih (2)/Toggle (5)","dnd.spels.toggle.toggle-5.c8a939fa72d5"
"1","159230d9f324f4fd8dc19ff35df5d336895da1ba","90a2dcb7dff924c4ca7f4f1be7e71541","Assets/Scenes/personag/Spels.unity","Spels","CharacterSheetManagerScene1","Toggle","toggleData","57","57","Toggle_0001_spels/0011_spelChek/0005_uspih (2)/0007_Toggle (6)","0001_spels/0011_spelChek/0005_uspih (2)/0007_Toggle (6)","spels/spelChek/uspih (2)/Toggle (6)","dnd.spels.toggle.toggle-6.ef762933ef98"
"1","159230d9f324f4fd8dc19ff35df5d336895da1ba","90a2dcb7dff924c4ca7f4f1be7e71541","Assets/Scenes/personag/Spels.unity","Spels","CharacterSheetManagerScene1","Toggle","toggleData","58","58","Toggle_0001_spels/0011_spelChek/0005_uspih (2)/0008_Toggle (7)","0001_spels/0011_spelChek/0005_uspih (2)/0008_Toggle (7)","spels/spelChek/uspih (2)/Toggle (7)","dnd.spels.toggle.toggle-7.4e00dc617670"
"1","159230d9f324f4fd8dc19ff35df5d336895da1ba","90a2dcb7dff924c4ca7f4f1be7e71541","Assets/Scenes/personag/Spels.unity","Spels","CharacterSheetManagerScene1","Toggle","toggleData","59","59","Toggle_0001_spels/0011_spelChek/0006_uspih (3)/0002_Toggle (2)","0001_spels/0011_spelChek/0006_uspih (3)/0002_Toggle (2)","spels/spelChek/uspih (3)/Toggle (2)","dnd.spels.toggle.toggle-2.effd45320392"
"1","159230d9f324f4fd8dc19ff35df5d336895da1ba","90a2dcb7dff924c4ca7f4f1be7e71541","Assets/Scenes/personag/Spels.unity","Spels","CharacterSheetManagerScene1","Toggle","toggleData","60","60","Toggle_0001_spels/0011_spelChek/0006_uspih (3)/0003_Toggle (1)","0001_spels/0011_spelChek/0006_uspih (3)/0003_Toggle (1)","spels/spelChek/uspih (3)/Toggle (1)","dnd.spels.toggle.toggle-1.195522f3561a"
"1","159230d9f324f4fd8dc19ff35df5d336895da1ba","90a2dcb7dff924c4ca7f4f1be7e71541","Assets/Scenes/personag/Spels.unity","Spels","CharacterSheetManagerScene1","Toggle","toggleData","61","61","Toggle_0001_spels/0011_spelChek/0006_uspih (3)/0004_Toggle","0001_spels/0011_spelChek/0006_uspih (3)/0004_Toggle","spels/spelChek/uspih (3)/Toggle","dnd.spels.toggle.toggle.7b2c0d79317f"
"1","159230d9f324f4fd8dc19ff35df5d336895da1ba","90a2dcb7dff924c4ca7f4f1be7e71541","Assets/Scenes/personag/Spels.unity","Spels","CharacterSheetManagerScene1","Toggle","toggleData","62","62","Toggle_0001_spels/0011_spelChek/0006_uspih (3)/0005_Toggle (3)","0001_spels/0011_spelChek/0006_uspih (3)/0005_Toggle (3)","spels/spelChek/uspih (3)/Toggle (3)","dnd.spels.toggle.toggle-3.fe6dc326867c"
"1","159230d9f324f4fd8dc19ff35df5d336895da1ba","90a2dcb7dff924c4ca7f4f1be7e71541","Assets/Scenes/personag/Spels.unity","Spels","CharacterSheetManagerScene1","Toggle","toggleData","63","63","Toggle_0001_spels/0011_spelChek/0006_uspih (3)/0006_Toggle (4)","0001_spels/0011_spelChek/0006_uspih (3)/0006_Toggle (4)","spels/spelChek/uspih (3)/Toggle (4)","dnd.spels.toggle.toggle-4.e8b942d84b37"
"1","159230d9f324f4fd8dc19ff35df5d336895da1ba","90a2dcb7dff924c4ca7f4f1be7e71541","Assets/Scenes/personag/Spels.unity","Spels","CharacterSheetManagerScene1","Toggle","toggleData","64","64","Toggle_0001_spels/0011_spelChek/0006_uspih (3)/0007_Toggle (5)","0001_spels/0011_spelChek/0006_uspih (3)/0007_Toggle (5)","spels/spelChek/uspih (3)/Toggle (5)","dnd.spels.toggle.toggle-5.af43ce874abc"
"1","159230d9f324f4fd8dc19ff35df5d336895da1ba","90a2dcb7dff924c4ca7f4f1be7e71541","Assets/Scenes/personag/Spels.unity","Spels","CharacterSheetManagerScene1","Toggle","toggleData","65","65","Toggle_0001_spels/0011_spelChek/0006_uspih (3)/0008_Toggle (6)","0001_spels/0011_spelChek/0006_uspih (3)/0008_Toggle (6)","spels/spelChek/uspih (3)/Toggle (6)","dnd.spels.toggle.toggle-6.f1ce9f6decad"
"1","159230d9f324f4fd8dc19ff35df5d336895da1ba","90a2dcb7dff924c4ca7f4f1be7e71541","Assets/Scenes/personag/Spels.unity","Spels","CharacterSheetManagerScene1","Toggle","toggleData","66","66","Toggle_0001_spels/0011_spelChek/0006_uspih (3)/0009_Toggle (7)","0001_spels/0011_spelChek/0006_uspih (3)/0009_Toggle (7)","spels/spelChek/uspih (3)/Toggle (7)","dnd.spels.toggle.toggle-7.b2a65b45d987"
"1","159230d9f324f4fd8dc19ff35df5d336895da1ba","90a2dcb7dff924c4ca7f4f1be7e71541","Assets/Scenes/personag/Spels.unity","Spels","CharacterSheetManagerScene1","Toggle","toggleData","67","67","Toggle_0001_spels/0011_spelChek/0007_uspih (4)/0002_Toggle (2)","0001_spels/0011_spelChek/0007_uspih (4)/0002_Toggle (2)","spels/spelChek/uspih (4)/Toggle (2)","dnd.spels.toggle.toggle-2.97f8ec1600c4"
"1","159230d9f324f4fd8dc19ff35df5d336895da1ba","90a2dcb7dff924c4ca7f4f1be7e71541","Assets/Scenes/personag/Spels.unity","Spels","CharacterSheetManagerScene1","Toggle","toggleData","68","68","Toggle_0001_spels/0011_spelChek/0007_uspih (4)/0003_Toggle (1)","0001_spels/0011_spelChek/0007_uspih (4)/0003_Toggle (1)","spels/spelChek/uspih (4)/Toggle (1)","dnd.spels.toggle.toggle-1.efc901204e1a"
"1","159230d9f324f4fd8dc19ff35df5d336895da1ba","90a2dcb7dff924c4ca7f4f1be7e71541","Assets/Scenes/personag/Spels.unity","Spels","CharacterSheetManagerScene1","Toggle","toggleData","69","69","Toggle_0001_spels/0011_spelChek/0007_uspih (4)/0004_Toggle","0001_spels/0011_spelChek/0007_uspih (4)/0004_Toggle","spels/spelChek/uspih (4)/Toggle","dnd.spels.toggle.toggle.9ad7f2d1d7e2"
"1","159230d9f324f4fd8dc19ff35df5d336895da1ba","90a2dcb7dff924c4ca7f4f1be7e71541","Assets/Scenes/personag/Spels.unity","Spels","CharacterSheetManagerScene1","Toggle","toggleData","70","70","Toggle_0001_spels/0011_spelChek/0007_uspih (4)/0005_Toggle (3)","0001_spels/0011_spelChek/0007_uspih (4)/0005_Toggle (3)","spels/spelChek/uspih (4)/Toggle (3)","dnd.spels.toggle.toggle-3.dddf72c8ccaa"
"1","159230d9f324f4fd8dc19ff35df5d336895da1ba","90a2dcb7dff924c4ca7f4f1be7e71541","Assets/Scenes/personag/Spels.unity","Spels","CharacterSheetManagerScene1","Toggle","toggleData","71","71","Toggle_0001_spels/0011_spelChek/0007_uspih (4)/0006_Toggle (4)","0001_spels/0011_spelChek/0007_uspih (4)/0006_Toggle (4)","spels/spelChek/uspih (4)/Toggle (4)","dnd.spels.toggle.toggle-4.5ad59fa35d62"
"1","159230d9f324f4fd8dc19ff35df5d336895da1ba","90a2dcb7dff924c4ca7f4f1be7e71541","Assets/Scenes/personag/Spels.unity","Spels","CharacterSheetManagerScene1","Toggle","toggleData","72","72","Toggle_0001_spels/0011_spelChek/0007_uspih (4)/0007_Toggle (5)","0001_spels/0011_spelChek/0007_uspih (4)/0007_Toggle (5)","spels/spelChek/uspih (4)/Toggle (5)","dnd.spels.toggle.toggle-5.1cc5a30bbd39"
"1","159230d9f324f4fd8dc19ff35df5d336895da1ba","90a2dcb7dff924c4ca7f4f1be7e71541","Assets/Scenes/personag/Spels.unity","Spels","CharacterSheetManagerScene1","Toggle","toggleData","73","73","Toggle_0001_spels/0011_spelChek/0007_uspih (4)/0008_Toggle (6)","0001_spels/0011_spelChek/0007_uspih (4)/0008_Toggle (6)","spels/spelChek/uspih (4)/Toggle (6)","dnd.spels.toggle.toggle-6.5b64c1a05477"
"1","159230d9f324f4fd8dc19ff35df5d336895da1ba","90a2dcb7dff924c4ca7f4f1be7e71541","Assets/Scenes/personag/Spels.unity","Spels","CharacterSheetManagerScene1","Toggle","toggleData","74","74","Toggle_0001_spels/0011_spelChek/0007_uspih (4)/0009_Toggle (7)","0001_spels/0011_spelChek/0007_uspih (4)/0009_Toggle (7)","spels/spelChek/uspih (4)/Toggle (7)","dnd.spels.toggle.toggle-7.2b04475d04a1"
"1","159230d9f324f4fd8dc19ff35df5d336895da1ba","90a2dcb7dff924c4ca7f4f1be7e71541","Assets/Scenes/personag/Spels.unity","Spels","CharacterSheetManagerScene1","Toggle","toggleData","75","75","Toggle_0001_spels/0011_spelChek/0008_uspih (5)/0001_Toggle (2)","0001_spels/0011_spelChek/0008_uspih (5)/0001_Toggle (2)","spels/spelChek/uspih (5)/Toggle (2)","dnd.spels.toggle.toggle-2.5999e6831a10"
"1","159230d9f324f4fd8dc19ff35df5d336895da1ba","90a2dcb7dff924c4ca7f4f1be7e71541","Assets/Scenes/personag/Spels.unity","Spels","CharacterSheetManagerScene1","Toggle","toggleData","76","76","Toggle_0001_spels/0011_spelChek/0008_uspih (5)/0002_Toggle (1)","0001_spels/0011_spelChek/0008_uspih (5)/0002_Toggle (1)","spels/spelChek/uspih (5)/Toggle (1)","dnd.spels.toggle.toggle-1.e77641c71804"
"1","159230d9f324f4fd8dc19ff35df5d336895da1ba","90a2dcb7dff924c4ca7f4f1be7e71541","Assets/Scenes/personag/Spels.unity","Spels","CharacterSheetManagerScene1","Toggle","toggleData","77","77","Toggle_0001_spels/0011_spelChek/0008_uspih (5)/0003_Toggle","0001_spels/0011_spelChek/0008_uspih (5)/0003_Toggle","spels/spelChek/uspih (5)/Toggle","dnd.spels.toggle.toggle.a2742df06210"
"1","159230d9f324f4fd8dc19ff35df5d336895da1ba","90a2dcb7dff924c4ca7f4f1be7e71541","Assets/Scenes/personag/Spels.unity","Spels","CharacterSheetManagerScene1","Toggle","toggleData","78","78","Toggle_0001_spels/0011_spelChek/0008_uspih (5)/0004_Toggle (3)","0001_spels/0011_spelChek/0008_uspih (5)/0004_Toggle (3)","spels/spelChek/uspih (5)/Toggle (3)","dnd.spels.toggle.toggle-3.20b90f57df35"
"1","159230d9f324f4fd8dc19ff35df5d336895da1ba","90a2dcb7dff924c4ca7f4f1be7e71541","Assets/Scenes/personag/Spels.unity","Spels","CharacterSheetManagerScene1","Toggle","toggleData","79","79","Toggle_0001_spels/0011_spelChek/0008_uspih (5)/0005_Toggle (4)","0001_spels/0011_spelChek/0008_uspih (5)/0005_Toggle (4)","spels/spelChek/uspih (5)/Toggle (4)","dnd.spels.toggle.toggle-4.084d324c9d13"
"1","159230d9f324f4fd8dc19ff35df5d336895da1ba","90a2dcb7dff924c4ca7f4f1be7e71541","Assets/Scenes/personag/Spels.unity","Spels","CharacterSheetManagerScene1","Toggle","toggleData","80","80","Toggle_0001_spels/0011_spelChek/0008_uspih (5)/0006_Toggle (5)","0001_spels/0011_spelChek/0008_uspih (5)/0006_Toggle (5)","spels/spelChek/uspih (5)/Toggle (5)","dnd.spels.toggle.toggle-5.5fac9a18d9a6"
"1","159230d9f324f4fd8dc19ff35df5d336895da1ba","90a2dcb7dff924c4ca7f4f1be7e71541","Assets/Scenes/personag/Spels.unity","Spels","CharacterSheetManagerScene1","Toggle","toggleData","81","81","Toggle_0001_spels/0011_spelChek/0008_uspih (5)/0007_Toggle (6)","0001_spels/0011_spelChek/0008_uspih (5)/0007_Toggle (6)","spels/spelChek/uspih (5)/Toggle (6)","dnd.spels.toggle.toggle-6.a5de4e70225a"
"1","159230d9f324f4fd8dc19ff35df5d336895da1ba","90a2dcb7dff924c4ca7f4f1be7e71541","Assets/Scenes/personag/Spels.unity","Spels","CharacterSheetManagerScene1","Toggle","toggleData","82","82","Toggle_0001_spels/0011_spelChek/0008_uspih (5)/0008_Toggle (7)","0001_spels/0011_spelChek/0008_uspih (5)/0008_Toggle (7)","spels/spelChek/uspih (5)/Toggle (7)","dnd.spels.toggle.toggle-7.a97ef697de59"
"1","159230d9f324f4fd8dc19ff35df5d336895da1ba","90a2dcb7dff924c4ca7f4f1be7e71541","Assets/Scenes/personag/Spels.unity","Spels","CharacterSheetManagerScene1","Toggle","toggleData","83","83","Toggle_0001_spels/0011_spelChek/0009_uspih (6)/0001_Toggle (2)","0001_spels/0011_spelChek/0009_uspih (6)/0001_Toggle (2)","spels/spelChek/uspih (6)/Toggle (2)","dnd.spels.toggle.toggle-2.5db6e2028094"
"1","159230d9f324f4fd8dc19ff35df5d336895da1ba","90a2dcb7dff924c4ca7f4f1be7e71541","Assets/Scenes/personag/Spels.unity","Spels","CharacterSheetManagerScene1","Toggle","toggleData","84","84","Toggle_0001_spels/0011_spelChek/0009_uspih (6)/0002_Toggle (1)","0001_spels/0011_spelChek/0009_uspih (6)/0002_Toggle (1)","spels/spelChek/uspih (6)/Toggle (1)","dnd.spels.toggle.toggle-1.d7b9264e717d"
"1","159230d9f324f4fd8dc19ff35df5d336895da1ba","90a2dcb7dff924c4ca7f4f1be7e71541","Assets/Scenes/personag/Spels.unity","Spels","CharacterSheetManagerScene1","Toggle","toggleData","85","85","Toggle_0001_spels/0011_spelChek/0009_uspih (6)/0003_Toggle","0001_spels/0011_spelChek/0009_uspih (6)/0003_Toggle","spels/spelChek/uspih (6)/Toggle","dnd.spels.toggle.toggle.3932a7201925"
"1","159230d9f324f4fd8dc19ff35df5d336895da1ba","90a2dcb7dff924c4ca7f4f1be7e71541","Assets/Scenes/personag/Spels.unity","Spels","CharacterSheetManagerScene1","Toggle","toggleData","86","86","Toggle_0001_spels/0011_spelChek/0009_uspih (6)/0004_Toggle (3)","0001_spels/0011_spelChek/0009_uspih (6)/0004_Toggle (3)","spels/spelChek/uspih (6)/Toggle (3)","dnd.spels.toggle.toggle-3.4582f98f6bce"
"1","159230d9f324f4fd8dc19ff35df5d336895da1ba","90a2dcb7dff924c4ca7f4f1be7e71541","Assets/Scenes/personag/Spels.unity","Spels","CharacterSheetManagerScene1","Toggle","toggleData","87","87","Toggle_0001_spels/0011_spelChek/0009_uspih (6)/0005_Toggle (4)","0001_spels/0011_spelChek/0009_uspih (6)/0005_Toggle (4)","spels/spelChek/uspih (6)/Toggle (4)","dnd.spels.toggle.toggle-4.fac40a961e87"
"1","159230d9f324f4fd8dc19ff35df5d336895da1ba","90a2dcb7dff924c4ca7f4f1be7e71541","Assets/Scenes/personag/Spels.unity","Spels","CharacterSheetManagerScene1","Toggle","toggleData","88","88","Toggle_0001_spels/0011_spelChek/0009_uspih (6)/0006_Toggle (5)","0001_spels/0011_spelChek/0009_uspih (6)/0006_Toggle (5)","spels/spelChek/uspih (6)/Toggle (5)","dnd.spels.toggle.toggle-5.f6d096177a61"
"1","159230d9f324f4fd8dc19ff35df5d336895da1ba","90a2dcb7dff924c4ca7f4f1be7e71541","Assets/Scenes/personag/Spels.unity","Spels","CharacterSheetManagerScene1","Toggle","toggleData","89","89","Toggle_0001_spels/0011_spelChek/0009_uspih (6)/0007_Toggle (6)","0001_spels/0011_spelChek/0009_uspih (6)/0007_Toggle (6)","spels/spelChek/uspih (6)/Toggle (6)","dnd.spels.toggle.toggle-6.4594b9a7f33f"
"1","159230d9f324f4fd8dc19ff35df5d336895da1ba","90a2dcb7dff924c4ca7f4f1be7e71541","Assets/Scenes/personag/Spels.unity","Spels","CharacterSheetManagerScene1","Toggle","toggleData","90","90","Toggle_0001_spels/0011_spelChek/0009_uspih (6)/0008_Toggle (7)","0001_spels/0011_spelChek/0009_uspih (6)/0008_Toggle (7)","spels/spelChek/uspih (6)/Toggle (7)","dnd.spels.toggle.toggle-7.fdd77e909231"
"1","159230d9f324f4fd8dc19ff35df5d336895da1ba","90a2dcb7dff924c4ca7f4f1be7e71541","Assets/Scenes/personag/Spels.unity","Spels","CharacterSheetManagerScene1","Toggle","toggleData","91","91","Toggle_0001_spels/0011_spelChek/0010_uspih (7)/0002_Toggle (2)","0001_spels/0011_spelChek/0010_uspih (7)/0002_Toggle (2)","spels/spelChek/uspih (7)/Toggle (2)","dnd.spels.toggle.toggle-2.d9ffe93605f8"
"1","159230d9f324f4fd8dc19ff35df5d336895da1ba","90a2dcb7dff924c4ca7f4f1be7e71541","Assets/Scenes/personag/Spels.unity","Spels","CharacterSheetManagerScene1","Toggle","toggleData","92","92","Toggle_0001_spels/0011_spelChek/0010_uspih (7)/0003_Toggle (1)","0001_spels/0011_spelChek/0010_uspih (7)/0003_Toggle (1)","spels/spelChek/uspih (7)/Toggle (1)","dnd.spels.toggle.toggle-1.42306a6352ec"
"1","159230d9f324f4fd8dc19ff35df5d336895da1ba","90a2dcb7dff924c4ca7f4f1be7e71541","Assets/Scenes/personag/Spels.unity","Spels","CharacterSheetManagerScene1","Toggle","toggleData","93","93","Toggle_0001_spels/0011_spelChek/0010_uspih (7)/0004_Toggle","0001_spels/0011_spelChek/0010_uspih (7)/0004_Toggle","spels/spelChek/uspih (7)/Toggle","dnd.spels.toggle.toggle.f3401c92c045"
"1","159230d9f324f4fd8dc19ff35df5d336895da1ba","90a2dcb7dff924c4ca7f4f1be7e71541","Assets/Scenes/personag/Spels.unity","Spels","CharacterSheetManagerScene1","Toggle","toggleData","94","94","Toggle_0001_spels/0011_spelChek/0010_uspih (7)/0005_Toggle (3)","0001_spels/0011_spelChek/0010_uspih (7)/0005_Toggle (3)","spels/spelChek/uspih (7)/Toggle (3)","dnd.spels.toggle.toggle-3.6672ab4ff241"
"1","159230d9f324f4fd8dc19ff35df5d336895da1ba","90a2dcb7dff924c4ca7f4f1be7e71541","Assets/Scenes/personag/Spels.unity","Spels","CharacterSheetManagerScene1","Toggle","toggleData","95","95","Toggle_0001_spels/0011_spelChek/0010_uspih (7)/0006_Toggle (4)","0001_spels/0011_spelChek/0010_uspih (7)/0006_Toggle (4)","spels/spelChek/uspih (7)/Toggle (4)","dnd.spels.toggle.toggle-4.3aa983d74181"
"1","159230d9f324f4fd8dc19ff35df5d336895da1ba","90a2dcb7dff924c4ca7f4f1be7e71541","Assets/Scenes/personag/Spels.unity","Spels","CharacterSheetManagerScene1","Toggle","toggleData","96","96","Toggle_0001_spels/0011_spelChek/0010_uspih (7)/0007_Toggle (5)","0001_spels/0011_spelChek/0010_uspih (7)/0007_Toggle (5)","spels/spelChek/uspih (7)/Toggle (5)","dnd.spels.toggle.toggle-5.24b4ee05f73a"
"1","159230d9f324f4fd8dc19ff35df5d336895da1ba","90a2dcb7dff924c4ca7f4f1be7e71541","Assets/Scenes/personag/Spels.unity","Spels","CharacterSheetManagerScene1","Toggle","toggleData","97","97","Toggle_0001_spels/0011_spelChek/0010_uspih (7)/0008_Toggle (6)","0001_spels/0011_spelChek/0010_uspih (7)/0008_Toggle (6)","spels/spelChek/uspih (7)/Toggle (6)","dnd.spels.toggle.toggle-6.51fb2f7f7cec"
"1","159230d9f324f4fd8dc19ff35df5d336895da1ba","90a2dcb7dff924c4ca7f4f1be7e71541","Assets/Scenes/personag/Spels.unity","Spels","CharacterSheetManagerScene1","Toggle","toggleData","98","98","Toggle_0001_spels/0011_spelChek/0010_uspih (7)/0009_Toggle (7)","0001_spels/0011_spelChek/0010_uspih (7)/0009_Toggle (7)","spels/spelChek/uspih (7)/Toggle (7)","dnd.spels.toggle.toggle-7.cfa27467374c"
"1","159230d9f324f4fd8dc19ff35df5d336895da1ba","90a2dcb7dff924c4ca7f4f1be7e71541","Assets/Scenes/personag/Spels.unity","Spels","CharacterSheetManagerScene1","Toggle","toggleData","99","99","Toggle_0001_spels/0011_spelChek/0011_uspih (8)/0002_Toggle (2)","0001_spels/0011_spelChek/0011_uspih (8)/0002_Toggle (2)","spels/spelChek/uspih (8)/Toggle (2)","dnd.spels.toggle.toggle-2.1f650b8c8f67"
"1","159230d9f324f4fd8dc19ff35df5d336895da1ba","90a2dcb7dff924c4ca7f4f1be7e71541","Assets/Scenes/personag/Spels.unity","Spels","CharacterSheetManagerScene1","Toggle","toggleData","100","100","Toggle_0001_spels/0011_spelChek/0011_uspih (8)/0003_Toggle (1)","0001_spels/0011_spelChek/0011_uspih (8)/0003_Toggle (1)","spels/spelChek/uspih (8)/Toggle (1)","dnd.spels.toggle.toggle-1.4abb18c79d12"
"1","159230d9f324f4fd8dc19ff35df5d336895da1ba","90a2dcb7dff924c4ca7f4f1be7e71541","Assets/Scenes/personag/Spels.unity","Spels","CharacterSheetManagerScene1","Toggle","toggleData","101","101","Toggle_0001_spels/0011_spelChek/0011_uspih (8)/0004_Toggle","0001_spels/0011_spelChek/0011_uspih (8)/0004_Toggle","spels/spelChek/uspih (8)/Toggle","dnd.spels.toggle.toggle.bda278844b69"
"1","159230d9f324f4fd8dc19ff35df5d336895da1ba","90a2dcb7dff924c4ca7f4f1be7e71541","Assets/Scenes/personag/Spels.unity","Spels","CharacterSheetManagerScene1","Toggle","toggleData","102","102","Toggle_0001_spels/0011_spelChek/0011_uspih (8)/0005_Toggle (3)","0001_spels/0011_spelChek/0011_uspih (8)/0005_Toggle (3)","spels/spelChek/uspih (8)/Toggle (3)","dnd.spels.toggle.toggle-3.206e3fe1f36d"
"1","159230d9f324f4fd8dc19ff35df5d336895da1ba","90a2dcb7dff924c4ca7f4f1be7e71541","Assets/Scenes/personag/Spels.unity","Spels","CharacterSheetManagerScene1","Toggle","toggleData","103","103","Toggle_0001_spels/0011_spelChek/0011_uspih (8)/0006_Toggle (4)","0001_spels/0011_spelChek/0011_uspih (8)/0006_Toggle (4)","spels/spelChek/uspih (8)/Toggle (4)","dnd.spels.toggle.toggle-4.615fb3e99ec6"
"1","159230d9f324f4fd8dc19ff35df5d336895da1ba","90a2dcb7dff924c4ca7f4f1be7e71541","Assets/Scenes/personag/Spels.unity","Spels","CharacterSheetManagerScene1","Toggle","toggleData","104","104","Toggle_0001_spels/0011_spelChek/0011_uspih (8)/0007_Toggle (5)","0001_spels/0011_spelChek/0011_uspih (8)/0007_Toggle (5)","spels/spelChek/uspih (8)/Toggle (5)","dnd.spels.toggle.toggle-5.61a8ecb95d3a"
"1","159230d9f324f4fd8dc19ff35df5d336895da1ba","90a2dcb7dff924c4ca7f4f1be7e71541","Assets/Scenes/personag/Spels.unity","Spels","CharacterSheetManagerScene1","Toggle","toggleData","105","105","Toggle_0001_spels/0011_spelChek/0011_uspih (8)/0008_Toggle (6)","0001_spels/0011_spelChek/0011_uspih (8)/0008_Toggle (6)","spels/spelChek/uspih (8)/Toggle (6)","dnd.spels.toggle.toggle-6.cbb5b50d4079"
"1","159230d9f324f4fd8dc19ff35df5d336895da1ba","90a2dcb7dff924c4ca7f4f1be7e71541","Assets/Scenes/personag/Spels.unity","Spels","CharacterSheetManagerScene1","Toggle","toggleData","106","106","Toggle_0001_spels/0011_spelChek/0011_uspih (8)/0009_Toggle (7)","0001_spels/0011_spelChek/0011_uspih (8)/0009_Toggle (7)","spels/spelChek/uspih (8)/Toggle (7)","dnd.spels.toggle.toggle-7.c6bd2539c937"
"1","159230d9f324f4fd8dc19ff35df5d336895da1ba","90a2dcb7dff924c4ca7f4f1be7e71541","Assets/Scenes/personag/Spels.unity","Spels","CharacterSheetManagerScene1","Toggle","toggleData","107","107","Toggle_0001_spels/0012_artefactsNavuk/0002_dropDawnChek/0000_Dropdown (Legacy)/0002_Template/0000_Viewport/0000_Content/0000_Item","0001_spels/0012_artefactsNavuk/0002_dropDawnChek/0000_Dropdown (Legacy)/0002_Template/0000_Viewport/0000_Content/0000_Item","spels/artefactsNavuk/dropDawnChek/Dropdown (Legacy)/Template/Viewport/Content/Item","dnd.spels.toggle.item.3726a52010fa"
"1","159230d9f324f4fd8dc19ff35df5d336895da1ba","90a2dcb7dff924c4ca7f4f1be7e71541","Assets/Scenes/personag/Spels.unity","Spels","CharacterSheetManagerScene1","Toggle","toggleData","108","108","Toggle_0001_spels/0012_artefactsNavuk/0002_dropDawnChek/0001_Dropdown (Legacy) (1)/0002_Template/0000_Viewport/0000_Content/0000_Item","0001_spels/0012_artefactsNavuk/0002_dropDawnChek/0001_Dropdown (Legacy) (1)/0002_Template/0000_Viewport/0000_Content/0000_Item","spels/artefactsNavuk/dropDawnChek/Dropdown (Legacy) (1)/Template/Viewport/Content/Item","dnd.spels.toggle.item.da319f394dcb"
"1","159230d9f324f4fd8dc19ff35df5d336895da1ba","90a2dcb7dff924c4ca7f4f1be7e71541","Assets/Scenes/personag/Spels.unity","Spels","CharacterSheetManagerScene1","Toggle","toggleData","109","109","Toggle_0001_spels/0012_artefactsNavuk/0002_dropDawnChek/0002_Dropdown (Legacy) (2)/0002_Template/0000_Viewport/0000_Content/0000_Item","0001_spels/0012_artefactsNavuk/0002_dropDawnChek/0002_Dropdown (Legacy) (2)/0002_Template/0000_Viewport/0000_Content/0000_Item","spels/artefactsNavuk/dropDawnChek/Dropdown (Legacy) (2)/Template/Viewport/Content/Item","dnd.spels.toggle.item.a6238620d065"
"1","159230d9f324f4fd8dc19ff35df5d336895da1ba","90a2dcb7dff924c4ca7f4f1be7e71541","Assets/Scenes/personag/Spels.unity","Spels","CharacterSheetManagerScene1","Toggle","toggleData","110","110","Toggle_0001_spels/0012_artefactsNavuk/0002_dropDawnChek/0003_Dropdown (Legacy) (3)/0002_Template/0000_Viewport/0000_Content/0000_Item","0001_spels/0012_artefactsNavuk/0002_dropDawnChek/0003_Dropdown (Legacy) (3)/0002_Template/0000_Viewport/0000_Content/0000_Item","spels/artefactsNavuk/dropDawnChek/Dropdown (Legacy) (3)/Template/Viewport/Content/Item","dnd.spels.toggle.item.49e40ead6b75"
"1","159230d9f324f4fd8dc19ff35df5d336895da1ba","90a2dcb7dff924c4ca7f4f1be7e71541","Assets/Scenes/personag/Spels.unity","Spels","CharacterSheetManagerScene1","Toggle","toggleData","111","111","Toggle_0001_spels/0012_artefactsNavuk/0002_dropDawnChek/0004_Dropdown (Legacy) (4)/0002_Template/0000_Viewport/0000_Content/0000_Item","0001_spels/0012_artefactsNavuk/0002_dropDawnChek/0004_Dropdown (Legacy) (4)/0002_Template/0000_Viewport/0000_Content/0000_Item","spels/artefactsNavuk/dropDawnChek/Dropdown (Legacy) (4)/Template/Viewport/Content/Item","dnd.spels.toggle.item.5f9c9469f95b"
"1","159230d9f324f4fd8dc19ff35df5d336895da1ba","90a2dcb7dff924c4ca7f4f1be7e71541","Assets/Scenes/personag/Spels.unity","Spels","CharacterSheetManagerScene1","Toggle","toggleData","112","112","Toggle_0001_spels/0012_artefactsNavuk/0002_dropDawnChek/0005_Dropdown (Legacy) (5)/0002_Template/0000_Viewport/0000_Content/0000_Item","0001_spels/0012_artefactsNavuk/0002_dropDawnChek/0005_Dropdown (Legacy) (5)/0002_Template/0000_Viewport/0000_Content/0000_Item","spels/artefactsNavuk/dropDawnChek/Dropdown (Legacy) (5)/Template/Viewport/Content/Item","dnd.spels.toggle.item.d09dbe9ddd7a"
"1","159230d9f324f4fd8dc19ff35df5d336895da1ba","90a2dcb7dff924c4ca7f4f1be7e71541","Assets/Scenes/personag/Spels.unity","Spels","CharacterSheetManagerScene1","Toggle","toggleData","113","113","Toggle_0001_spels/0012_artefactsNavuk/0002_dropDawnChek/0006_Dropdown (Legacy) (6)/0002_Template/0000_Viewport/0000_Content/0000_Item","0001_spels/0012_artefactsNavuk/0002_dropDawnChek/0006_Dropdown (Legacy) (6)/0002_Template/0000_Viewport/0000_Content/0000_Item","spels/artefactsNavuk/dropDawnChek/Dropdown (Legacy) (6)/Template/Viewport/Content/Item","dnd.spels.toggle.item.f74afdaf2477"
"1","159230d9f324f4fd8dc19ff35df5d336895da1ba","90a2dcb7dff924c4ca7f4f1be7e71541","Assets/Scenes/personag/Spels.unity","Spels","CharacterSheetManagerScene1","Toggle","toggleData","114","114","Toggle_0001_spels/0012_artefactsNavuk/0002_dropDawnChek/0007_Dropdown (Legacy) (7)/0002_Template/0000_Viewport/0000_Content/0000_Item","0001_spels/0012_artefactsNavuk/0002_dropDawnChek/0007_Dropdown (Legacy) (7)/0002_Template/0000_Viewport/0000_Content/0000_Item","spels/artefactsNavuk/dropDawnChek/Dropdown (Legacy) (7)/Template/Viewport/Content/Item","dnd.spels.toggle.item.c535648f7f44"
"1","159230d9f324f4fd8dc19ff35df5d336895da1ba","90a2dcb7dff924c4ca7f4f1be7e71541","Assets/Scenes/personag/Spels.unity","Spels","CharacterSheetManagerScene1","Toggle","toggleData","115","115","Toggle_0001_spels/0012_artefactsNavuk/0003_tonggle/0000_Togglespaspaw","0001_spels/0012_artefactsNavuk/0003_tonggle/0000_Togglespaspaw","spels/artefactsNavuk/tonggle/Togglespaspaw","dnd.spels.toggle.togglespaspaw.210a5d6da89e"
"1","159230d9f324f4fd8dc19ff35df5d336895da1ba","90a2dcb7dff924c4ca7f4f1be7e71541","Assets/Scenes/personag/Spels.unity","Spels","CharacterSheetManagerScene1","Toggle","toggleData","116","116","Toggle_0001_spels/0012_artefactsNavuk/0003_tonggle/0001_Togglespaspaw (1)","0001_spels/0012_artefactsNavuk/0003_tonggle/0001_Togglespaspaw (1)","spels/artefactsNavuk/tonggle/Togglespaspaw (1)","dnd.spels.toggle.togglespaspaw-1.6c32ed22949c"
"1","159230d9f324f4fd8dc19ff35df5d336895da1ba","90a2dcb7dff924c4ca7f4f1be7e71541","Assets/Scenes/personag/Spels.unity","Spels","CharacterSheetManagerScene1","Toggle","toggleData","117","117","Toggle_0001_spels/0012_artefactsNavuk/0003_tonggle/0002_Togglespaspaw (2)","0001_spels/0012_artefactsNavuk/0003_tonggle/0002_Togglespaspaw (2)","spels/artefactsNavuk/tonggle/Togglespaspaw (2)","dnd.spels.toggle.togglespaspaw-2.8a0d3bbd7122"
"1","159230d9f324f4fd8dc19ff35df5d336895da1ba","90a2dcb7dff924c4ca7f4f1be7e71541","Assets/Scenes/personag/Spels.unity","Spels","CharacterSheetManagerScene1","Toggle","toggleData","118","118","Toggle_0001_spels/0012_artefactsNavuk/0003_tonggle/0003_Togglespaspaw (3)","0001_spels/0012_artefactsNavuk/0003_tonggle/0003_Togglespaspaw (3)","spels/artefactsNavuk/tonggle/Togglespaspaw (3)","dnd.spels.toggle.togglespaspaw-3.459fbff3b008"
"1","159230d9f324f4fd8dc19ff35df5d336895da1ba","90a2dcb7dff924c4ca7f4f1be7e71541","Assets/Scenes/personag/Spels.unity","Spels","CharacterSheetManagerScene1","Toggle","toggleData","119","119","Toggle_0001_spels/0012_artefactsNavuk/0003_tonggle/0004_Togglespaspaw (4)","0001_spels/0012_artefactsNavuk/0003_tonggle/0004_Togglespaspaw (4)","spels/artefactsNavuk/tonggle/Togglespaspaw (4)","dnd.spels.toggle.togglespaspaw-4.bda670d50f24"
"1","159230d9f324f4fd8dc19ff35df5d336895da1ba","90a2dcb7dff924c4ca7f4f1be7e71541","Assets/Scenes/personag/Spels.unity","Spels","CharacterSheetManagerScene1","Toggle","toggleData","120","120","Toggle_0001_spels/0012_artefactsNavuk/0004_tonggle (1)/0000_Togglespaspaw","0001_spels/0012_artefactsNavuk/0004_tonggle (1)/0000_Togglespaspaw","spels/artefactsNavuk/tonggle (1)/Togglespaspaw","dnd.spels.toggle.togglespaspaw.55e47fc1037b"
"1","159230d9f324f4fd8dc19ff35df5d336895da1ba","90a2dcb7dff924c4ca7f4f1be7e71541","Assets/Scenes/personag/Spels.unity","Spels","CharacterSheetManagerScene1","Toggle","toggleData","121","121","Toggle_0001_spels/0012_artefactsNavuk/0004_tonggle (1)/0001_Togglespaspaw (1)","0001_spels/0012_artefactsNavuk/0004_tonggle (1)/0001_Togglespaspaw (1)","spels/artefactsNavuk/tonggle (1)/Togglespaspaw (1)","dnd.spels.toggle.togglespaspaw-1.fbef56b1c0ef"
"1","159230d9f324f4fd8dc19ff35df5d336895da1ba","90a2dcb7dff924c4ca7f4f1be7e71541","Assets/Scenes/personag/Spels.unity","Spels","CharacterSheetManagerScene1","Toggle","toggleData","122","122","Toggle_0001_spels/0012_artefactsNavuk/0004_tonggle (1)/0002_Togglespaspaw (2)","0001_spels/0012_artefactsNavuk/0004_tonggle (1)/0002_Togglespaspaw (2)","spels/artefactsNavuk/tonggle (1)/Togglespaspaw (2)","dnd.spels.toggle.togglespaspaw-2.dac976e98277"
"1","159230d9f324f4fd8dc19ff35df5d336895da1ba","90a2dcb7dff924c4ca7f4f1be7e71541","Assets/Scenes/personag/Spels.unity","Spels","CharacterSheetManagerScene1","Toggle","toggleData","123","123","Toggle_0001_spels/0012_artefactsNavuk/0004_tonggle (1)/0003_Togglespaspaw (3)","0001_spels/0012_artefactsNavuk/0004_tonggle (1)/0003_Togglespaspaw (3)","spels/artefactsNavuk/tonggle (1)/Togglespaspaw (3)","dnd.spels.toggle.togglespaspaw-3.774035b14e33"
"1","159230d9f324f4fd8dc19ff35df5d336895da1ba","90a2dcb7dff924c4ca7f4f1be7e71541","Assets/Scenes/personag/Spels.unity","Spels","CharacterSheetManagerScene1","Toggle","toggleData","124","124","Toggle_0001_spels/0012_artefactsNavuk/0004_tonggle (1)/0004_Togglespaspaw (4)","0001_spels/0012_artefactsNavuk/0004_tonggle (1)/0004_Togglespaspaw (4)","spels/artefactsNavuk/tonggle (1)/Togglespaspaw (4)","dnd.spels.toggle.togglespaspaw-4.e48a417b2731"
"1","159230d9f324f4fd8dc19ff35df5d336895da1ba","90a2dcb7dff924c4ca7f4f1be7e71541","Assets/Scenes/personag/Spels.unity","Spels","CharacterSheetManagerScene1","Toggle","toggleData","125","125","Toggle_0001_spels/0012_artefactsNavuk/0005_tonggle (2)/0000_Togglespaspaw","0001_spels/0012_artefactsNavuk/0005_tonggle (2)/0000_Togglespaspaw","spels/artefactsNavuk/tonggle (2)/Togglespaspaw","dnd.spels.toggle.togglespaspaw.0aee7fb4b3cf"
"1","159230d9f324f4fd8dc19ff35df5d336895da1ba","90a2dcb7dff924c4ca7f4f1be7e71541","Assets/Scenes/personag/Spels.unity","Spels","CharacterSheetManagerScene1","Toggle","toggleData","126","126","Toggle_0001_spels/0012_artefactsNavuk/0005_tonggle (2)/0001_Togglespaspaw (1)","0001_spels/0012_artefactsNavuk/0005_tonggle (2)/0001_Togglespaspaw (1)","spels/artefactsNavuk/tonggle (2)/Togglespaspaw (1)","dnd.spels.toggle.togglespaspaw-1.6e06b7e7490d"
"1","159230d9f324f4fd8dc19ff35df5d336895da1ba","90a2dcb7dff924c4ca7f4f1be7e71541","Assets/Scenes/personag/Spels.unity","Spels","CharacterSheetManagerScene1","Toggle","toggleData","127","127","Toggle_0001_spels/0012_artefactsNavuk/0005_tonggle (2)/0002_Togglespaspaw (2)","0001_spels/0012_artefactsNavuk/0005_tonggle (2)/0002_Togglespaspaw (2)","spels/artefactsNavuk/tonggle (2)/Togglespaspaw (2)","dnd.spels.toggle.togglespaspaw-2.78ea915126c1"
"1","159230d9f324f4fd8dc19ff35df5d336895da1ba","90a2dcb7dff924c4ca7f4f1be7e71541","Assets/Scenes/personag/Spels.unity","Spels","CharacterSheetManagerScene1","Toggle","toggleData","128","128","Toggle_0001_spels/0012_artefactsNavuk/0005_tonggle (2)/0003_Togglespaspaw (3)","0001_spels/0012_artefactsNavuk/0005_tonggle (2)/0003_Togglespaspaw (3)","spels/artefactsNavuk/tonggle (2)/Togglespaspaw (3)","dnd.spels.toggle.togglespaspaw-3.c647bc1c583d"
"1","159230d9f324f4fd8dc19ff35df5d336895da1ba","90a2dcb7dff924c4ca7f4f1be7e71541","Assets/Scenes/personag/Spels.unity","Spels","CharacterSheetManagerScene1","Toggle","toggleData","129","129","Toggle_0001_spels/0012_artefactsNavuk/0005_tonggle (2)/0004_Togglespaspaw (4)","0001_spels/0012_artefactsNavuk/0005_tonggle (2)/0004_Togglespaspaw (4)","spels/artefactsNavuk/tonggle (2)/Togglespaspaw (4)","dnd.spels.toggle.togglespaspaw-4.33fd49804107"
"1","159230d9f324f4fd8dc19ff35df5d336895da1ba","90a2dcb7dff924c4ca7f4f1be7e71541","Assets/Scenes/personag/Spels.unity","Spels","CharacterSheetManagerScene1","Toggle","toggleData","130","130","Toggle_0001_spels/0012_artefactsNavuk/0006_tonggle (3)/0000_Togglespaspaw","0001_spels/0012_artefactsNavuk/0006_tonggle (3)/0000_Togglespaspaw","spels/artefactsNavuk/tonggle (3)/Togglespaspaw","dnd.spels.toggle.togglespaspaw.f19805e57658"
"1","159230d9f324f4fd8dc19ff35df5d336895da1ba","90a2dcb7dff924c4ca7f4f1be7e71541","Assets/Scenes/personag/Spels.unity","Spels","CharacterSheetManagerScene1","Toggle","toggleData","131","131","Toggle_0001_spels/0012_artefactsNavuk/0006_tonggle (3)/0001_Togglespaspaw (1)","0001_spels/0012_artefactsNavuk/0006_tonggle (3)/0001_Togglespaspaw (1)","spels/artefactsNavuk/tonggle (3)/Togglespaspaw (1)","dnd.spels.toggle.togglespaspaw-1.8b8b2f9d92ce"
"1","159230d9f324f4fd8dc19ff35df5d336895da1ba","90a2dcb7dff924c4ca7f4f1be7e71541","Assets/Scenes/personag/Spels.unity","Spels","CharacterSheetManagerScene1","Toggle","toggleData","132","132","Toggle_0001_spels/0012_artefactsNavuk/0006_tonggle (3)/0002_Togglespaspaw (2)","0001_spels/0012_artefactsNavuk/0006_tonggle (3)/0002_Togglespaspaw (2)","spels/artefactsNavuk/tonggle (3)/Togglespaspaw (2)","dnd.spels.toggle.togglespaspaw-2.4aac4d7aac30"
"1","159230d9f324f4fd8dc19ff35df5d336895da1ba","90a2dcb7dff924c4ca7f4f1be7e71541","Assets/Scenes/personag/Spels.unity","Spels","CharacterSheetManagerScene1","Toggle","toggleData","133","133","Toggle_0001_spels/0012_artefactsNavuk/0006_tonggle (3)/0003_Togglespaspaw (3)","0001_spels/0012_artefactsNavuk/0006_tonggle (3)/0003_Togglespaspaw (3)","spels/artefactsNavuk/tonggle (3)/Togglespaspaw (3)","dnd.spels.toggle.togglespaspaw-3.a19b4605380d"
"1","159230d9f324f4fd8dc19ff35df5d336895da1ba","90a2dcb7dff924c4ca7f4f1be7e71541","Assets/Scenes/personag/Spels.unity","Spels","CharacterSheetManagerScene1","Toggle","toggleData","134","134","Toggle_0001_spels/0012_artefactsNavuk/0006_tonggle (3)/0004_Togglespaspaw (4)","0001_spels/0012_artefactsNavuk/0006_tonggle (3)/0004_Togglespaspaw (4)","spels/artefactsNavuk/tonggle (3)/Togglespaspaw (4)","dnd.spels.toggle.togglespaspaw-4.ee6be0d89cf9"
"1","159230d9f324f4fd8dc19ff35df5d336895da1ba","90a2dcb7dff924c4ca7f4f1be7e71541","Assets/Scenes/personag/Spels.unity","Spels","CharacterSheetManagerScene1","Toggle","toggleData","135","135","Toggle_0001_spels/0012_artefactsNavuk/0007_tonggle (4)/0000_Togglespaspaw","0001_spels/0012_artefactsNavuk/0007_tonggle (4)/0000_Togglespaspaw","spels/artefactsNavuk/tonggle (4)/Togglespaspaw","dnd.spels.toggle.togglespaspaw.5ebb846c5243"
"1","159230d9f324f4fd8dc19ff35df5d336895da1ba","90a2dcb7dff924c4ca7f4f1be7e71541","Assets/Scenes/personag/Spels.unity","Spels","CharacterSheetManagerScene1","Toggle","toggleData","136","136","Toggle_0001_spels/0012_artefactsNavuk/0007_tonggle (4)/0001_Togglespaspaw (1)","0001_spels/0012_artefactsNavuk/0007_tonggle (4)/0001_Togglespaspaw (1)","spels/artefactsNavuk/tonggle (4)/Togglespaspaw (1)","dnd.spels.toggle.togglespaspaw-1.4eaeb27d27c4"
"1","159230d9f324f4fd8dc19ff35df5d336895da1ba","90a2dcb7dff924c4ca7f4f1be7e71541","Assets/Scenes/personag/Spels.unity","Spels","CharacterSheetManagerScene1","Toggle","toggleData","137","137","Toggle_0001_spels/0012_artefactsNavuk/0007_tonggle (4)/0002_Togglespaspaw (2)","0001_spels/0012_artefactsNavuk/0007_tonggle (4)/0002_Togglespaspaw (2)","spels/artefactsNavuk/tonggle (4)/Togglespaspaw (2)","dnd.spels.toggle.togglespaspaw-2.34e5646b6d19"
"1","159230d9f324f4fd8dc19ff35df5d336895da1ba","90a2dcb7dff924c4ca7f4f1be7e71541","Assets/Scenes/personag/Spels.unity","Spels","CharacterSheetManagerScene1","Toggle","toggleData","138","138","Toggle_0001_spels/0012_artefactsNavuk/0007_tonggle (4)/0003_Togglespaspaw (3)","0001_spels/0012_artefactsNavuk/0007_tonggle (4)/0003_Togglespaspaw (3)","spels/artefactsNavuk/tonggle (4)/Togglespaspaw (3)","dnd.spels.toggle.togglespaspaw-3.f2fdcb395b22"
"1","159230d9f324f4fd8dc19ff35df5d336895da1ba","90a2dcb7dff924c4ca7f4f1be7e71541","Assets/Scenes/personag/Spels.unity","Spels","CharacterSheetManagerScene1","Toggle","toggleData","139","139","Toggle_0001_spels/0012_artefactsNavuk/0007_tonggle (4)/0004_Togglespaspaw (4)","0001_spels/0012_artefactsNavuk/0007_tonggle (4)/0004_Togglespaspaw (4)","spels/artefactsNavuk/tonggle (4)/Togglespaspaw (4)","dnd.spels.toggle.togglespaspaw-4.c2cf82eefc87"
"1","159230d9f324f4fd8dc19ff35df5d336895da1ba","90a2dcb7dff924c4ca7f4f1be7e71541","Assets/Scenes/personag/Spels.unity","Spels","CharacterSheetManagerScene1","Toggle","toggleData","140","140","Toggle_0001_spels/0012_artefactsNavuk/0008_tonggle (5)/0000_Togglespaspaw","0001_spels/0012_artefactsNavuk/0008_tonggle (5)/0000_Togglespaspaw","spels/artefactsNavuk/tonggle (5)/Togglespaspaw","dnd.spels.toggle.togglespaspaw.8475900395c0"
"1","159230d9f324f4fd8dc19ff35df5d336895da1ba","90a2dcb7dff924c4ca7f4f1be7e71541","Assets/Scenes/personag/Spels.unity","Spels","CharacterSheetManagerScene1","Toggle","toggleData","141","141","Toggle_0001_spels/0012_artefactsNavuk/0008_tonggle (5)/0001_Togglespaspaw (1)","0001_spels/0012_artefactsNavuk/0008_tonggle (5)/0001_Togglespaspaw (1)","spels/artefactsNavuk/tonggle (5)/Togglespaspaw (1)","dnd.spels.toggle.togglespaspaw-1.9d98759503b4"
"1","159230d9f324f4fd8dc19ff35df5d336895da1ba","90a2dcb7dff924c4ca7f4f1be7e71541","Assets/Scenes/personag/Spels.unity","Spels","CharacterSheetManagerScene1","Toggle","toggleData","142","142","Toggle_0001_spels/0012_artefactsNavuk/0008_tonggle (5)/0002_Togglespaspaw (2)","0001_spels/0012_artefactsNavuk/0008_tonggle (5)/0002_Togglespaspaw (2)","spels/artefactsNavuk/tonggle (5)/Togglespaspaw (2)","dnd.spels.toggle.togglespaspaw-2.87b48c82b0b4"
"1","159230d9f324f4fd8dc19ff35df5d336895da1ba","90a2dcb7dff924c4ca7f4f1be7e71541","Assets/Scenes/personag/Spels.unity","Spels","CharacterSheetManagerScene1","Toggle","toggleData","143","143","Toggle_0001_spels/0012_artefactsNavuk/0008_tonggle (5)/0003_Togglespaspaw (3)","0001_spels/0012_artefactsNavuk/0008_tonggle (5)/0003_Togglespaspaw (3)","spels/artefactsNavuk/tonggle (5)/Togglespaspaw (3)","dnd.spels.toggle.togglespaspaw-3.a45fc8593caa"
"1","159230d9f324f4fd8dc19ff35df5d336895da1ba","90a2dcb7dff924c4ca7f4f1be7e71541","Assets/Scenes/personag/Spels.unity","Spels","CharacterSheetManagerScene1","Toggle","toggleData","144","144","Toggle_0001_spels/0012_artefactsNavuk/0008_tonggle (5)/0004_Togglespaspaw (4)","0001_spels/0012_artefactsNavuk/0008_tonggle (5)/0004_Togglespaspaw (4)","spels/artefactsNavuk/tonggle (5)/Togglespaspaw (4)","dnd.spels.toggle.togglespaspaw-4.51ab53e22a1a"
"1","159230d9f324f4fd8dc19ff35df5d336895da1ba","90a2dcb7dff924c4ca7f4f1be7e71541","Assets/Scenes/personag/Spels.unity","Spels","CharacterSheetManagerScene1","Toggle","toggleData","145","145","Toggle_0001_spels/0012_artefactsNavuk/0009_tonggle (6)/0000_Togglespaspaw","0001_spels/0012_artefactsNavuk/0009_tonggle (6)/0000_Togglespaspaw","spels/artefactsNavuk/tonggle (6)/Togglespaspaw","dnd.spels.toggle.togglespaspaw.bac4c099d97e"
"1","159230d9f324f4fd8dc19ff35df5d336895da1ba","90a2dcb7dff924c4ca7f4f1be7e71541","Assets/Scenes/personag/Spels.unity","Spels","CharacterSheetManagerScene1","Toggle","toggleData","146","146","Toggle_0001_spels/0012_artefactsNavuk/0009_tonggle (6)/0001_Togglespaspaw (1)","0001_spels/0012_artefactsNavuk/0009_tonggle (6)/0001_Togglespaspaw (1)","spels/artefactsNavuk/tonggle (6)/Togglespaspaw (1)","dnd.spels.toggle.togglespaspaw-1.a4f1a3dd7e5f"
"1","159230d9f324f4fd8dc19ff35df5d336895da1ba","90a2dcb7dff924c4ca7f4f1be7e71541","Assets/Scenes/personag/Spels.unity","Spels","CharacterSheetManagerScene1","Toggle","toggleData","147","147","Toggle_0001_spels/0012_artefactsNavuk/0009_tonggle (6)/0002_Togglespaspaw (2)","0001_spels/0012_artefactsNavuk/0009_tonggle (6)/0002_Togglespaspaw (2)","spels/artefactsNavuk/tonggle (6)/Togglespaspaw (2)","dnd.spels.toggle.togglespaspaw-2.384abed8a509"
"1","159230d9f324f4fd8dc19ff35df5d336895da1ba","90a2dcb7dff924c4ca7f4f1be7e71541","Assets/Scenes/personag/Spels.unity","Spels","CharacterSheetManagerScene1","Toggle","toggleData","148","148","Toggle_0001_spels/0012_artefactsNavuk/0009_tonggle (6)/0003_Togglespaspaw (3)","0001_spels/0012_artefactsNavuk/0009_tonggle (6)/0003_Togglespaspaw (3)","spels/artefactsNavuk/tonggle (6)/Togglespaspaw (3)","dnd.spels.toggle.togglespaspaw-3.e93887f586c0"
"1","159230d9f324f4fd8dc19ff35df5d336895da1ba","90a2dcb7dff924c4ca7f4f1be7e71541","Assets/Scenes/personag/Spels.unity","Spels","CharacterSheetManagerScene1","Toggle","toggleData","149","149","Toggle_0001_spels/0012_artefactsNavuk/0009_tonggle (6)/0004_Togglespaspaw (4)","0001_spels/0012_artefactsNavuk/0009_tonggle (6)/0004_Togglespaspaw (4)","spels/artefactsNavuk/tonggle (6)/Togglespaspaw (4)","dnd.spels.toggle.togglespaspaw-4.de9288891c7f"
"1","159230d9f324f4fd8dc19ff35df5d336895da1ba","90a2dcb7dff924c4ca7f4f1be7e71541","Assets/Scenes/personag/Spels.unity","Spels","CharacterSheetManagerScene1","Toggle","toggleData","150","150","Toggle_0001_spels/0012_artefactsNavuk/0010_tonggle (7)/0000_Togglespaspaw","0001_spels/0012_artefactsNavuk/0010_tonggle (7)/0000_Togglespaspaw","spels/artefactsNavuk/tonggle (7)/Togglespaspaw","dnd.spels.toggle.togglespaspaw.a50a53f0026f"
"1","159230d9f324f4fd8dc19ff35df5d336895da1ba","90a2dcb7dff924c4ca7f4f1be7e71541","Assets/Scenes/personag/Spels.unity","Spels","CharacterSheetManagerScene1","Toggle","toggleData","151","151","Toggle_0001_spels/0012_artefactsNavuk/0010_tonggle (7)/0001_Togglespaspaw (1)","0001_spels/0012_artefactsNavuk/0010_tonggle (7)/0001_Togglespaspaw (1)","spels/artefactsNavuk/tonggle (7)/Togglespaspaw (1)","dnd.spels.toggle.togglespaspaw-1.1e5a0d7523f5"
"1","159230d9f324f4fd8dc19ff35df5d336895da1ba","90a2dcb7dff924c4ca7f4f1be7e71541","Assets/Scenes/personag/Spels.unity","Spels","CharacterSheetManagerScene1","Toggle","toggleData","152","152","Toggle_0001_spels/0012_artefactsNavuk/0010_tonggle (7)/0002_Togglespaspaw (2)","0001_spels/0012_artefactsNavuk/0010_tonggle (7)/0002_Togglespaspaw (2)","spels/artefactsNavuk/tonggle (7)/Togglespaspaw (2)","dnd.spels.toggle.togglespaspaw-2.c0af2d29ca96"
"1","159230d9f324f4fd8dc19ff35df5d336895da1ba","90a2dcb7dff924c4ca7f4f1be7e71541","Assets/Scenes/personag/Spels.unity","Spels","CharacterSheetManagerScene1","Toggle","toggleData","153","153","Toggle_0001_spels/0012_artefactsNavuk/0010_tonggle (7)/0003_Togglespaspaw (3)","0001_spels/0012_artefactsNavuk/0010_tonggle (7)/0003_Togglespaspaw (3)","spels/artefactsNavuk/tonggle (7)/Togglespaspaw (3)","dnd.spels.toggle.togglespaspaw-3.725c2369a56a"
"1","159230d9f324f4fd8dc19ff35df5d336895da1ba","90a2dcb7dff924c4ca7f4f1be7e71541","Assets/Scenes/personag/Spels.unity","Spels","CharacterSheetManagerScene1","Toggle","toggleData","154","154","Toggle_0001_spels/0012_artefactsNavuk/0010_tonggle (7)/0004_Togglespaspaw (4)","0001_spels/0012_artefactsNavuk/0010_tonggle (7)/0004_Togglespaspaw (4)","spels/artefactsNavuk/tonggle (7)/Togglespaspaw (4)","dnd.spels.toggle.togglespaspaw-4.47fbdc38bb7d"
"1","159230d9f324f4fd8dc19ff35df5d336895da1ba","90a2dcb7dff924c4ca7f4f1be7e71541","Assets/Scenes/personag/Spels.unity","Spels","CharacterSheetManagerScene1","Toggle","toggleData","155","155","Toggle_0001_spels/0013_infuzList/0001_Dropdown (Legacy)/0002_Template/0000_Viewport/0000_Content/0000_Item","0001_spels/0013_infuzList/0001_Dropdown (Legacy)/0002_Template/0000_Viewport/0000_Content/0000_Item","spels/infuzList/Dropdown (Legacy)/Template/Viewport/Content/Item","dnd.spels.toggle.item.2b2234c55854"
"1","159230d9f324f4fd8dc19ff35df5d336895da1ba","90a2dcb7dff924c4ca7f4f1be7e71541","Assets/Scenes/personag/Spels.unity","Spels","CharacterSheetManagerScene1","Toggle","toggleData","156","156","Toggle_0001_spels/0013_infuzList/0002_tonggle/0000_Togglespaspaw","0001_spels/0013_infuzList/0002_tonggle/0000_Togglespaspaw","spels/infuzList/tonggle/Togglespaspaw","dnd.spels.toggle.togglespaspaw.2c9aab98212d"
"1","159230d9f324f4fd8dc19ff35df5d336895da1ba","90a2dcb7dff924c4ca7f4f1be7e71541","Assets/Scenes/personag/Spels.unity","Spels","CharacterSheetManagerScene1","Toggle","toggleData","157","157","Toggle_0001_spels/0013_infuzList/0003_tonggle (1)/0000_Togglespaspaw","0001_spels/0013_infuzList/0003_tonggle (1)/0000_Togglespaspaw","spels/infuzList/tonggle (1)/Togglespaspaw","dnd.spels.toggle.togglespaspaw.30f7f13255ae"
"1","159230d9f324f4fd8dc19ff35df5d336895da1ba","90a2dcb7dff924c4ca7f4f1be7e71541","Assets/Scenes/personag/Spels.unity","Spels","CharacterSheetManagerScene1","Toggle","toggleData","158","158","Toggle_0001_spels/0013_infuzList/0004_tonggle (2)/0000_Togglespaspaw","0001_spels/0013_infuzList/0004_tonggle (2)/0000_Togglespaspaw","spels/infuzList/tonggle (2)/Togglespaspaw","dnd.spels.toggle.togglespaspaw.af66b7aeac7d"
"1","159230d9f324f4fd8dc19ff35df5d336895da1ba","90a2dcb7dff924c4ca7f4f1be7e71541","Assets/Scenes/personag/Spels.unity","Spels","CharacterSheetManagerScene1","Toggle","toggleData","159","159","Toggle_0001_spels/0013_infuzList/0005_tonggle (3)/0000_Togglespaspaw","0001_spels/0013_infuzList/0005_tonggle (3)/0000_Togglespaspaw","spels/infuzList/tonggle (3)/Togglespaspaw","dnd.spels.toggle.togglespaspaw.44e7a0d85530"
"1","159230d9f324f4fd8dc19ff35df5d336895da1ba","90a2dcb7dff924c4ca7f4f1be7e71541","Assets/Scenes/personag/Spels.unity","Spels","CharacterSheetManagerScene1","Toggle","toggleData","160","160","Toggle_0001_spels/0013_infuzList/0006_tonggle (4)/0000_Togglespaspaw","0001_spels/0013_infuzList/0006_tonggle (4)/0000_Togglespaspaw","spels/infuzList/tonggle (4)/Togglespaspaw","dnd.spels.toggle.togglespaspaw.ede84cb47ce5"
"1","159230d9f324f4fd8dc19ff35df5d336895da1ba","90a2dcb7dff924c4ca7f4f1be7e71541","Assets/Scenes/personag/Spels.unity","Spels","CharacterSheetManagerScene1","Toggle","toggleData","161","161","Toggle_0001_spels/0013_infuzList/0007_tonggle (5)/0000_Togglespaspaw","0001_spels/0013_infuzList/0007_tonggle (5)/0000_Togglespaspaw","spels/infuzList/tonggle (5)/Togglespaspaw","dnd.spels.toggle.togglespaspaw.233f14c8a7e3"
"1","159230d9f324f4fd8dc19ff35df5d336895da1ba","90a2dcb7dff924c4ca7f4f1be7e71541","Assets/Scenes/personag/Spels.unity","Spels","CharacterSheetManagerScene1","Toggle","toggleData","162","162","Toggle_0001_spels/0013_infuzList/0008_tonggle (6)/0000_Togglespaspaw","0001_spels/0013_infuzList/0008_tonggle (6)/0000_Togglespaspaw","spels/infuzList/tonggle (6)/Togglespaspaw","dnd.spels.toggle.togglespaspaw.7947e1866f9a"
"1","159230d9f324f4fd8dc19ff35df5d336895da1ba","90a2dcb7dff924c4ca7f4f1be7e71541","Assets/Scenes/personag/Spels.unity","Spels","CharacterSheetManagerScene1","Toggle","toggleData","163","163","Toggle_0001_spels/0013_infuzList/0009_tonggle (7)/0000_Togglespaspaw","0001_spels/0013_infuzList/0009_tonggle (7)/0000_Togglespaspaw","spels/infuzList/tonggle (7)/Togglespaspaw","dnd.spels.toggle.togglespaspaw.6bdac79547ff"
"1","159230d9f324f4fd8dc19ff35df5d336895da1ba","90a2dcb7dff924c4ca7f4f1be7e71541","Assets/Scenes/personag/Spels.unity","Spels","CharacterSheetManagerScene1","Toggle","toggleData","164","164","Toggle_0001_spels/0013_infuzList/0010_tonggle (8)/0000_Togglespaspaw","0001_spels/0013_infuzList/0010_tonggle (8)/0000_Togglespaspaw","spels/infuzList/tonggle (8)/Togglespaspaw","dnd.spels.toggle.togglespaspaw.33d2a3d6dfb3"
"1","159230d9f324f4fd8dc19ff35df5d336895da1ba","90a2dcb7dff924c4ca7f4f1be7e71541","Assets/Scenes/personag/Spels.unity","Spels","CharacterSheetManagerScene1","Toggle","toggleData","165","165","Toggle_0001_spels/0013_infuzList/0011_tonggle (9)/0000_Togglespaspaw","0001_spels/0013_infuzList/0011_tonggle (9)/0000_Togglespaspaw","spels/infuzList/tonggle (9)/Togglespaspaw","dnd.spels.toggle.togglespaspaw.f949beecf81c"
"1","159230d9f324f4fd8dc19ff35df5d336895da1ba","90a2dcb7dff924c4ca7f4f1be7e71541","Assets/Scenes/personag/Spels.unity","Spels","CharacterSheetManagerScene1","Toggle","toggleData","166","166","Toggle_0001_spels/0013_infuzList/0012_tonggle (10)/0000_Togglespaspaw","0001_spels/0013_infuzList/0012_tonggle (10)/0000_Togglespaspaw","spels/infuzList/tonggle (10)/Togglespaspaw","dnd.spels.toggle.togglespaspaw.ae58bd9ee1ce"
"1","159230d9f324f4fd8dc19ff35df5d336895da1ba","90a2dcb7dff924c4ca7f4f1be7e71541","Assets/Scenes/personag/Spels.unity","Spels","CharacterSheetManagerScene1","Toggle","toggleData","167","167","Toggle_0001_spels/0013_infuzList/0013_tonggle (11)/0000_Togglespaspaw","0001_spels/0013_infuzList/0013_tonggle (11)/0000_Togglespaspaw","spels/infuzList/tonggle (11)/Togglespaspaw","dnd.spels.toggle.togglespaspaw.f32347fe8d43"
"1","159230d9f324f4fd8dc19ff35df5d336895da1ba","90a2dcb7dff924c4ca7f4f1be7e71541","Assets/Scenes/personag/Spels.unity","Spels","CharacterSheetManagerScene1","Toggle","toggleData","168","168","Toggle_0001_spels/0014_infuzList (1)/0001_Dropdown (Legacy)/0002_Template/0000_Viewport/0000_Content/0000_Item","0001_spels/0014_infuzList (1)/0001_Dropdown (Legacy)/0002_Template/0000_Viewport/0000_Content/0000_Item","spels/infuzList (1)/Dropdown (Legacy)/Template/Viewport/Content/Item","dnd.spels.toggle.item.db715e571adc"
"1","159230d9f324f4fd8dc19ff35df5d336895da1ba","90a2dcb7dff924c4ca7f4f1be7e71541","Assets/Scenes/personag/Spels.unity","Spels","CharacterSheetManagerScene1","Toggle","toggleData","169","169","Toggle_0001_spels/0014_infuzList (1)/0002_tonggle/0000_Togglespaspaw","0001_spels/0014_infuzList (1)/0002_tonggle/0000_Togglespaspaw","spels/infuzList (1)/tonggle/Togglespaspaw","dnd.spels.toggle.togglespaspaw.32b3a52e0164"
"1","159230d9f324f4fd8dc19ff35df5d336895da1ba","90a2dcb7dff924c4ca7f4f1be7e71541","Assets/Scenes/personag/Spels.unity","Spels","CharacterSheetManagerScene1","Toggle","toggleData","170","170","Toggle_0001_spels/0014_infuzList (1)/0003_tonggle (1)/0000_Togglespaspaw","0001_spels/0014_infuzList (1)/0003_tonggle (1)/0000_Togglespaspaw","spels/infuzList (1)/tonggle (1)/Togglespaspaw","dnd.spels.toggle.togglespaspaw.01fca147c2bd"
"1","159230d9f324f4fd8dc19ff35df5d336895da1ba","90a2dcb7dff924c4ca7f4f1be7e71541","Assets/Scenes/personag/Spels.unity","Spels","CharacterSheetManagerScene1","Toggle","toggleData","171","171","Toggle_0001_spels/0014_infuzList (1)/0004_tonggle (2)/0000_Togglespaspaw","0001_spels/0014_infuzList (1)/0004_tonggle (2)/0000_Togglespaspaw","spels/infuzList (1)/tonggle (2)/Togglespaspaw","dnd.spels.toggle.togglespaspaw.0f28ff88766f"
"1","159230d9f324f4fd8dc19ff35df5d336895da1ba","90a2dcb7dff924c4ca7f4f1be7e71541","Assets/Scenes/personag/Spels.unity","Spels","CharacterSheetManagerScene1","Toggle","toggleData","172","172","Toggle_0001_spels/0014_infuzList (1)/0005_tonggle (3)/0000_Togglespaspaw","0001_spels/0014_infuzList (1)/0005_tonggle (3)/0000_Togglespaspaw","spels/infuzList (1)/tonggle (3)/Togglespaspaw","dnd.spels.toggle.togglespaspaw.6b78d29bb624"
"1","159230d9f324f4fd8dc19ff35df5d336895da1ba","90a2dcb7dff924c4ca7f4f1be7e71541","Assets/Scenes/personag/Spels.unity","Spels","CharacterSheetManagerScene1","Toggle","toggleData","173","173","Toggle_0001_spels/0014_infuzList (1)/0006_tonggle (4)/0000_Togglespaspaw","0001_spels/0014_infuzList (1)/0006_tonggle (4)/0000_Togglespaspaw","spels/infuzList (1)/tonggle (4)/Togglespaspaw","dnd.spels.toggle.togglespaspaw.f0e79c4cb66b"
"1","159230d9f324f4fd8dc19ff35df5d336895da1ba","90a2dcb7dff924c4ca7f4f1be7e71541","Assets/Scenes/personag/Spels.unity","Spels","CharacterSheetManagerScene1","Toggle","toggleData","174","174","Toggle_0001_spels/0014_infuzList (1)/0007_tonggle (5)/0000_Togglespaspaw","0001_spels/0014_infuzList (1)/0007_tonggle (5)/0000_Togglespaspaw","spels/infuzList (1)/tonggle (5)/Togglespaspaw","dnd.spels.toggle.togglespaspaw.9a089c9397b8"
"1","159230d9f324f4fd8dc19ff35df5d336895da1ba","90a2dcb7dff924c4ca7f4f1be7e71541","Assets/Scenes/personag/Spels.unity","Spels","CharacterSheetManagerScene1","Toggle","toggleData","175","175","Toggle_0001_spels/0014_infuzList (1)/0008_tonggle (6)/0000_Togglespaspaw","0001_spels/0014_infuzList (1)/0008_tonggle (6)/0000_Togglespaspaw","spels/infuzList (1)/tonggle (6)/Togglespaspaw","dnd.spels.toggle.togglespaspaw.025de8595998"
"1","159230d9f324f4fd8dc19ff35df5d336895da1ba","90a2dcb7dff924c4ca7f4f1be7e71541","Assets/Scenes/personag/Spels.unity","Spels","CharacterSheetManagerScene1","Toggle","toggleData","176","176","Toggle_0001_spels/0014_infuzList (1)/0009_tonggle (7)/0000_Togglespaspaw","0001_spels/0014_infuzList (1)/0009_tonggle (7)/0000_Togglespaspaw","spels/infuzList (1)/tonggle (7)/Togglespaspaw","dnd.spels.toggle.togglespaspaw.f8293d88930d"
"1","159230d9f324f4fd8dc19ff35df5d336895da1ba","90a2dcb7dff924c4ca7f4f1be7e71541","Assets/Scenes/personag/Spels.unity","Spels","CharacterSheetManagerScene1","Toggle","toggleData","177","177","Toggle_0001_spels/0015_pidgotovkaSpel/0002_tonggle/0000_Togglespaspaw","0001_spels/0015_pidgotovkaSpel/0002_tonggle/0000_Togglespaspaw","spels/pidgotovkaSpel/tonggle/Togglespaspaw","dnd.spels.toggle.togglespaspaw.b2092b09ca08"
"1","159230d9f324f4fd8dc19ff35df5d336895da1ba","90a2dcb7dff924c4ca7f4f1be7e71541","Assets/Scenes/personag/Spels.unity","Spels","CharacterSheetManagerScene1","Toggle","toggleData","178","178","Toggle_0001_spels/0015_pidgotovkaSpel/0003_tonggle (1)/0000_Togglespaspaw","0001_spels/0015_pidgotovkaSpel/0003_tonggle (1)/0000_Togglespaspaw","spels/pidgotovkaSpel/tonggle (1)/Togglespaspaw","dnd.spels.toggle.togglespaspaw.b1840585aeec"
"1","159230d9f324f4fd8dc19ff35df5d336895da1ba","90a2dcb7dff924c4ca7f4f1be7e71541","Assets/Scenes/personag/Spels.unity","Spels","CharacterSheetManagerScene1","Toggle","toggleData","179","179","Toggle_0001_spels/0015_pidgotovkaSpel/0004_tonggle (2)/0000_Togglespaspaw","0001_spels/0015_pidgotovkaSpel/0004_tonggle (2)/0000_Togglespaspaw","spels/pidgotovkaSpel/tonggle (2)/Togglespaspaw","dnd.spels.toggle.togglespaspaw.8e1164041245"
"1","159230d9f324f4fd8dc19ff35df5d336895da1ba","90a2dcb7dff924c4ca7f4f1be7e71541","Assets/Scenes/personag/Spels.unity","Spels","CharacterSheetManagerScene1","Toggle","toggleData","180","180","Toggle_0001_spels/0015_pidgotovkaSpel/0005_tonggle (3)/0000_Togglespaspaw","0001_spels/0015_pidgotovkaSpel/0005_tonggle (3)/0000_Togglespaspaw","spels/pidgotovkaSpel/tonggle (3)/Togglespaspaw","dnd.spels.toggle.togglespaspaw.db0c0cf33c50"
"1","159230d9f324f4fd8dc19ff35df5d336895da1ba","90a2dcb7dff924c4ca7f4f1be7e71541","Assets/Scenes/personag/Spels.unity","Spels","CharacterSheetManagerScene1","Toggle","toggleData","181","181","Toggle_0001_spels/0015_pidgotovkaSpel/0006_tonggle (4)/0000_Togglespaspaw","0001_spels/0015_pidgotovkaSpel/0006_tonggle (4)/0000_Togglespaspaw","spels/pidgotovkaSpel/tonggle (4)/Togglespaspaw","dnd.spels.toggle.togglespaspaw.655794552772"
"1","159230d9f324f4fd8dc19ff35df5d336895da1ba","90a2dcb7dff924c4ca7f4f1be7e71541","Assets/Scenes/personag/Spels.unity","Spels","CharacterSheetManagerScene1","Toggle","toggleData","182","182","Toggle_0001_spels/0015_pidgotovkaSpel/0007_tonggle (5)/0000_Togglespaspaw","0001_spels/0015_pidgotovkaSpel/0007_tonggle (5)/0000_Togglespaspaw","spels/pidgotovkaSpel/tonggle (5)/Togglespaspaw","dnd.spels.toggle.togglespaspaw.635b7624caaa"
"1","159230d9f324f4fd8dc19ff35df5d336895da1ba","90a2dcb7dff924c4ca7f4f1be7e71541","Assets/Scenes/personag/Spels.unity","Spels","CharacterSheetManagerScene1","Toggle","toggleData","183","183","Toggle_0001_spels/0015_pidgotovkaSpel/0008_tonggle (6)/0000_Togglespaspaw","0001_spels/0015_pidgotovkaSpel/0008_tonggle (6)/0000_Togglespaspaw","spels/pidgotovkaSpel/tonggle (6)/Togglespaspaw","dnd.spels.toggle.togglespaspaw.db27c0486538"
"1","159230d9f324f4fd8dc19ff35df5d336895da1ba","90a2dcb7dff924c4ca7f4f1be7e71541","Assets/Scenes/personag/Spels.unity","Spels","CharacterSheetManagerScene1","Toggle","toggleData","184","184","Toggle_0001_spels/0015_pidgotovkaSpel/0009_tonggle (7)/0000_Togglespaspaw","0001_spels/0015_pidgotovkaSpel/0009_tonggle (7)/0000_Togglespaspaw","spels/pidgotovkaSpel/tonggle (7)/Togglespaspaw","dnd.spels.toggle.togglespaspaw.f4555b92ab2e"
"1","159230d9f324f4fd8dc19ff35df5d336895da1ba","90a2dcb7dff924c4ca7f4f1be7e71541","Assets/Scenes/personag/Spels.unity","Spels","CharacterSheetManagerScene1","Toggle","toggleData","185","185","Toggle_0001_spels/0015_pidgotovkaSpel/0010_tonggle (8)/0000_Togglespaspaw","0001_spels/0015_pidgotovkaSpel/0010_tonggle (8)/0000_Togglespaspaw","spels/pidgotovkaSpel/tonggle (8)/Togglespaspaw","dnd.spels.toggle.togglespaspaw.b6e150bf382a"
"1","159230d9f324f4fd8dc19ff35df5d336895da1ba","90a2dcb7dff924c4ca7f4f1be7e71541","Assets/Scenes/personag/Spels.unity","Spels","CharacterSheetManagerScene1","Toggle","toggleData","186","186","Toggle_0001_spels/0015_pidgotovkaSpel/0011_tonggle (9)/0000_Togglespaspaw","0001_spels/0015_pidgotovkaSpel/0011_tonggle (9)/0000_Togglespaspaw","spels/pidgotovkaSpel/tonggle (9)/Togglespaspaw","dnd.spels.toggle.togglespaspaw.7afb3df35f58"
"1","159230d9f324f4fd8dc19ff35df5d336895da1ba","90a2dcb7dff924c4ca7f4f1be7e71541","Assets/Scenes/personag/Spels.unity","Spels","CharacterSheetManagerScene1","Toggle","toggleData","187","187","Toggle_0001_spels/0015_pidgotovkaSpel/0012_tonggle (10)/0000_Togglespaspaw","0001_spels/0015_pidgotovkaSpel/0012_tonggle (10)/0000_Togglespaspaw","spels/pidgotovkaSpel/tonggle (10)/Togglespaspaw","dnd.spels.toggle.togglespaspaw.25901b3f404d"
"1","159230d9f324f4fd8dc19ff35df5d336895da1ba","90a2dcb7dff924c4ca7f4f1be7e71541","Assets/Scenes/personag/Spels.unity","Spels","CharacterSheetManagerScene1","Toggle","toggleData","188","188","Toggle_0001_spels/0015_pidgotovkaSpel/0013_tonggle (21)/0000_Togglespaspaw","0001_spels/0015_pidgotovkaSpel/0013_tonggle (21)/0000_Togglespaspaw","spels/pidgotovkaSpel/tonggle (21)/Togglespaspaw","dnd.spels.toggle.togglespaspaw.78eeb5dd4193"
"1","159230d9f324f4fd8dc19ff35df5d336895da1ba","90a2dcb7dff924c4ca7f4f1be7e71541","Assets/Scenes/personag/Spels.unity","Spels","CharacterSheetManagerScene1","Toggle","toggleData","189","189","Toggle_0001_spels/0015_pidgotovkaSpel/0014_tonggle (12)/0000_Togglespaspaw","0001_spels/0015_pidgotovkaSpel/0014_tonggle (12)/0000_Togglespaspaw","spels/pidgotovkaSpel/tonggle (12)/Togglespaspaw","dnd.spels.toggle.togglespaspaw.20306a0e24d8"
"1","159230d9f324f4fd8dc19ff35df5d336895da1ba","90a2dcb7dff924c4ca7f4f1be7e71541","Assets/Scenes/personag/Spels.unity","Spels","CharacterSheetManagerScene1","Toggle","toggleData","190","190","Toggle_0001_spels/0015_pidgotovkaSpel/0015_tonggle (22)/0000_Togglespaspaw","0001_spels/0015_pidgotovkaSpel/0015_tonggle (22)/0000_Togglespaspaw","spels/pidgotovkaSpel/tonggle (22)/Togglespaspaw","dnd.spels.toggle.togglespaspaw.504c64b714e6"
"1","159230d9f324f4fd8dc19ff35df5d336895da1ba","90a2dcb7dff924c4ca7f4f1be7e71541","Assets/Scenes/personag/Spels.unity","Spels","CharacterSheetManagerScene1","Toggle","toggleData","191","191","Toggle_0001_spels/0015_pidgotovkaSpel/0016_tonggle (13)/0000_Togglespaspaw","0001_spels/0015_pidgotovkaSpel/0016_tonggle (13)/0000_Togglespaspaw","spels/pidgotovkaSpel/tonggle (13)/Togglespaspaw","dnd.spels.toggle.togglespaspaw.e579654dfc4e"
"1","159230d9f324f4fd8dc19ff35df5d336895da1ba","90a2dcb7dff924c4ca7f4f1be7e71541","Assets/Scenes/personag/Spels.unity","Spels","CharacterSheetManagerScene1","Toggle","toggleData","192","192","Toggle_0001_spels/0015_pidgotovkaSpel/0017_tonggle (27)/0000_Togglespaspaw","0001_spels/0015_pidgotovkaSpel/0017_tonggle (27)/0000_Togglespaspaw","spels/pidgotovkaSpel/tonggle (27)/Togglespaspaw","dnd.spels.toggle.togglespaspaw.9f6023141e27"
"1","159230d9f324f4fd8dc19ff35df5d336895da1ba","90a2dcb7dff924c4ca7f4f1be7e71541","Assets/Scenes/personag/Spels.unity","Spels","CharacterSheetManagerScene1","Toggle","toggleData","193","193","Toggle_0001_spels/0015_pidgotovkaSpel/0018_tonggle (14)/0000_Togglespaspaw","0001_spels/0015_pidgotovkaSpel/0018_tonggle (14)/0000_Togglespaspaw","spels/pidgotovkaSpel/tonggle (14)/Togglespaspaw","dnd.spels.toggle.togglespaspaw.f9e651388400"
"1","159230d9f324f4fd8dc19ff35df5d336895da1ba","90a2dcb7dff924c4ca7f4f1be7e71541","Assets/Scenes/personag/Spels.unity","Spels","CharacterSheetManagerScene1","Toggle","toggleData","194","194","Toggle_0001_spels/0015_pidgotovkaSpel/0019_tonggle (23)/0000_Togglespaspaw","0001_spels/0015_pidgotovkaSpel/0019_tonggle (23)/0000_Togglespaspaw","spels/pidgotovkaSpel/tonggle (23)/Togglespaspaw","dnd.spels.toggle.togglespaspaw.5380187b8ff8"
"1","159230d9f324f4fd8dc19ff35df5d336895da1ba","90a2dcb7dff924c4ca7f4f1be7e71541","Assets/Scenes/personag/Spels.unity","Spels","CharacterSheetManagerScene1","Toggle","toggleData","195","195","Toggle_0001_spels/0015_pidgotovkaSpel/0020_tonggle (15)/0000_Togglespaspaw","0001_spels/0015_pidgotovkaSpel/0020_tonggle (15)/0000_Togglespaspaw","spels/pidgotovkaSpel/tonggle (15)/Togglespaspaw","dnd.spels.toggle.togglespaspaw.40670edfe9c2"
"1","159230d9f324f4fd8dc19ff35df5d336895da1ba","90a2dcb7dff924c4ca7f4f1be7e71541","Assets/Scenes/personag/Spels.unity","Spels","CharacterSheetManagerScene1","Toggle","toggleData","196","196","Toggle_0001_spels/0015_pidgotovkaSpel/0021_tonggle (20)/0000_Togglespaspaw","0001_spels/0015_pidgotovkaSpel/0021_tonggle (20)/0000_Togglespaspaw","spels/pidgotovkaSpel/tonggle (20)/Togglespaspaw","dnd.spels.toggle.togglespaspaw.28fed2ba8df3"
"1","159230d9f324f4fd8dc19ff35df5d336895da1ba","90a2dcb7dff924c4ca7f4f1be7e71541","Assets/Scenes/personag/Spels.unity","Spels","CharacterSheetManagerScene1","Toggle","toggleData","197","197","Toggle_0001_spels/0015_pidgotovkaSpel/0022_tonggle (16)/0000_Togglespaspaw","0001_spels/0015_pidgotovkaSpel/0022_tonggle (16)/0000_Togglespaspaw","spels/pidgotovkaSpel/tonggle (16)/Togglespaspaw","dnd.spels.toggle.togglespaspaw.3ecfdd00cdb4"
"1","159230d9f324f4fd8dc19ff35df5d336895da1ba","90a2dcb7dff924c4ca7f4f1be7e71541","Assets/Scenes/personag/Spels.unity","Spels","CharacterSheetManagerScene1","Toggle","toggleData","198","198","Toggle_0001_spels/0015_pidgotovkaSpel/0023_tonggle (24)/0000_Togglespaspaw","0001_spels/0015_pidgotovkaSpel/0023_tonggle (24)/0000_Togglespaspaw","spels/pidgotovkaSpel/tonggle (24)/Togglespaspaw","dnd.spels.toggle.togglespaspaw.cb411a036ae4"
"1","159230d9f324f4fd8dc19ff35df5d336895da1ba","90a2dcb7dff924c4ca7f4f1be7e71541","Assets/Scenes/personag/Spels.unity","Spels","CharacterSheetManagerScene1","Toggle","toggleData","199","199","Toggle_0001_spels/0015_pidgotovkaSpel/0024_tonggle (17)/0000_Togglespaspaw","0001_spels/0015_pidgotovkaSpel/0024_tonggle (17)/0000_Togglespaspaw","spels/pidgotovkaSpel/tonggle (17)/Togglespaspaw","dnd.spels.toggle.togglespaspaw.022991180b15"
"1","159230d9f324f4fd8dc19ff35df5d336895da1ba","90a2dcb7dff924c4ca7f4f1be7e71541","Assets/Scenes/personag/Spels.unity","Spels","CharacterSheetManagerScene1","Toggle","toggleData","200","200","Toggle_0001_spels/0015_pidgotovkaSpel/0025_tonggle (25)/0000_Togglespaspaw","0001_spels/0015_pidgotovkaSpel/0025_tonggle (25)/0000_Togglespaspaw","spels/pidgotovkaSpel/tonggle (25)/Togglespaspaw","dnd.spels.toggle.togglespaspaw.f62d7da5fd0c"
"1","159230d9f324f4fd8dc19ff35df5d336895da1ba","90a2dcb7dff924c4ca7f4f1be7e71541","Assets/Scenes/personag/Spels.unity","Spels","CharacterSheetManagerScene1","Toggle","toggleData","201","201","Toggle_0001_spels/0015_pidgotovkaSpel/0026_tonggle (18)/0000_Togglespaspaw","0001_spels/0015_pidgotovkaSpel/0026_tonggle (18)/0000_Togglespaspaw","spels/pidgotovkaSpel/tonggle (18)/Togglespaspaw","dnd.spels.toggle.togglespaspaw.d635e502db44"
"1","159230d9f324f4fd8dc19ff35df5d336895da1ba","90a2dcb7dff924c4ca7f4f1be7e71541","Assets/Scenes/personag/Spels.unity","Spels","CharacterSheetManagerScene1","Toggle","toggleData","202","202","Toggle_0001_spels/0015_pidgotovkaSpel/0027_tonggle (26)/0000_Togglespaspaw","0001_spels/0015_pidgotovkaSpel/0027_tonggle (26)/0000_Togglespaspaw","spels/pidgotovkaSpel/tonggle (26)/Togglespaspaw","dnd.spels.toggle.togglespaspaw.162b2b3ba74f"
"1","159230d9f324f4fd8dc19ff35df5d336895da1ba","90a2dcb7dff924c4ca7f4f1be7e71541","Assets/Scenes/personag/Spels.unity","Spels","CharacterSheetManagerScene1","Toggle","toggleData","203","203","Toggle_0001_spels/0015_pidgotovkaSpel/0028_tonggle (19)/0000_Togglespaspaw","0001_spels/0015_pidgotovkaSpel/0028_tonggle (19)/0000_Togglespaspaw","spels/pidgotovkaSpel/tonggle (19)/Togglespaspaw","dnd.spels.toggle.togglespaspaw.506fb4ca9ff3"
"1","159230d9f324f4fd8dc19ff35df5d336895da1ba","90a2dcb7dff924c4ca7f4f1be7e71541","Assets/Scenes/personag/Spels.unity","Spels","CharacterSheetManagerScene1","Toggle","toggleData","204","204","Toggle_0001_spels/0015_pidgotovkaSpel/0029_tonggle (28)/0000_Togglespaspaw","0001_spels/0015_pidgotovkaSpel/0029_tonggle (28)/0000_Togglespaspaw","spels/pidgotovkaSpel/tonggle (28)/Togglespaspaw","dnd.spels.toggle.togglespaspaw.b7269cacf73b"
"1","159230d9f324f4fd8dc19ff35df5d336895da1ba","90a2dcb7dff924c4ca7f4f1be7e71541","Assets/Scenes/personag/Spels.unity","Spels","CharacterSheetManagerScene1","Toggle","toggleData","205","205","Toggle_0001_spels/0015_pidgotovkaSpel/0030_tonggle (11)/0000_Togglespaspaw","0001_spels/0015_pidgotovkaSpel/0030_tonggle (11)/0000_Togglespaspaw","spels/pidgotovkaSpel/tonggle (11)/Togglespaspaw","dnd.spels.toggle.togglespaspaw.31a42f142cc0"
"1","159230d9f324f4fd8dc19ff35df5d336895da1ba","90a2dcb7dff924c4ca7f4f1be7e71541","Assets/Scenes/personag/Spels.unity","Spels","CharacterSheetManagerScene1","Toggle","toggleData","206","206","Toggle_0001_spels/0015_pidgotovkaSpel/0031_tonggle (29)/0000_Togglespaspaw","0001_spels/0015_pidgotovkaSpel/0031_tonggle (29)/0000_Togglespaspaw","spels/pidgotovkaSpel/tonggle (29)/Togglespaspaw","dnd.spels.toggle.togglespaspaw.dfeb09576eed"
"1","159230d9f324f4fd8dc19ff35df5d336895da1ba","90a2dcb7dff924c4ca7f4f1be7e71541","Assets/Scenes/personag/Spels.unity","Spels","CharacterSheetManagerScene1","Toggle","toggleData","207","207","Toggle_0001_spels/0017_artefactInfuz/0002_dropDawnChek/0000_Dropdown (Legacy)/0002_Template/0000_Viewport/0000_Content/0000_Item","0001_spels/0017_artefactInfuz/0002_dropDawnChek/0000_Dropdown (Legacy)/0002_Template/0000_Viewport/0000_Content/0000_Item","spels/artefactInfuz/dropDawnChek/Dropdown (Legacy)/Template/Viewport/Content/Item","dnd.spels.toggle.item.28f61d963601"
"1","159230d9f324f4fd8dc19ff35df5d336895da1ba","90a2dcb7dff924c4ca7f4f1be7e71541","Assets/Scenes/personag/Spels.unity","Spels","CharacterSheetManagerScene1","Toggle","toggleData","208","208","Toggle_0001_spels/0017_artefactInfuz/0002_dropDawnChek/0001_Dropdown (Legacy) (1)/0002_Template/0000_Viewport/0000_Content/0000_Item","0001_spels/0017_artefactInfuz/0002_dropDawnChek/0001_Dropdown (Legacy) (1)/0002_Template/0000_Viewport/0000_Content/0000_Item","spels/artefactInfuz/dropDawnChek/Dropdown (Legacy) (1)/Template/Viewport/Content/Item","dnd.spels.toggle.item.8e70c1247a93"
"1","159230d9f324f4fd8dc19ff35df5d336895da1ba","90a2dcb7dff924c4ca7f4f1be7e71541","Assets/Scenes/personag/Spels.unity","Spels","CharacterSheetManagerScene1","Toggle","toggleData","209","209","Toggle_0001_spels/0017_artefactInfuz/0002_dropDawnChek/0002_Dropdown (Legacy) (2)/0002_Template/0000_Viewport/0000_Content/0000_Item","0001_spels/0017_artefactInfuz/0002_dropDawnChek/0002_Dropdown (Legacy) (2)/0002_Template/0000_Viewport/0000_Content/0000_Item","spels/artefactInfuz/dropDawnChek/Dropdown (Legacy) (2)/Template/Viewport/Content/Item","dnd.spels.toggle.item.49342fb5e0c8"
"1","159230d9f324f4fd8dc19ff35df5d336895da1ba","90a2dcb7dff924c4ca7f4f1be7e71541","Assets/Scenes/personag/Spels.unity","Spels","CharacterSheetManagerScene1","Toggle","toggleData","210","210","Toggle_0001_spels/0017_artefactInfuz/0002_dropDawnChek/0003_Dropdown (Legacy) (3)/0002_Template/0000_Viewport/0000_Content/0000_Item","0001_spels/0017_artefactInfuz/0002_dropDawnChek/0003_Dropdown (Legacy) (3)/0002_Template/0000_Viewport/0000_Content/0000_Item","spels/artefactInfuz/dropDawnChek/Dropdown (Legacy) (3)/Template/Viewport/Content/Item","dnd.spels.toggle.item.d0c497102137"
"1","159230d9f324f4fd8dc19ff35df5d336895da1ba","90a2dcb7dff924c4ca7f4f1be7e71541","Assets/Scenes/personag/Spels.unity","Spels","CharacterSheetManagerScene1","Toggle","toggleData","211","211","Toggle_0001_spels/0017_artefactInfuz/0002_dropDawnChek/0004_Dropdown (Legacy) (4)/0002_Template/0000_Viewport/0000_Content/0000_Item","0001_spels/0017_artefactInfuz/0002_dropDawnChek/0004_Dropdown (Legacy) (4)/0002_Template/0000_Viewport/0000_Content/0000_Item","spels/artefactInfuz/dropDawnChek/Dropdown (Legacy) (4)/Template/Viewport/Content/Item","dnd.spels.toggle.item.98d368ee2efd"
"1","159230d9f324f4fd8dc19ff35df5d336895da1ba","90a2dcb7dff924c4ca7f4f1be7e71541","Assets/Scenes/personag/Spels.unity","Spels","CharacterSheetManagerScene1","Toggle","toggleData","212","212","Toggle_0001_spels/0017_artefactInfuz/0002_dropDawnChek/0005_Dropdown (Legacy) (5)/0002_Template/0000_Viewport/0000_Content/0000_Item","0001_spels/0017_artefactInfuz/0002_dropDawnChek/0005_Dropdown (Legacy) (5)/0002_Template/0000_Viewport/0000_Content/0000_Item","spels/artefactInfuz/dropDawnChek/Dropdown (Legacy) (5)/Template/Viewport/Content/Item","dnd.spels.toggle.item.e075f5efea45"
"1","159230d9f324f4fd8dc19ff35df5d336895da1ba","90a2dcb7dff924c4ca7f4f1be7e71541","Assets/Scenes/personag/Spels.unity","Spels","CharacterSheetManagerScene1","Toggle","toggleData","213","213","Toggle_0001_spels/0017_artefactInfuz/0002_dropDawnChek/0006_Dropdown (Legacy) (6)/0002_Template/0000_Viewport/0000_Content/0000_Item","0001_spels/0017_artefactInfuz/0002_dropDawnChek/0006_Dropdown (Legacy) (6)/0002_Template/0000_Viewport/0000_Content/0000_Item","spels/artefactInfuz/dropDawnChek/Dropdown (Legacy) (6)/Template/Viewport/Content/Item","dnd.spels.toggle.item.f433767bb58b"
"1","159230d9f324f4fd8dc19ff35df5d336895da1ba","90a2dcb7dff924c4ca7f4f1be7e71541","Assets/Scenes/personag/Spels.unity","Spels","CharacterSheetManagerScene1","Toggle","toggleData","214","214","Toggle_0001_spels/0017_artefactInfuz/0002_dropDawnChek/0007_Dropdown (Legacy) (7)/0002_Template/0000_Viewport/0000_Content/0000_Item","0001_spels/0017_artefactInfuz/0002_dropDawnChek/0007_Dropdown (Legacy) (7)/0002_Template/0000_Viewport/0000_Content/0000_Item","spels/artefactInfuz/dropDawnChek/Dropdown (Legacy) (7)/Template/Viewport/Content/Item","dnd.spels.toggle.item.aca0697c4292"
"1","159230d9f324f4fd8dc19ff35df5d336895da1ba","90a2dcb7dff924c4ca7f4f1be7e71541","Assets/Scenes/personag/Spels.unity","Spels","CharacterSheetManagerScene1","Toggle","toggleData","215","215","Toggle_0001_spels/0017_artefactInfuz/0003_tonggle/0000_Togglespaspaw","0001_spels/0017_artefactInfuz/0003_tonggle/0000_Togglespaspaw","spels/artefactInfuz/tonggle/Togglespaspaw","dnd.spels.toggle.togglespaspaw.9530cd7ab8df"
"1","159230d9f324f4fd8dc19ff35df5d336895da1ba","90a2dcb7dff924c4ca7f4f1be7e71541","Assets/Scenes/personag/Spels.unity","Spels","CharacterSheetManagerScene1","Toggle","toggleData","216","216","Toggle_0001_spels/0017_artefactInfuz/0003_tonggle/0001_Togglespaspaw (1)","0001_spels/0017_artefactInfuz/0003_tonggle/0001_Togglespaspaw (1)","spels/artefactInfuz/tonggle/Togglespaspaw (1)","dnd.spels.toggle.togglespaspaw-1.36d20ae9aec5"
"1","159230d9f324f4fd8dc19ff35df5d336895da1ba","90a2dcb7dff924c4ca7f4f1be7e71541","Assets/Scenes/personag/Spels.unity","Spels","CharacterSheetManagerScene1","Toggle","toggleData","217","217","Toggle_0001_spels/0017_artefactInfuz/0003_tonggle/0002_Togglespaspaw (2)","0001_spels/0017_artefactInfuz/0003_tonggle/0002_Togglespaspaw (2)","spels/artefactInfuz/tonggle/Togglespaspaw (2)","dnd.spels.toggle.togglespaspaw-2.5ab471bc1d9f"
"1","159230d9f324f4fd8dc19ff35df5d336895da1ba","90a2dcb7dff924c4ca7f4f1be7e71541","Assets/Scenes/personag/Spels.unity","Spels","CharacterSheetManagerScene1","Toggle","toggleData","218","218","Toggle_0001_spels/0017_artefactInfuz/0003_tonggle/0003_Togglespaspaw (3)","0001_spels/0017_artefactInfuz/0003_tonggle/0003_Togglespaspaw (3)","spels/artefactInfuz/tonggle/Togglespaspaw (3)","dnd.spels.toggle.togglespaspaw-3.73614cd23db1"
"1","159230d9f324f4fd8dc19ff35df5d336895da1ba","90a2dcb7dff924c4ca7f4f1be7e71541","Assets/Scenes/personag/Spels.unity","Spels","CharacterSheetManagerScene1","Toggle","toggleData","219","219","Toggle_0001_spels/0017_artefactInfuz/0003_tonggle/0004_Togglespaspaw (4)","0001_spels/0017_artefactInfuz/0003_tonggle/0004_Togglespaspaw (4)","spels/artefactInfuz/tonggle/Togglespaspaw (4)","dnd.spels.toggle.togglespaspaw-4.204ca6c519c2"
"1","159230d9f324f4fd8dc19ff35df5d336895da1ba","90a2dcb7dff924c4ca7f4f1be7e71541","Assets/Scenes/personag/Spels.unity","Spels","CharacterSheetManagerScene1","Toggle","toggleData","220","220","Toggle_0001_spels/0017_artefactInfuz/0003_tonggle/0005_Togglespaspaw (5)","0001_spels/0017_artefactInfuz/0003_tonggle/0005_Togglespaspaw (5)","spels/artefactInfuz/tonggle/Togglespaspaw (5)","dnd.spels.toggle.togglespaspaw-5.2610b12fc552"
"1","159230d9f324f4fd8dc19ff35df5d336895da1ba","90a2dcb7dff924c4ca7f4f1be7e71541","Assets/Scenes/personag/Spels.unity","Spels","CharacterSheetManagerScene1","Toggle","toggleData","221","221","Toggle_0001_spels/0017_artefactInfuz/0003_tonggle/0006_Togglespaspaw (6)","0001_spels/0017_artefactInfuz/0003_tonggle/0006_Togglespaspaw (6)","spels/artefactInfuz/tonggle/Togglespaspaw (6)","dnd.spels.toggle.togglespaspaw-6.304b2073d6cb"
"1","159230d9f324f4fd8dc19ff35df5d336895da1ba","90a2dcb7dff924c4ca7f4f1be7e71541","Assets/Scenes/personag/Spels.unity","Spels","CharacterSheetManagerScene1","Toggle","toggleData","222","222","Toggle_0001_spels/0017_artefactInfuz/0003_tonggle/0007_Togglespaspaw (7)","0001_spels/0017_artefactInfuz/0003_tonggle/0007_Togglespaspaw (7)","spels/artefactInfuz/tonggle/Togglespaspaw (7)","dnd.spels.toggle.togglespaspaw-7.221553b1016e"
"1","159230d9f324f4fd8dc19ff35df5d336895da1ba","90a2dcb7dff924c4ca7f4f1be7e71541","Assets/Scenes/personag/Spels.unity","Spels","CharacterSheetManagerScene1","Toggle","toggleData","223","223","Toggle_0001_spels/0017_artefactInfuz/0004_tonggle (1)/0000_Togglespaspaw","0001_spels/0017_artefactInfuz/0004_tonggle (1)/0000_Togglespaspaw","spels/artefactInfuz/tonggle (1)/Togglespaspaw","dnd.spels.toggle.togglespaspaw.b7b51dba9556"
"1","159230d9f324f4fd8dc19ff35df5d336895da1ba","90a2dcb7dff924c4ca7f4f1be7e71541","Assets/Scenes/personag/Spels.unity","Spels","CharacterSheetManagerScene1","Toggle","toggleData","224","224","Toggle_0001_spels/0017_artefactInfuz/0004_tonggle (1)/0001_Togglespaspaw (1)","0001_spels/0017_artefactInfuz/0004_tonggle (1)/0001_Togglespaspaw (1)","spels/artefactInfuz/tonggle (1)/Togglespaspaw (1)","dnd.spels.toggle.togglespaspaw-1.e19e23f65366"
"1","159230d9f324f4fd8dc19ff35df5d336895da1ba","90a2dcb7dff924c4ca7f4f1be7e71541","Assets/Scenes/personag/Spels.unity","Spels","CharacterSheetManagerScene1","Toggle","toggleData","225","225","Toggle_0001_spels/0017_artefactInfuz/0004_tonggle (1)/0002_Togglespaspaw (2)","0001_spels/0017_artefactInfuz/0004_tonggle (1)/0002_Togglespaspaw (2)","spels/artefactInfuz/tonggle (1)/Togglespaspaw (2)","dnd.spels.toggle.togglespaspaw-2.ba072b96d313"
"1","159230d9f324f4fd8dc19ff35df5d336895da1ba","90a2dcb7dff924c4ca7f4f1be7e71541","Assets/Scenes/personag/Spels.unity","Spels","CharacterSheetManagerScene1","Toggle","toggleData","226","226","Toggle_0001_spels/0017_artefactInfuz/0004_tonggle (1)/0003_Togglespaspaw (3)","0001_spels/0017_artefactInfuz/0004_tonggle (1)/0003_Togglespaspaw (3)","spels/artefactInfuz/tonggle (1)/Togglespaspaw (3)","dnd.spels.toggle.togglespaspaw-3.5c2f3d193284"
"1","159230d9f324f4fd8dc19ff35df5d336895da1ba","90a2dcb7dff924c4ca7f4f1be7e71541","Assets/Scenes/personag/Spels.unity","Spels","CharacterSheetManagerScene1","Toggle","toggleData","227","227","Toggle_0001_spels/0017_artefactInfuz/0004_tonggle (1)/0004_Togglespaspaw (4)","0001_spels/0017_artefactInfuz/0004_tonggle (1)/0004_Togglespaspaw (4)","spels/artefactInfuz/tonggle (1)/Togglespaspaw (4)","dnd.spels.toggle.togglespaspaw-4.f5a0c5d90d15"
"1","159230d9f324f4fd8dc19ff35df5d336895da1ba","90a2dcb7dff924c4ca7f4f1be7e71541","Assets/Scenes/personag/Spels.unity","Spels","CharacterSheetManagerScene1","Toggle","toggleData","228","228","Toggle_0001_spels/0017_artefactInfuz/0004_tonggle (1)/0005_Togglespaspaw (5)","0001_spels/0017_artefactInfuz/0004_tonggle (1)/0005_Togglespaspaw (5)","spels/artefactInfuz/tonggle (1)/Togglespaspaw (5)","dnd.spels.toggle.togglespaspaw-5.d20e3429899b"
"1","159230d9f324f4fd8dc19ff35df5d336895da1ba","90a2dcb7dff924c4ca7f4f1be7e71541","Assets/Scenes/personag/Spels.unity","Spels","CharacterSheetManagerScene1","Toggle","toggleData","229","229","Toggle_0001_spels/0017_artefactInfuz/0004_tonggle (1)/0006_Togglespaspaw (6)","0001_spels/0017_artefactInfuz/0004_tonggle (1)/0006_Togglespaspaw (6)","spels/artefactInfuz/tonggle (1)/Togglespaspaw (6)","dnd.spels.toggle.togglespaspaw-6.9b1422fa6ea2"
"1","159230d9f324f4fd8dc19ff35df5d336895da1ba","90a2dcb7dff924c4ca7f4f1be7e71541","Assets/Scenes/personag/Spels.unity","Spels","CharacterSheetManagerScene1","Toggle","toggleData","230","230","Toggle_0001_spels/0017_artefactInfuz/0004_tonggle (1)/0007_Togglespaspaw (7)","0001_spels/0017_artefactInfuz/0004_tonggle (1)/0007_Togglespaspaw (7)","spels/artefactInfuz/tonggle (1)/Togglespaspaw (7)","dnd.spels.toggle.togglespaspaw-7.ef40f3fc58bb"
"1","159230d9f324f4fd8dc19ff35df5d336895da1ba","90a2dcb7dff924c4ca7f4f1be7e71541","Assets/Scenes/personag/Spels.unity","Spels","CharacterSheetManagerScene1","Toggle","toggleData","231","231","Toggle_0001_spels/0017_artefactInfuz/0005_tonggle (2)/0000_Togglespaspaw","0001_spels/0017_artefactInfuz/0005_tonggle (2)/0000_Togglespaspaw","spels/artefactInfuz/tonggle (2)/Togglespaspaw","dnd.spels.toggle.togglespaspaw.5fea00149d39"
"1","159230d9f324f4fd8dc19ff35df5d336895da1ba","90a2dcb7dff924c4ca7f4f1be7e71541","Assets/Scenes/personag/Spels.unity","Spels","CharacterSheetManagerScene1","Toggle","toggleData","232","232","Toggle_0001_spels/0017_artefactInfuz/0005_tonggle (2)/0001_Togglespaspaw (1)","0001_spels/0017_artefactInfuz/0005_tonggle (2)/0001_Togglespaspaw (1)","spels/artefactInfuz/tonggle (2)/Togglespaspaw (1)","dnd.spels.toggle.togglespaspaw-1.2363b4a75075"
"1","159230d9f324f4fd8dc19ff35df5d336895da1ba","90a2dcb7dff924c4ca7f4f1be7e71541","Assets/Scenes/personag/Spels.unity","Spels","CharacterSheetManagerScene1","Toggle","toggleData","233","233","Toggle_0001_spels/0017_artefactInfuz/0005_tonggle (2)/0002_Togglespaspaw (2)","0001_spels/0017_artefactInfuz/0005_tonggle (2)/0002_Togglespaspaw (2)","spels/artefactInfuz/tonggle (2)/Togglespaspaw (2)","dnd.spels.toggle.togglespaspaw-2.061f28559350"
"1","159230d9f324f4fd8dc19ff35df5d336895da1ba","90a2dcb7dff924c4ca7f4f1be7e71541","Assets/Scenes/personag/Spels.unity","Spels","CharacterSheetManagerScene1","Toggle","toggleData","234","234","Toggle_0001_spels/0017_artefactInfuz/0005_tonggle (2)/0003_Togglespaspaw (3)","0001_spels/0017_artefactInfuz/0005_tonggle (2)/0003_Togglespaspaw (3)","spels/artefactInfuz/tonggle (2)/Togglespaspaw (3)","dnd.spels.toggle.togglespaspaw-3.d787831f9fd0"
"1","159230d9f324f4fd8dc19ff35df5d336895da1ba","90a2dcb7dff924c4ca7f4f1be7e71541","Assets/Scenes/personag/Spels.unity","Spels","CharacterSheetManagerScene1","Toggle","toggleData","235","235","Toggle_0001_spels/0017_artefactInfuz/0005_tonggle (2)/0004_Togglespaspaw (4)","0001_spels/0017_artefactInfuz/0005_tonggle (2)/0004_Togglespaspaw (4)","spels/artefactInfuz/tonggle (2)/Togglespaspaw (4)","dnd.spels.toggle.togglespaspaw-4.5af9f75a2cbd"
"1","159230d9f324f4fd8dc19ff35df5d336895da1ba","90a2dcb7dff924c4ca7f4f1be7e71541","Assets/Scenes/personag/Spels.unity","Spels","CharacterSheetManagerScene1","Toggle","toggleData","236","236","Toggle_0001_spels/0017_artefactInfuz/0005_tonggle (2)/0005_Togglespaspaw (5)","0001_spels/0017_artefactInfuz/0005_tonggle (2)/0005_Togglespaspaw (5)","spels/artefactInfuz/tonggle (2)/Togglespaspaw (5)","dnd.spels.toggle.togglespaspaw-5.6f75c0715dd7"
"1","159230d9f324f4fd8dc19ff35df5d336895da1ba","90a2dcb7dff924c4ca7f4f1be7e71541","Assets/Scenes/personag/Spels.unity","Spels","CharacterSheetManagerScene1","Toggle","toggleData","237","237","Toggle_0001_spels/0017_artefactInfuz/0005_tonggle (2)/0006_Togglespaspaw (6)","0001_spels/0017_artefactInfuz/0005_tonggle (2)/0006_Togglespaspaw (6)","spels/artefactInfuz/tonggle (2)/Togglespaspaw (6)","dnd.spels.toggle.togglespaspaw-6.b23dae51b9a6"
"1","159230d9f324f4fd8dc19ff35df5d336895da1ba","90a2dcb7dff924c4ca7f4f1be7e71541","Assets/Scenes/personag/Spels.unity","Spels","CharacterSheetManagerScene1","Toggle","toggleData","238","238","Toggle_0001_spels/0017_artefactInfuz/0005_tonggle (2)/0007_Togglespaspaw (7)","0001_spels/0017_artefactInfuz/0005_tonggle (2)/0007_Togglespaspaw (7)","spels/artefactInfuz/tonggle (2)/Togglespaspaw (7)","dnd.spels.toggle.togglespaspaw-7.52bc51e286e3"
"1","159230d9f324f4fd8dc19ff35df5d336895da1ba","90a2dcb7dff924c4ca7f4f1be7e71541","Assets/Scenes/personag/Spels.unity","Spels","CharacterSheetManagerScene1","Toggle","toggleData","239","239","Toggle_0001_spels/0017_artefactInfuz/0006_tonggle (3)/0000_Togglespaspaw","0001_spels/0017_artefactInfuz/0006_tonggle (3)/0000_Togglespaspaw","spels/artefactInfuz/tonggle (3)/Togglespaspaw","dnd.spels.toggle.togglespaspaw.cee7b6589a7f"
"1","159230d9f324f4fd8dc19ff35df5d336895da1ba","90a2dcb7dff924c4ca7f4f1be7e71541","Assets/Scenes/personag/Spels.unity","Spels","CharacterSheetManagerScene1","Toggle","toggleData","240","240","Toggle_0001_spels/0017_artefactInfuz/0006_tonggle (3)/0001_Togglespaspaw (1)","0001_spels/0017_artefactInfuz/0006_tonggle (3)/0001_Togglespaspaw (1)","spels/artefactInfuz/tonggle (3)/Togglespaspaw (1)","dnd.spels.toggle.togglespaspaw-1.d5dc97237603"
"1","159230d9f324f4fd8dc19ff35df5d336895da1ba","90a2dcb7dff924c4ca7f4f1be7e71541","Assets/Scenes/personag/Spels.unity","Spels","CharacterSheetManagerScene1","Toggle","toggleData","241","241","Toggle_0001_spels/0017_artefactInfuz/0006_tonggle (3)/0002_Togglespaspaw (2)","0001_spels/0017_artefactInfuz/0006_tonggle (3)/0002_Togglespaspaw (2)","spels/artefactInfuz/tonggle (3)/Togglespaspaw (2)","dnd.spels.toggle.togglespaspaw-2.3d5f91f96b9b"
"1","159230d9f324f4fd8dc19ff35df5d336895da1ba","90a2dcb7dff924c4ca7f4f1be7e71541","Assets/Scenes/personag/Spels.unity","Spels","CharacterSheetManagerScene1","Toggle","toggleData","242","242","Toggle_0001_spels/0017_artefactInfuz/0006_tonggle (3)/0003_Togglespaspaw (3)","0001_spels/0017_artefactInfuz/0006_tonggle (3)/0003_Togglespaspaw (3)","spels/artefactInfuz/tonggle (3)/Togglespaspaw (3)","dnd.spels.toggle.togglespaspaw-3.6882cc28afd4"
"1","159230d9f324f4fd8dc19ff35df5d336895da1ba","90a2dcb7dff924c4ca7f4f1be7e71541","Assets/Scenes/personag/Spels.unity","Spels","CharacterSheetManagerScene1","Toggle","toggleData","243","243","Toggle_0001_spels/0017_artefactInfuz/0006_tonggle (3)/0004_Togglespaspaw (4)","0001_spels/0017_artefactInfuz/0006_tonggle (3)/0004_Togglespaspaw (4)","spels/artefactInfuz/tonggle (3)/Togglespaspaw (4)","dnd.spels.toggle.togglespaspaw-4.29ea082d7e7d"
"1","159230d9f324f4fd8dc19ff35df5d336895da1ba","90a2dcb7dff924c4ca7f4f1be7e71541","Assets/Scenes/personag/Spels.unity","Spels","CharacterSheetManagerScene1","Toggle","toggleData","244","244","Toggle_0001_spels/0017_artefactInfuz/0006_tonggle (3)/0005_Togglespaspaw (5)","0001_spels/0017_artefactInfuz/0006_tonggle (3)/0005_Togglespaspaw (5)","spels/artefactInfuz/tonggle (3)/Togglespaspaw (5)","dnd.spels.toggle.togglespaspaw-5.a2ffb15bee14"
"1","159230d9f324f4fd8dc19ff35df5d336895da1ba","90a2dcb7dff924c4ca7f4f1be7e71541","Assets/Scenes/personag/Spels.unity","Spels","CharacterSheetManagerScene1","Toggle","toggleData","245","245","Toggle_0001_spels/0017_artefactInfuz/0006_tonggle (3)/0006_Togglespaspaw (6)","0001_spels/0017_artefactInfuz/0006_tonggle (3)/0006_Togglespaspaw (6)","spels/artefactInfuz/tonggle (3)/Togglespaspaw (6)","dnd.spels.toggle.togglespaspaw-6.5eb47d17f8f6"
"1","159230d9f324f4fd8dc19ff35df5d336895da1ba","90a2dcb7dff924c4ca7f4f1be7e71541","Assets/Scenes/personag/Spels.unity","Spels","CharacterSheetManagerScene1","Toggle","toggleData","246","246","Toggle_0001_spels/0017_artefactInfuz/0006_tonggle (3)/0007_Togglespaspaw (7)","0001_spels/0017_artefactInfuz/0006_tonggle (3)/0007_Togglespaspaw (7)","spels/artefactInfuz/tonggle (3)/Togglespaspaw (7)","dnd.spels.toggle.togglespaspaw-7.8f5a7ab5f561"
"1","159230d9f324f4fd8dc19ff35df5d336895da1ba","90a2dcb7dff924c4ca7f4f1be7e71541","Assets/Scenes/personag/Spels.unity","Spels","CharacterSheetManagerScene1","Toggle","toggleData","247","247","Toggle_0001_spels/0017_artefactInfuz/0007_tonggle (4)/0000_Togglespaspaw","0001_spels/0017_artefactInfuz/0007_tonggle (4)/0000_Togglespaspaw","spels/artefactInfuz/tonggle (4)/Togglespaspaw","dnd.spels.toggle.togglespaspaw.3efdf68694d8"
"1","159230d9f324f4fd8dc19ff35df5d336895da1ba","90a2dcb7dff924c4ca7f4f1be7e71541","Assets/Scenes/personag/Spels.unity","Spels","CharacterSheetManagerScene1","Toggle","toggleData","248","248","Toggle_0001_spels/0017_artefactInfuz/0007_tonggle (4)/0001_Togglespaspaw (1)","0001_spels/0017_artefactInfuz/0007_tonggle (4)/0001_Togglespaspaw (1)","spels/artefactInfuz/tonggle (4)/Togglespaspaw (1)","dnd.spels.toggle.togglespaspaw-1.a890470128d6"
"1","159230d9f324f4fd8dc19ff35df5d336895da1ba","90a2dcb7dff924c4ca7f4f1be7e71541","Assets/Scenes/personag/Spels.unity","Spels","CharacterSheetManagerScene1","Toggle","toggleData","249","249","Toggle_0001_spels/0017_artefactInfuz/0007_tonggle (4)/0002_Togglespaspaw (2)","0001_spels/0017_artefactInfuz/0007_tonggle (4)/0002_Togglespaspaw (2)","spels/artefactInfuz/tonggle (4)/Togglespaspaw (2)","dnd.spels.toggle.togglespaspaw-2.ef6ee2750017"
"1","159230d9f324f4fd8dc19ff35df5d336895da1ba","90a2dcb7dff924c4ca7f4f1be7e71541","Assets/Scenes/personag/Spels.unity","Spels","CharacterSheetManagerScene1","Toggle","toggleData","250","250","Toggle_0001_spels/0017_artefactInfuz/0007_tonggle (4)/0003_Togglespaspaw (3)","0001_spels/0017_artefactInfuz/0007_tonggle (4)/0003_Togglespaspaw (3)","spels/artefactInfuz/tonggle (4)/Togglespaspaw (3)","dnd.spels.toggle.togglespaspaw-3.6db0e0731f1d"
"1","159230d9f324f4fd8dc19ff35df5d336895da1ba","90a2dcb7dff924c4ca7f4f1be7e71541","Assets/Scenes/personag/Spels.unity","Spels","CharacterSheetManagerScene1","Toggle","toggleData","251","251","Toggle_0001_spels/0017_artefactInfuz/0007_tonggle (4)/0004_Togglespaspaw (4)","0001_spels/0017_artefactInfuz/0007_tonggle (4)/0004_Togglespaspaw (4)","spels/artefactInfuz/tonggle (4)/Togglespaspaw (4)","dnd.spels.toggle.togglespaspaw-4.5495bfeac523"
"1","159230d9f324f4fd8dc19ff35df5d336895da1ba","90a2dcb7dff924c4ca7f4f1be7e71541","Assets/Scenes/personag/Spels.unity","Spels","CharacterSheetManagerScene1","Toggle","toggleData","252","252","Toggle_0001_spels/0017_artefactInfuz/0007_tonggle (4)/0005_Togglespaspaw (5)","0001_spels/0017_artefactInfuz/0007_tonggle (4)/0005_Togglespaspaw (5)","spels/artefactInfuz/tonggle (4)/Togglespaspaw (5)","dnd.spels.toggle.togglespaspaw-5.1b2540f98096"
"1","159230d9f324f4fd8dc19ff35df5d336895da1ba","90a2dcb7dff924c4ca7f4f1be7e71541","Assets/Scenes/personag/Spels.unity","Spels","CharacterSheetManagerScene1","Toggle","toggleData","253","253","Toggle_0001_spels/0017_artefactInfuz/0007_tonggle (4)/0006_Togglespaspaw (6)","0001_spels/0017_artefactInfuz/0007_tonggle (4)/0006_Togglespaspaw (6)","spels/artefactInfuz/tonggle (4)/Togglespaspaw (6)","dnd.spels.toggle.togglespaspaw-6.90279ff85b6a"
"1","159230d9f324f4fd8dc19ff35df5d336895da1ba","90a2dcb7dff924c4ca7f4f1be7e71541","Assets/Scenes/personag/Spels.unity","Spels","CharacterSheetManagerScene1","Toggle","toggleData","254","254","Toggle_0001_spels/0017_artefactInfuz/0007_tonggle (4)/0007_Togglespaspaw (7)","0001_spels/0017_artefactInfuz/0007_tonggle (4)/0007_Togglespaspaw (7)","spels/artefactInfuz/tonggle (4)/Togglespaspaw (7)","dnd.spels.toggle.togglespaspaw-7.2d1cfe352895"
"1","159230d9f324f4fd8dc19ff35df5d336895da1ba","90a2dcb7dff924c4ca7f4f1be7e71541","Assets/Scenes/personag/Spels.unity","Spels","CharacterSheetManagerScene1","Toggle","toggleData","255","255","Toggle_0001_spels/0017_artefactInfuz/0008_tonggle (5)/0000_Togglespaspaw","0001_spels/0017_artefactInfuz/0008_tonggle (5)/0000_Togglespaspaw","spels/artefactInfuz/tonggle (5)/Togglespaspaw","dnd.spels.toggle.togglespaspaw.e6ac20ad181e"
"1","159230d9f324f4fd8dc19ff35df5d336895da1ba","90a2dcb7dff924c4ca7f4f1be7e71541","Assets/Scenes/personag/Spels.unity","Spels","CharacterSheetManagerScene1","Toggle","toggleData","256","256","Toggle_0001_spels/0017_artefactInfuz/0008_tonggle (5)/0001_Togglespaspaw (1)","0001_spels/0017_artefactInfuz/0008_tonggle (5)/0001_Togglespaspaw (1)","spels/artefactInfuz/tonggle (5)/Togglespaspaw (1)","dnd.spels.toggle.togglespaspaw-1.a13191bf37f3"
"1","159230d9f324f4fd8dc19ff35df5d336895da1ba","90a2dcb7dff924c4ca7f4f1be7e71541","Assets/Scenes/personag/Spels.unity","Spels","CharacterSheetManagerScene1","Toggle","toggleData","257","257","Toggle_0001_spels/0017_artefactInfuz/0008_tonggle (5)/0002_Togglespaspaw (2)","0001_spels/0017_artefactInfuz/0008_tonggle (5)/0002_Togglespaspaw (2)","spels/artefactInfuz/tonggle (5)/Togglespaspaw (2)","dnd.spels.toggle.togglespaspaw-2.9dec55973c1a"
"1","159230d9f324f4fd8dc19ff35df5d336895da1ba","90a2dcb7dff924c4ca7f4f1be7e71541","Assets/Scenes/personag/Spels.unity","Spels","CharacterSheetManagerScene1","Toggle","toggleData","258","258","Toggle_0001_spels/0017_artefactInfuz/0008_tonggle (5)/0003_Togglespaspaw (3)","0001_spels/0017_artefactInfuz/0008_tonggle (5)/0003_Togglespaspaw (3)","spels/artefactInfuz/tonggle (5)/Togglespaspaw (3)","dnd.spels.toggle.togglespaspaw-3.1552904cfd43"
"1","159230d9f324f4fd8dc19ff35df5d336895da1ba","90a2dcb7dff924c4ca7f4f1be7e71541","Assets/Scenes/personag/Spels.unity","Spels","CharacterSheetManagerScene1","Toggle","toggleData","259","259","Toggle_0001_spels/0017_artefactInfuz/0008_tonggle (5)/0004_Togglespaspaw (4)","0001_spels/0017_artefactInfuz/0008_tonggle (5)/0004_Togglespaspaw (4)","spels/artefactInfuz/tonggle (5)/Togglespaspaw (4)","dnd.spels.toggle.togglespaspaw-4.61fe07743973"
"1","159230d9f324f4fd8dc19ff35df5d336895da1ba","90a2dcb7dff924c4ca7f4f1be7e71541","Assets/Scenes/personag/Spels.unity","Spels","CharacterSheetManagerScene1","Toggle","toggleData","260","260","Toggle_0001_spels/0017_artefactInfuz/0008_tonggle (5)/0005_Togglespaspaw (5)","0001_spels/0017_artefactInfuz/0008_tonggle (5)/0005_Togglespaspaw (5)","spels/artefactInfuz/tonggle (5)/Togglespaspaw (5)","dnd.spels.toggle.togglespaspaw-5.84e239487a9b"
"1","159230d9f324f4fd8dc19ff35df5d336895da1ba","90a2dcb7dff924c4ca7f4f1be7e71541","Assets/Scenes/personag/Spels.unity","Spels","CharacterSheetManagerScene1","Toggle","toggleData","261","261","Toggle_0001_spels/0017_artefactInfuz/0008_tonggle (5)/0006_Togglespaspaw (6)","0001_spels/0017_artefactInfuz/0008_tonggle (5)/0006_Togglespaspaw (6)","spels/artefactInfuz/tonggle (5)/Togglespaspaw (6)","dnd.spels.toggle.togglespaspaw-6.095a438955fb"
"1","159230d9f324f4fd8dc19ff35df5d336895da1ba","90a2dcb7dff924c4ca7f4f1be7e71541","Assets/Scenes/personag/Spels.unity","Spels","CharacterSheetManagerScene1","Toggle","toggleData","262","262","Toggle_0001_spels/0017_artefactInfuz/0008_tonggle (5)/0007_Togglespaspaw (7)","0001_spels/0017_artefactInfuz/0008_tonggle (5)/0007_Togglespaspaw (7)","spels/artefactInfuz/tonggle (5)/Togglespaspaw (7)","dnd.spels.toggle.togglespaspaw-7.ba126273ff67"
"1","159230d9f324f4fd8dc19ff35df5d336895da1ba","90a2dcb7dff924c4ca7f4f1be7e71541","Assets/Scenes/personag/Spels.unity","Spels","CharacterSheetManagerScene1","Toggle","toggleData","263","263","Toggle_0001_spels/0017_artefactInfuz/0009_tonggle (6)/0000_Togglespaspaw","0001_spels/0017_artefactInfuz/0009_tonggle (6)/0000_Togglespaspaw","spels/artefactInfuz/tonggle (6)/Togglespaspaw","dnd.spels.toggle.togglespaspaw.b64b551d358d"
"1","159230d9f324f4fd8dc19ff35df5d336895da1ba","90a2dcb7dff924c4ca7f4f1be7e71541","Assets/Scenes/personag/Spels.unity","Spels","CharacterSheetManagerScene1","Toggle","toggleData","264","264","Toggle_0001_spels/0017_artefactInfuz/0009_tonggle (6)/0001_Togglespaspaw (1)","0001_spels/0017_artefactInfuz/0009_tonggle (6)/0001_Togglespaspaw (1)","spels/artefactInfuz/tonggle (6)/Togglespaspaw (1)","dnd.spels.toggle.togglespaspaw-1.e8b2a1f9991a"
"1","159230d9f324f4fd8dc19ff35df5d336895da1ba","90a2dcb7dff924c4ca7f4f1be7e71541","Assets/Scenes/personag/Spels.unity","Spels","CharacterSheetManagerScene1","Toggle","toggleData","265","265","Toggle_0001_spels/0017_artefactInfuz/0009_tonggle (6)/0002_Togglespaspaw (2)","0001_spels/0017_artefactInfuz/0009_tonggle (6)/0002_Togglespaspaw (2)","spels/artefactInfuz/tonggle (6)/Togglespaspaw (2)","dnd.spels.toggle.togglespaspaw-2.e03532c5b6f3"
"1","159230d9f324f4fd8dc19ff35df5d336895da1ba","90a2dcb7dff924c4ca7f4f1be7e71541","Assets/Scenes/personag/Spels.unity","Spels","CharacterSheetManagerScene1","Toggle","toggleData","266","266","Toggle_0001_spels/0017_artefactInfuz/0009_tonggle (6)/0003_Togglespaspaw (3)","0001_spels/0017_artefactInfuz/0009_tonggle (6)/0003_Togglespaspaw (3)","spels/artefactInfuz/tonggle (6)/Togglespaspaw (3)","dnd.spels.toggle.togglespaspaw-3.d6e11217fafd"
"1","159230d9f324f4fd8dc19ff35df5d336895da1ba","90a2dcb7dff924c4ca7f4f1be7e71541","Assets/Scenes/personag/Spels.unity","Spels","CharacterSheetManagerScene1","Toggle","toggleData","267","267","Toggle_0001_spels/0017_artefactInfuz/0009_tonggle (6)/0004_Togglespaspaw (4)","0001_spels/0017_artefactInfuz/0009_tonggle (6)/0004_Togglespaspaw (4)","spels/artefactInfuz/tonggle (6)/Togglespaspaw (4)","dnd.spels.toggle.togglespaspaw-4.3e02b63ef595"
"1","159230d9f324f4fd8dc19ff35df5d336895da1ba","90a2dcb7dff924c4ca7f4f1be7e71541","Assets/Scenes/personag/Spels.unity","Spels","CharacterSheetManagerScene1","Toggle","toggleData","268","268","Toggle_0001_spels/0017_artefactInfuz/0009_tonggle (6)/0005_Togglespaspaw (5)","0001_spels/0017_artefactInfuz/0009_tonggle (6)/0005_Togglespaspaw (5)","spels/artefactInfuz/tonggle (6)/Togglespaspaw (5)","dnd.spels.toggle.togglespaspaw-5.dfbbdb4f0f87"
"1","159230d9f324f4fd8dc19ff35df5d336895da1ba","90a2dcb7dff924c4ca7f4f1be7e71541","Assets/Scenes/personag/Spels.unity","Spels","CharacterSheetManagerScene1","Toggle","toggleData","269","269","Toggle_0001_spels/0017_artefactInfuz/0009_tonggle (6)/0006_Togglespaspaw (6)","0001_spels/0017_artefactInfuz/0009_tonggle (6)/0006_Togglespaspaw (6)","spels/artefactInfuz/tonggle (6)/Togglespaspaw (6)","dnd.spels.toggle.togglespaspaw-6.8d857396469f"
"1","159230d9f324f4fd8dc19ff35df5d336895da1ba","90a2dcb7dff924c4ca7f4f1be7e71541","Assets/Scenes/personag/Spels.unity","Spels","CharacterSheetManagerScene1","Toggle","toggleData","270","270","Toggle_0001_spels/0017_artefactInfuz/0009_tonggle (6)/0007_Togglespaspaw (7)","0001_spels/0017_artefactInfuz/0009_tonggle (6)/0007_Togglespaspaw (7)","spels/artefactInfuz/tonggle (6)/Togglespaspaw (7)","dnd.spels.toggle.togglespaspaw-7.35e5223843d0"
"1","159230d9f324f4fd8dc19ff35df5d336895da1ba","90a2dcb7dff924c4ca7f4f1be7e71541","Assets/Scenes/personag/Spels.unity","Spels","CharacterSheetManagerScene1","Toggle","toggleData","271","271","Toggle_0001_spels/0017_artefactInfuz/0010_tonggle (7)/0000_Togglespaspaw","0001_spels/0017_artefactInfuz/0010_tonggle (7)/0000_Togglespaspaw","spels/artefactInfuz/tonggle (7)/Togglespaspaw","dnd.spels.toggle.togglespaspaw.417cf8dd2bd9"
"1","159230d9f324f4fd8dc19ff35df5d336895da1ba","90a2dcb7dff924c4ca7f4f1be7e71541","Assets/Scenes/personag/Spels.unity","Spels","CharacterSheetManagerScene1","Toggle","toggleData","272","272","Toggle_0001_spels/0017_artefactInfuz/0010_tonggle (7)/0001_Togglespaspaw (1)","0001_spels/0017_artefactInfuz/0010_tonggle (7)/0001_Togglespaspaw (1)","spels/artefactInfuz/tonggle (7)/Togglespaspaw (1)","dnd.spels.toggle.togglespaspaw-1.fa9ca0789dc6"
"1","159230d9f324f4fd8dc19ff35df5d336895da1ba","90a2dcb7dff924c4ca7f4f1be7e71541","Assets/Scenes/personag/Spels.unity","Spels","CharacterSheetManagerScene1","Toggle","toggleData","273","273","Toggle_0001_spels/0017_artefactInfuz/0010_tonggle (7)/0002_Togglespaspaw (2)","0001_spels/0017_artefactInfuz/0010_tonggle (7)/0002_Togglespaspaw (2)","spels/artefactInfuz/tonggle (7)/Togglespaspaw (2)","dnd.spels.toggle.togglespaspaw-2.81a67b618f52"
"1","159230d9f324f4fd8dc19ff35df5d336895da1ba","90a2dcb7dff924c4ca7f4f1be7e71541","Assets/Scenes/personag/Spels.unity","Spels","CharacterSheetManagerScene1","Toggle","toggleData","274","274","Toggle_0001_spels/0017_artefactInfuz/0010_tonggle (7)/0003_Togglespaspaw (3)","0001_spels/0017_artefactInfuz/0010_tonggle (7)/0003_Togglespaspaw (3)","spels/artefactInfuz/tonggle (7)/Togglespaspaw (3)","dnd.spels.toggle.togglespaspaw-3.61a6b3500442"
"1","159230d9f324f4fd8dc19ff35df5d336895da1ba","90a2dcb7dff924c4ca7f4f1be7e71541","Assets/Scenes/personag/Spels.unity","Spels","CharacterSheetManagerScene1","Toggle","toggleData","275","275","Toggle_0001_spels/0017_artefactInfuz/0010_tonggle (7)/0004_Togglespaspaw (4)","0001_spels/0017_artefactInfuz/0010_tonggle (7)/0004_Togglespaspaw (4)","spels/artefactInfuz/tonggle (7)/Togglespaspaw (4)","dnd.spels.toggle.togglespaspaw-4.92f329eab14c"
"1","159230d9f324f4fd8dc19ff35df5d336895da1ba","90a2dcb7dff924c4ca7f4f1be7e71541","Assets/Scenes/personag/Spels.unity","Spels","CharacterSheetManagerScene1","Toggle","toggleData","276","276","Toggle_0001_spels/0017_artefactInfuz/0010_tonggle (7)/0005_Togglespaspaw (5)","0001_spels/0017_artefactInfuz/0010_tonggle (7)/0005_Togglespaspaw (5)","spels/artefactInfuz/tonggle (7)/Togglespaspaw (5)","dnd.spels.toggle.togglespaspaw-5.e72501b305cf"
"1","159230d9f324f4fd8dc19ff35df5d336895da1ba","90a2dcb7dff924c4ca7f4f1be7e71541","Assets/Scenes/personag/Spels.unity","Spels","CharacterSheetManagerScene1","Toggle","toggleData","277","277","Toggle_0001_spels/0017_artefactInfuz/0010_tonggle (7)/0006_Togglespaspaw (6)","0001_spels/0017_artefactInfuz/0010_tonggle (7)/0006_Togglespaspaw (6)","spels/artefactInfuz/tonggle (7)/Togglespaspaw (6)","dnd.spels.toggle.togglespaspaw-6.acdee531f63a"
"1","159230d9f324f4fd8dc19ff35df5d336895da1ba","90a2dcb7dff924c4ca7f4f1be7e71541","Assets/Scenes/personag/Spels.unity","Spels","CharacterSheetManagerScene1","Toggle","toggleData","278","278","Toggle_0001_spels/0017_artefactInfuz/0010_tonggle (7)/0007_Togglespaspaw (7)","0001_spels/0017_artefactInfuz/0010_tonggle (7)/0007_Togglespaspaw (7)","spels/artefactInfuz/tonggle (7)/Togglespaspaw (7)","dnd.spels.toggle.togglespaspaw-7.440cde573a33"
"1","159230d9f324f4fd8dc19ff35df5d336895da1ba","90a2dcb7dff924c4ca7f4f1be7e71541","Assets/Scenes/personag/Spels.unity","Spels","CharacterSheetManagerScene1","Toggle","toggleData","279","279","Toggle_0004_overLey/0002_kalPanel/0002_Panelhealp/0003_potionDropdown/0002_Template/0000_Viewport/0000_Content/0000_Item","0004_overLey/0002_kalPanel/0002_Panelhealp/0003_potionDropdown/0002_Template/0000_Viewport/0000_Content/0000_Item","overLey/kalPanel/Panelhealp/potionDropdown/Template/Viewport/Content/Item","dnd.spels.toggle.item.e216f3bd5449"
"1","159230d9f324f4fd8dc19ff35df5d336895da1ba","90a2dcb7dff924c4ca7f4f1be7e71541","Assets/Scenes/personag/Spels.unity","Spels","CharacterSheetManagerScene1","Dropdown","dropdownData","0","0","Dropdown_0001_spels/0011_spelChek/0002_dropDawnChek (1)/0000_Dropdown (Legacy)","0001_spels/0011_spelChek/0002_dropDawnChek (1)/0000_Dropdown (Legacy)","spels/spelChek/dropDawnChek (1)/Dropdown (Legacy)","dnd.spels.dropdown.dropdown-legacy.fb9eff3ae728"
"1","159230d9f324f4fd8dc19ff35df5d336895da1ba","90a2dcb7dff924c4ca7f4f1be7e71541","Assets/Scenes/personag/Spels.unity","Spels","CharacterSheetManagerScene1","Dropdown","dropdownData","1","1","Dropdown_0001_spels/0011_spelChek/0002_dropDawnChek (1)/0001_Dropdown (Legacy) (1)","0001_spels/0011_spelChek/0002_dropDawnChek (1)/0001_Dropdown (Legacy) (1)","spels/spelChek/dropDawnChek (1)/Dropdown (Legacy) (1)","dnd.spels.dropdown.dropdown-legacy-1.7aee5a919599"
"1","159230d9f324f4fd8dc19ff35df5d336895da1ba","90a2dcb7dff924c4ca7f4f1be7e71541","Assets/Scenes/personag/Spels.unity","Spels","CharacterSheetManagerScene1","Dropdown","dropdownData","2","2","Dropdown_0001_spels/0011_spelChek/0002_dropDawnChek (1)/0002_Dropdown (Legacy) (2)","0001_spels/0011_spelChek/0002_dropDawnChek (1)/0002_Dropdown (Legacy) (2)","spels/spelChek/dropDawnChek (1)/Dropdown (Legacy) (2)","dnd.spels.dropdown.dropdown-legacy-2.c03dc825e574"
"1","159230d9f324f4fd8dc19ff35df5d336895da1ba","90a2dcb7dff924c4ca7f4f1be7e71541","Assets/Scenes/personag/Spels.unity","Spels","CharacterSheetManagerScene1","Dropdown","dropdownData","3","3","Dropdown_0001_spels/0011_spelChek/0002_dropDawnChek (1)/0003_Dropdown (Legacy) (3)","0001_spels/0011_spelChek/0002_dropDawnChek (1)/0003_Dropdown (Legacy) (3)","spels/spelChek/dropDawnChek (1)/Dropdown (Legacy) (3)","dnd.spels.dropdown.dropdown-legacy-3.012d9f5cd71d"
"1","159230d9f324f4fd8dc19ff35df5d336895da1ba","90a2dcb7dff924c4ca7f4f1be7e71541","Assets/Scenes/personag/Spels.unity","Spels","CharacterSheetManagerScene1","Dropdown","dropdownData","4","4","Dropdown_0001_spels/0011_spelChek/0002_dropDawnChek (1)/0004_Dropdown (Legacy) (4)","0001_spels/0011_spelChek/0002_dropDawnChek (1)/0004_Dropdown (Legacy) (4)","spels/spelChek/dropDawnChek (1)/Dropdown (Legacy) (4)","dnd.spels.dropdown.dropdown-legacy-4.a5a647d67064"
"1","159230d9f324f4fd8dc19ff35df5d336895da1ba","90a2dcb7dff924c4ca7f4f1be7e71541","Assets/Scenes/personag/Spels.unity","Spels","CharacterSheetManagerScene1","Dropdown","dropdownData","5","5","Dropdown_0001_spels/0011_spelChek/0002_dropDawnChek (1)/0005_Dropdown (Legacy) (5)","0001_spels/0011_spelChek/0002_dropDawnChek (1)/0005_Dropdown (Legacy) (5)","spels/spelChek/dropDawnChek (1)/Dropdown (Legacy) (5)","dnd.spels.dropdown.dropdown-legacy-5.e73e236ff5c5"
"1","159230d9f324f4fd8dc19ff35df5d336895da1ba","90a2dcb7dff924c4ca7f4f1be7e71541","Assets/Scenes/personag/Spels.unity","Spels","CharacterSheetManagerScene1","Dropdown","dropdownData","6","6","Dropdown_0001_spels/0011_spelChek/0002_dropDawnChek (1)/0006_Dropdown (Legacy) (6)","0001_spels/0011_spelChek/0002_dropDawnChek (1)/0006_Dropdown (Legacy) (6)","spels/spelChek/dropDawnChek (1)/Dropdown (Legacy) (6)","dnd.spels.dropdown.dropdown-legacy-6.88885138aabb"
"1","159230d9f324f4fd8dc19ff35df5d336895da1ba","90a2dcb7dff924c4ca7f4f1be7e71541","Assets/Scenes/personag/Spels.unity","Spels","CharacterSheetManagerScene1","Dropdown","dropdownData","7","7","Dropdown_0001_spels/0011_spelChek/0002_dropDawnChek (1)/0007_Dropdown (Legacy) (7)","0001_spels/0011_spelChek/0002_dropDawnChek (1)/0007_Dropdown (Legacy) (7)","spels/spelChek/dropDawnChek (1)/Dropdown (Legacy) (7)","dnd.spels.dropdown.dropdown-legacy-7.5b47734d728f"
"1","159230d9f324f4fd8dc19ff35df5d336895da1ba","90a2dcb7dff924c4ca7f4f1be7e71541","Assets/Scenes/personag/Spels.unity","Spels","CharacterSheetManagerScene1","Dropdown","dropdownData","8","8","Dropdown_0001_spels/0011_spelChek/0002_dropDawnChek (1)/0008_Dropdown (Legacy) (8)","0001_spels/0011_spelChek/0002_dropDawnChek (1)/0008_Dropdown (Legacy) (8)","spels/spelChek/dropDawnChek (1)/Dropdown (Legacy) (8)","dnd.spels.dropdown.dropdown-legacy-8.7df7a3375520"
"1","159230d9f324f4fd8dc19ff35df5d336895da1ba","90a2dcb7dff924c4ca7f4f1be7e71541","Assets/Scenes/personag/Spels.unity","Spels","CharacterSheetManagerScene1","Dropdown","dropdownData","9","9","Dropdown_0001_spels/0012_artefactsNavuk/0002_dropDawnChek/0000_Dropdown (Legacy)","0001_spels/0012_artefactsNavuk/0002_dropDawnChek/0000_Dropdown (Legacy)","spels/artefactsNavuk/dropDawnChek/Dropdown (Legacy)","dnd.spels.dropdown.dropdown-legacy.5889551777be"
"1","159230d9f324f4fd8dc19ff35df5d336895da1ba","90a2dcb7dff924c4ca7f4f1be7e71541","Assets/Scenes/personag/Spels.unity","Spels","CharacterSheetManagerScene1","Dropdown","dropdownData","10","10","Dropdown_0001_spels/0012_artefactsNavuk/0002_dropDawnChek/0001_Dropdown (Legacy) (1)","0001_spels/0012_artefactsNavuk/0002_dropDawnChek/0001_Dropdown (Legacy) (1)","spels/artefactsNavuk/dropDawnChek/Dropdown (Legacy) (1)","dnd.spels.dropdown.dropdown-legacy-1.a56094277c59"
"1","159230d9f324f4fd8dc19ff35df5d336895da1ba","90a2dcb7dff924c4ca7f4f1be7e71541","Assets/Scenes/personag/Spels.unity","Spels","CharacterSheetManagerScene1","Dropdown","dropdownData","11","11","Dropdown_0001_spels/0012_artefactsNavuk/0002_dropDawnChek/0002_Dropdown (Legacy) (2)","0001_spels/0012_artefactsNavuk/0002_dropDawnChek/0002_Dropdown (Legacy) (2)","spels/artefactsNavuk/dropDawnChek/Dropdown (Legacy) (2)","dnd.spels.dropdown.dropdown-legacy-2.6df37ac34039"
"1","159230d9f324f4fd8dc19ff35df5d336895da1ba","90a2dcb7dff924c4ca7f4f1be7e71541","Assets/Scenes/personag/Spels.unity","Spels","CharacterSheetManagerScene1","Dropdown","dropdownData","12","12","Dropdown_0001_spels/0012_artefactsNavuk/0002_dropDawnChek/0003_Dropdown (Legacy) (3)","0001_spels/0012_artefactsNavuk/0002_dropDawnChek/0003_Dropdown (Legacy) (3)","spels/artefactsNavuk/dropDawnChek/Dropdown (Legacy) (3)","dnd.spels.dropdown.dropdown-legacy-3.1b8416efd508"
"1","159230d9f324f4fd8dc19ff35df5d336895da1ba","90a2dcb7dff924c4ca7f4f1be7e71541","Assets/Scenes/personag/Spels.unity","Spels","CharacterSheetManagerScene1","Dropdown","dropdownData","13","13","Dropdown_0001_spels/0012_artefactsNavuk/0002_dropDawnChek/0004_Dropdown (Legacy) (4)","0001_spels/0012_artefactsNavuk/0002_dropDawnChek/0004_Dropdown (Legacy) (4)","spels/artefactsNavuk/dropDawnChek/Dropdown (Legacy) (4)","dnd.spels.dropdown.dropdown-legacy-4.6c305e258d0a"
"1","159230d9f324f4fd8dc19ff35df5d336895da1ba","90a2dcb7dff924c4ca7f4f1be7e71541","Assets/Scenes/personag/Spels.unity","Spels","CharacterSheetManagerScene1","Dropdown","dropdownData","14","14","Dropdown_0001_spels/0012_artefactsNavuk/0002_dropDawnChek/0005_Dropdown (Legacy) (5)","0001_spels/0012_artefactsNavuk/0002_dropDawnChek/0005_Dropdown (Legacy) (5)","spels/artefactsNavuk/dropDawnChek/Dropdown (Legacy) (5)","dnd.spels.dropdown.dropdown-legacy-5.f9fc8b481a7e"
"1","159230d9f324f4fd8dc19ff35df5d336895da1ba","90a2dcb7dff924c4ca7f4f1be7e71541","Assets/Scenes/personag/Spels.unity","Spels","CharacterSheetManagerScene1","Dropdown","dropdownData","15","15","Dropdown_0001_spels/0012_artefactsNavuk/0002_dropDawnChek/0006_Dropdown (Legacy) (6)","0001_spels/0012_artefactsNavuk/0002_dropDawnChek/0006_Dropdown (Legacy) (6)","spels/artefactsNavuk/dropDawnChek/Dropdown (Legacy) (6)","dnd.spels.dropdown.dropdown-legacy-6.42e4a74495f6"
"1","159230d9f324f4fd8dc19ff35df5d336895da1ba","90a2dcb7dff924c4ca7f4f1be7e71541","Assets/Scenes/personag/Spels.unity","Spels","CharacterSheetManagerScene1","Dropdown","dropdownData","16","16","Dropdown_0001_spels/0012_artefactsNavuk/0002_dropDawnChek/0007_Dropdown (Legacy) (7)","0001_spels/0012_artefactsNavuk/0002_dropDawnChek/0007_Dropdown (Legacy) (7)","spels/artefactsNavuk/dropDawnChek/Dropdown (Legacy) (7)","dnd.spels.dropdown.dropdown-legacy-7.df02b3d74c1e"
"1","159230d9f324f4fd8dc19ff35df5d336895da1ba","90a2dcb7dff924c4ca7f4f1be7e71541","Assets/Scenes/personag/Spels.unity","Spels","CharacterSheetManagerScene1","Dropdown","dropdownData","17","17","Dropdown_0001_spels/0013_infuzList/0001_Dropdown (Legacy)","0001_spels/0013_infuzList/0001_Dropdown (Legacy)","spels/infuzList/Dropdown (Legacy)","dnd.spels.dropdown.dropdown-legacy.90ae059685df"
"1","159230d9f324f4fd8dc19ff35df5d336895da1ba","90a2dcb7dff924c4ca7f4f1be7e71541","Assets/Scenes/personag/Spels.unity","Spels","CharacterSheetManagerScene1","Dropdown","dropdownData","18","18","Dropdown_0001_spels/0014_infuzList (1)/0001_Dropdown (Legacy)","0001_spels/0014_infuzList (1)/0001_Dropdown (Legacy)","spels/infuzList (1)/Dropdown (Legacy)","dnd.spels.dropdown.dropdown-legacy.3a43ed1346da"
"1","159230d9f324f4fd8dc19ff35df5d336895da1ba","90a2dcb7dff924c4ca7f4f1be7e71541","Assets/Scenes/personag/Spels.unity","Spels","CharacterSheetManagerScene1","Dropdown","dropdownData","19","19","Dropdown_0001_spels/0017_artefactInfuz/0002_dropDawnChek/0000_Dropdown (Legacy)","0001_spels/0017_artefactInfuz/0002_dropDawnChek/0000_Dropdown (Legacy)","spels/artefactInfuz/dropDawnChek/Dropdown (Legacy)","dnd.spels.dropdown.dropdown-legacy.1b555fb8649e"
"1","159230d9f324f4fd8dc19ff35df5d336895da1ba","90a2dcb7dff924c4ca7f4f1be7e71541","Assets/Scenes/personag/Spels.unity","Spels","CharacterSheetManagerScene1","Dropdown","dropdownData","20","20","Dropdown_0001_spels/0017_artefactInfuz/0002_dropDawnChek/0001_Dropdown (Legacy) (1)","0001_spels/0017_artefactInfuz/0002_dropDawnChek/0001_Dropdown (Legacy) (1)","spels/artefactInfuz/dropDawnChek/Dropdown (Legacy) (1)","dnd.spels.dropdown.dropdown-legacy-1.fe01b18bc81a"
"1","159230d9f324f4fd8dc19ff35df5d336895da1ba","90a2dcb7dff924c4ca7f4f1be7e71541","Assets/Scenes/personag/Spels.unity","Spels","CharacterSheetManagerScene1","Dropdown","dropdownData","21","21","Dropdown_0001_spels/0017_artefactInfuz/0002_dropDawnChek/0002_Dropdown (Legacy) (2)","0001_spels/0017_artefactInfuz/0002_dropDawnChek/0002_Dropdown (Legacy) (2)","spels/artefactInfuz/dropDawnChek/Dropdown (Legacy) (2)","dnd.spels.dropdown.dropdown-legacy-2.178b0c3d4e3b"
"1","159230d9f324f4fd8dc19ff35df5d336895da1ba","90a2dcb7dff924c4ca7f4f1be7e71541","Assets/Scenes/personag/Spels.unity","Spels","CharacterSheetManagerScene1","Dropdown","dropdownData","22","22","Dropdown_0001_spels/0017_artefactInfuz/0002_dropDawnChek/0003_Dropdown (Legacy) (3)","0001_spels/0017_artefactInfuz/0002_dropDawnChek/0003_Dropdown (Legacy) (3)","spels/artefactInfuz/dropDawnChek/Dropdown (Legacy) (3)","dnd.spels.dropdown.dropdown-legacy-3.352b4777ac33"
"1","159230d9f324f4fd8dc19ff35df5d336895da1ba","90a2dcb7dff924c4ca7f4f1be7e71541","Assets/Scenes/personag/Spels.unity","Spels","CharacterSheetManagerScene1","Dropdown","dropdownData","23","23","Dropdown_0001_spels/0017_artefactInfuz/0002_dropDawnChek/0004_Dropdown (Legacy) (4)","0001_spels/0017_artefactInfuz/0002_dropDawnChek/0004_Dropdown (Legacy) (4)","spels/artefactInfuz/dropDawnChek/Dropdown (Legacy) (4)","dnd.spels.dropdown.dropdown-legacy-4.d894e6cea3d7"
"1","159230d9f324f4fd8dc19ff35df5d336895da1ba","90a2dcb7dff924c4ca7f4f1be7e71541","Assets/Scenes/personag/Spels.unity","Spels","CharacterSheetManagerScene1","Dropdown","dropdownData","24","24","Dropdown_0001_spels/0017_artefactInfuz/0002_dropDawnChek/0005_Dropdown (Legacy) (5)","0001_spels/0017_artefactInfuz/0002_dropDawnChek/0005_Dropdown (Legacy) (5)","spels/artefactInfuz/dropDawnChek/Dropdown (Legacy) (5)","dnd.spels.dropdown.dropdown-legacy-5.a0425e2d2851"
"1","159230d9f324f4fd8dc19ff35df5d336895da1ba","90a2dcb7dff924c4ca7f4f1be7e71541","Assets/Scenes/personag/Spels.unity","Spels","CharacterSheetManagerScene1","Dropdown","dropdownData","25","25","Dropdown_0001_spels/0017_artefactInfuz/0002_dropDawnChek/0006_Dropdown (Legacy) (6)","0001_spels/0017_artefactInfuz/0002_dropDawnChek/0006_Dropdown (Legacy) (6)","spels/artefactInfuz/dropDawnChek/Dropdown (Legacy) (6)","dnd.spels.dropdown.dropdown-legacy-6.5d47b0764887"
"1","159230d9f324f4fd8dc19ff35df5d336895da1ba","90a2dcb7dff924c4ca7f4f1be7e71541","Assets/Scenes/personag/Spels.unity","Spels","CharacterSheetManagerScene1","Dropdown","dropdownData","26","26","Dropdown_0001_spels/0017_artefactInfuz/0002_dropDawnChek/0007_Dropdown (Legacy) (7)","0001_spels/0017_artefactInfuz/0002_dropDawnChek/0007_Dropdown (Legacy) (7)","spels/artefactInfuz/dropDawnChek/Dropdown (Legacy) (7)","dnd.spels.dropdown.dropdown-legacy-7.58c5c7147b2e"
"1","159230d9f324f4fd8dc19ff35df5d336895da1ba","90a2dcb7dff924c4ca7f4f1be7e71541","Assets/Scenes/personag/Spels.unity","Spels","CharacterSheetManagerScene1","Dropdown","dropdownData","27","27","Dropdown_0004_overLey/0002_kalPanel/0002_Panelhealp/0003_potionDropdown","0004_overLey/0002_kalPanel/0002_Panelhealp/0003_potionDropdown","overLey/kalPanel/Panelhealp/potionDropdown","dnd.spels.dropdown.potiondropdown.11750b672cf2"
"1","159230d9f324f4fd8dc19ff35df5d336895da1ba","1697f2afc1b4d474f81adc2407ce6319","Assets/Scenes/personag/inventory.unity","inventory","CharacterSheetManagerScene1","InputField","inputData","0","0","","0000_inventory/0002_Page/0001_Cels/0003_itemNameInput","inventory/Page/Cels/itemNameInput","dnd.inventory.inputfield.itemnameinput.abd44acdd2d2"
"1","159230d9f324f4fd8dc19ff35df5d336895da1ba","1697f2afc1b4d474f81adc2407ce6319","Assets/Scenes/personag/inventory.unity","inventory","CharacterSheetManagerScene1","InputField","inputData","1","1","","0000_inventory/0002_Page/0001_Cels/0004_itemDescriptionInput","inventory/Page/Cels/itemDescriptionInput","dnd.inventory.inputfield.itemdescriptioninput.fdbe13727842"
"1","159230d9f324f4fd8dc19ff35df5d336895da1ba","1697f2afc1b4d474f81adc2407ce6319","Assets/Scenes/personag/inventory.unity","inventory","CharacterSheetManagerScene1","InputField","inputData","2","2","","0000_inventory/0002_Page/0002_Cels (1)/0004_itemNameInput","inventory/Page/Cels (1)/itemNameInput","dnd.inventory.inputfield.itemnameinput.97703140c0a9"
"1","159230d9f324f4fd8dc19ff35df5d336895da1ba","1697f2afc1b4d474f81adc2407ce6319","Assets/Scenes/personag/inventory.unity","inventory","CharacterSheetManagerScene1","InputField","inputData","3","3","","0000_inventory/0002_Page/0002_Cels (1)/0005_itemDescriptionInput","inventory/Page/Cels (1)/itemDescriptionInput","dnd.inventory.inputfield.itemdescriptioninput.ab78aeac31ee"
"1","159230d9f324f4fd8dc19ff35df5d336895da1ba","1697f2afc1b4d474f81adc2407ce6319","Assets/Scenes/personag/inventory.unity","inventory","CharacterSheetManagerScene1","InputField","inputData","4","4","","0000_inventory/0002_Page/0003_Cels (2)/0004_itemNameInput","inventory/Page/Cels (2)/itemNameInput","dnd.inventory.inputfield.itemnameinput.6c29933234d8"
"1","159230d9f324f4fd8dc19ff35df5d336895da1ba","1697f2afc1b4d474f81adc2407ce6319","Assets/Scenes/personag/inventory.unity","inventory","CharacterSheetManagerScene1","InputField","inputData","5","5","","0000_inventory/0002_Page/0003_Cels (2)/0005_itemDescriptionInput","inventory/Page/Cels (2)/itemDescriptionInput","dnd.inventory.inputfield.itemdescriptioninput.dedae9adee59"
"1","159230d9f324f4fd8dc19ff35df5d336895da1ba","1697f2afc1b4d474f81adc2407ce6319","Assets/Scenes/personag/inventory.unity","inventory","CharacterSheetManagerScene1","InputField","inputData","6","6","","0000_inventory/0002_Page/0004_Cels (3)/0004_itemNameInput","inventory/Page/Cels (3)/itemNameInput","dnd.inventory.inputfield.itemnameinput.954e9ade79d1"
"1","159230d9f324f4fd8dc19ff35df5d336895da1ba","1697f2afc1b4d474f81adc2407ce6319","Assets/Scenes/personag/inventory.unity","inventory","CharacterSheetManagerScene1","InputField","inputData","7","7","","0000_inventory/0002_Page/0004_Cels (3)/0005_itemDescriptionInput","inventory/Page/Cels (3)/itemDescriptionInput","dnd.inventory.inputfield.itemdescriptioninput.35b3c518365b"
"1","159230d9f324f4fd8dc19ff35df5d336895da1ba","1697f2afc1b4d474f81adc2407ce6319","Assets/Scenes/personag/inventory.unity","inventory","CharacterSheetManagerScene1","InputField","inputData","8","8","","0000_inventory/0002_Page/0005_Cels (4)/0004_itemNameInput","inventory/Page/Cels (4)/itemNameInput","dnd.inventory.inputfield.itemnameinput.dfbecffca791"
"1","159230d9f324f4fd8dc19ff35df5d336895da1ba","1697f2afc1b4d474f81adc2407ce6319","Assets/Scenes/personag/inventory.unity","inventory","CharacterSheetManagerScene1","InputField","inputData","9","9","","0000_inventory/0002_Page/0005_Cels (4)/0005_itemDescriptionInput","inventory/Page/Cels (4)/itemDescriptionInput","dnd.inventory.inputfield.itemdescriptioninput.11acca831a71"
"1","159230d9f324f4fd8dc19ff35df5d336895da1ba","1697f2afc1b4d474f81adc2407ce6319","Assets/Scenes/personag/inventory.unity","inventory","CharacterSheetManagerScene1","InputField","inputData","10","10","","0000_inventory/0002_Page/0006_Cels (5)/0004_itemNameInput","inventory/Page/Cels (5)/itemNameInput","dnd.inventory.inputfield.itemnameinput.01d8829f2a0d"
"1","159230d9f324f4fd8dc19ff35df5d336895da1ba","1697f2afc1b4d474f81adc2407ce6319","Assets/Scenes/personag/inventory.unity","inventory","CharacterSheetManagerScene1","InputField","inputData","11","11","","0000_inventory/0002_Page/0006_Cels (5)/0005_itemDescriptionInput","inventory/Page/Cels (5)/itemDescriptionInput","dnd.inventory.inputfield.itemdescriptioninput.00e817e2e43f"
"1","159230d9f324f4fd8dc19ff35df5d336895da1ba","1697f2afc1b4d474f81adc2407ce6319","Assets/Scenes/personag/inventory.unity","inventory","CharacterSheetManagerScene1","InputField","inputData","12","12","","0000_inventory/0002_Page/0007_Cels (6)/0004_itemNameInput","inventory/Page/Cels (6)/itemNameInput","dnd.inventory.inputfield.itemnameinput.304ca8feb070"
"1","159230d9f324f4fd8dc19ff35df5d336895da1ba","1697f2afc1b4d474f81adc2407ce6319","Assets/Scenes/personag/inventory.unity","inventory","CharacterSheetManagerScene1","InputField","inputData","13","13","","0000_inventory/0002_Page/0007_Cels (6)/0005_itemDescriptionInput","inventory/Page/Cels (6)/itemDescriptionInput","dnd.inventory.inputfield.itemdescriptioninput.7d0fde8ac3c5"
"1","159230d9f324f4fd8dc19ff35df5d336895da1ba","1697f2afc1b4d474f81adc2407ce6319","Assets/Scenes/personag/inventory.unity","inventory","CharacterSheetManagerScene1","InputField","inputData","14","14","","0000_inventory/0002_Page/0008_Cels (7)/0004_itemNameInput","inventory/Page/Cels (7)/itemNameInput","dnd.inventory.inputfield.itemnameinput.43f99378fe4c"
"1","159230d9f324f4fd8dc19ff35df5d336895da1ba","1697f2afc1b4d474f81adc2407ce6319","Assets/Scenes/personag/inventory.unity","inventory","CharacterSheetManagerScene1","InputField","inputData","15","15","","0000_inventory/0002_Page/0008_Cels (7)/0005_itemDescriptionInput","inventory/Page/Cels (7)/itemDescriptionInput","dnd.inventory.inputfield.itemdescriptioninput.9cec6b61212c"
"1","159230d9f324f4fd8dc19ff35df5d336895da1ba","1697f2afc1b4d474f81adc2407ce6319","Assets/Scenes/personag/inventory.unity","inventory","CharacterSheetManagerScene1","InputField","inputData","16","16","","0000_inventory/0002_Page/0009_Cels (8)/0003_itemNameInput","inventory/Page/Cels (8)/itemNameInput","dnd.inventory.inputfield.itemnameinput.007dd15ceaf0"
"1","159230d9f324f4fd8dc19ff35df5d336895da1ba","1697f2afc1b4d474f81adc2407ce6319","Assets/Scenes/personag/inventory.unity","inventory","CharacterSheetManagerScene1","InputField","inputData","17","17","","0000_inventory/0002_Page/0009_Cels (8)/0004_itemDescriptionInput","inventory/Page/Cels (8)/itemDescriptionInput","dnd.inventory.inputfield.itemdescriptioninput.433edfc709d7"
"1","159230d9f324f4fd8dc19ff35df5d336895da1ba","1697f2afc1b4d474f81adc2407ce6319","Assets/Scenes/personag/inventory.unity","inventory","CharacterSheetManagerScene1","Toggle","toggleData","0","0","Toggle_0000_inventory/0002_Page/0001_Cels/0005_Dropdown weapon/0003_Template/0000_Viewport/0000_Content/0000_Item","0000_inventory/0002_Page/0001_Cels/0005_Dropdown weapon/0003_Template/0000_Viewport/0000_Content/0000_Item","inventory/Page/Cels/Dropdown weapon/Template/Viewport/Content/Item","dnd.inventory.toggle.item.cac06a330d93"
"1","159230d9f324f4fd8dc19ff35df5d336895da1ba","1697f2afc1b4d474f81adc2407ce6319","Assets/Scenes/personag/inventory.unity","inventory","CharacterSheetManagerScene1","Toggle","toggleData","1","1","Toggle_0000_inventory/0002_Page/0001_Cels/0006_Dropdown cheger/0003_Template/0000_Viewport/0000_Content/0000_Item","0000_inventory/0002_Page/0001_Cels/0006_Dropdown cheger/0003_Template/0000_Viewport/0000_Content/0000_Item","inventory/Page/Cels/Dropdown cheger/Template/Viewport/Content/Item","dnd.inventory.toggle.item.7742958e9add"
"1","159230d9f324f4fd8dc19ff35df5d336895da1ba","1697f2afc1b4d474f81adc2407ce6319","Assets/Scenes/personag/inventory.unity","inventory","CharacterSheetManagerScene1","Toggle","toggleData","2","2","Toggle_0000_inventory/0002_Page/0001_Cels/0007_Dropdown armor/0003_Template/0000_Viewport/0000_Content/0000_Item","0000_inventory/0002_Page/0001_Cels/0007_Dropdown armor/0003_Template/0000_Viewport/0000_Content/0000_Item","inventory/Page/Cels/Dropdown armor/Template/Viewport/Content/Item","dnd.inventory.toggle.item.f73963371877"
"1","159230d9f324f4fd8dc19ff35df5d336895da1ba","1697f2afc1b4d474f81adc2407ce6319","Assets/Scenes/personag/inventory.unity","inventory","CharacterSheetManagerScene1","Toggle","toggleData","3","3","Toggle_0000_inventory/0002_Page/0001_Cels/0008_Dropdown bags/0003_Template/0000_Viewport/0000_Content/0000_Item","0000_inventory/0002_Page/0001_Cels/0008_Dropdown bags/0003_Template/0000_Viewport/0000_Content/0000_Item","inventory/Page/Cels/Dropdown bags/Template/Viewport/Content/Item","dnd.inventory.toggle.item.3929cadfeeb6"
"1","159230d9f324f4fd8dc19ff35df5d336895da1ba","1697f2afc1b4d474f81adc2407ce6319","Assets/Scenes/personag/inventory.unity","inventory","CharacterSheetManagerScene1","Toggle","toggleData","4","4","Toggle_0000_inventory/0002_Page/0001_Cels/0009_Dropdown magic/0003_Template/0000_Viewport/0000_Content/0000_Item","0000_inventory/0002_Page/0001_Cels/0009_Dropdown magic/0003_Template/0000_Viewport/0000_Content/0000_Item","inventory/Page/Cels/Dropdown magic/Template/Viewport/Content/Item","dnd.inventory.toggle.item.ddb9b3782884"
"1","159230d9f324f4fd8dc19ff35df5d336895da1ba","1697f2afc1b4d474f81adc2407ce6319","Assets/Scenes/personag/inventory.unity","inventory","CharacterSheetManagerScene1","Toggle","toggleData","5","5","Toggle_0000_inventory/0002_Page/0001_Cels/0010_Dropdown other/0003_Template/0000_Viewport/0000_Content/0000_Item","0000_inventory/0002_Page/0001_Cels/0010_Dropdown other/0003_Template/0000_Viewport/0000_Content/0000_Item","inventory/Page/Cels/Dropdown other/Template/Viewport/Content/Item","dnd.inventory.toggle.item.7da95577dd06"
"1","159230d9f324f4fd8dc19ff35df5d336895da1ba","1697f2afc1b4d474f81adc2407ce6319","Assets/Scenes/personag/inventory.unity","inventory","CharacterSheetManagerScene1","Toggle","toggleData","6","6","Toggle_0000_inventory/0002_Page/0001_Cels/0011_itemCategoryDropdown/0002_Template/0000_Viewport/0000_Content/0000_Item","0000_inventory/0002_Page/0001_Cels/0011_itemCategoryDropdown/0002_Template/0000_Viewport/0000_Content/0000_Item","inventory/Page/Cels/itemCategoryDropdown/Template/Viewport/Content/Item","dnd.inventory.toggle.item.da5eae711b5d"
"1","159230d9f324f4fd8dc19ff35df5d336895da1ba","1697f2afc1b4d474f81adc2407ce6319","Assets/Scenes/personag/inventory.unity","inventory","CharacterSheetManagerScene1","Toggle","toggleData","7","7","Toggle_0000_inventory/0002_Page/0002_Cels (1)/0001_itemCategoryDropdown/0002_Template/0000_Viewport/0000_Content/0000_Item","0000_inventory/0002_Page/0002_Cels (1)/0001_itemCategoryDropdown/0002_Template/0000_Viewport/0000_Content/0000_Item","inventory/Page/Cels (1)/itemCategoryDropdown/Template/Viewport/Content/Item","dnd.inventory.toggle.item.60c70d2d2d99"
"1","159230d9f324f4fd8dc19ff35df5d336895da1ba","1697f2afc1b4d474f81adc2407ce6319","Assets/Scenes/personag/inventory.unity","inventory","CharacterSheetManagerScene1","Toggle","toggleData","8","8","Toggle_0000_inventory/0002_Page/0002_Cels (1)/0006_Dropdown weapon/0003_Template/0000_Viewport/0000_Content/0000_Item","0000_inventory/0002_Page/0002_Cels (1)/0006_Dropdown weapon/0003_Template/0000_Viewport/0000_Content/0000_Item","inventory/Page/Cels (1)/Dropdown weapon/Template/Viewport/Content/Item","dnd.inventory.toggle.item.2cff86a0a716"
"1","159230d9f324f4fd8dc19ff35df5d336895da1ba","1697f2afc1b4d474f81adc2407ce6319","Assets/Scenes/personag/inventory.unity","inventory","CharacterSheetManagerScene1","Toggle","toggleData","9","9","Toggle_0000_inventory/0002_Page/0002_Cels (1)/0007_Dropdown cheger/0003_Template/0000_Viewport/0000_Content/0000_Item","0000_inventory/0002_Page/0002_Cels (1)/0007_Dropdown cheger/0003_Template/0000_Viewport/0000_Content/0000_Item","inventory/Page/Cels (1)/Dropdown cheger/Template/Viewport/Content/Item","dnd.inventory.toggle.item.2b2c98a51059"
"1","159230d9f324f4fd8dc19ff35df5d336895da1ba","1697f2afc1b4d474f81adc2407ce6319","Assets/Scenes/personag/inventory.unity","inventory","CharacterSheetManagerScene1","Toggle","toggleData","10","10","Toggle_0000_inventory/0002_Page/0002_Cels (1)/0008_Dropdown armor/0003_Template/0000_Viewport/0000_Content/0000_Item","0000_inventory/0002_Page/0002_Cels (1)/0008_Dropdown armor/0003_Template/0000_Viewport/0000_Content/0000_Item","inventory/Page/Cels (1)/Dropdown armor/Template/Viewport/Content/Item","dnd.inventory.toggle.item.d9cc19b4ab46"
"1","159230d9f324f4fd8dc19ff35df5d336895da1ba","1697f2afc1b4d474f81adc2407ce6319","Assets/Scenes/personag/inventory.unity","inventory","CharacterSheetManagerScene1","Toggle","toggleData","11","11","Toggle_0000_inventory/0002_Page/0002_Cels (1)/0009_Dropdown bags/0003_Template/0000_Viewport/0000_Content/0000_Item","0000_inventory/0002_Page/0002_Cels (1)/0009_Dropdown bags/0003_Template/0000_Viewport/0000_Content/0000_Item","inventory/Page/Cels (1)/Dropdown bags/Template/Viewport/Content/Item","dnd.inventory.toggle.item.76677f52a68d"
"1","159230d9f324f4fd8dc19ff35df5d336895da1ba","1697f2afc1b4d474f81adc2407ce6319","Assets/Scenes/personag/inventory.unity","inventory","CharacterSheetManagerScene1","Toggle","toggleData","12","12","Toggle_0000_inventory/0002_Page/0002_Cels (1)/0010_Dropdown magic/0003_Template/0000_Viewport/0000_Content/0000_Item","0000_inventory/0002_Page/0002_Cels (1)/0010_Dropdown magic/0003_Template/0000_Viewport/0000_Content/0000_Item","inventory/Page/Cels (1)/Dropdown magic/Template/Viewport/Content/Item","dnd.inventory.toggle.item.5c4c743c1ae4"
"1","159230d9f324f4fd8dc19ff35df5d336895da1ba","1697f2afc1b4d474f81adc2407ce6319","Assets/Scenes/personag/inventory.unity","inventory","CharacterSheetManagerScene1","Toggle","toggleData","13","13","Toggle_0000_inventory/0002_Page/0002_Cels (1)/0011_Dropdown other/0003_Template/0000_Viewport/0000_Content/0000_Item","0000_inventory/0002_Page/0002_Cels (1)/0011_Dropdown other/0003_Template/0000_Viewport/0000_Content/0000_Item","inventory/Page/Cels (1)/Dropdown other/Template/Viewport/Content/Item","dnd.inventory.toggle.item.996de64e18bf"
"1","159230d9f324f4fd8dc19ff35df5d336895da1ba","1697f2afc1b4d474f81adc2407ce6319","Assets/Scenes/personag/inventory.unity","inventory","CharacterSheetManagerScene1","Toggle","toggleData","14","14","Toggle_0000_inventory/0002_Page/0003_Cels (2)/0001_itemCategoryDropdown/0002_Template/0000_Viewport/0000_Content/0000_Item","0000_inventory/0002_Page/0003_Cels (2)/0001_itemCategoryDropdown/0002_Template/0000_Viewport/0000_Content/0000_Item","inventory/Page/Cels (2)/itemCategoryDropdown/Template/Viewport/Content/Item","dnd.inventory.toggle.item.c490447eb90d"
"1","159230d9f324f4fd8dc19ff35df5d336895da1ba","1697f2afc1b4d474f81adc2407ce6319","Assets/Scenes/personag/inventory.unity","inventory","CharacterSheetManagerScene1","Toggle","toggleData","15","15","Toggle_0000_inventory/0002_Page/0003_Cels (2)/0006_Dropdown weapon/0003_Template/0000_Viewport/0000_Content/0000_Item","0000_inventory/0002_Page/0003_Cels (2)/0006_Dropdown weapon/0003_Template/0000_Viewport/0000_Content/0000_Item","inventory/Page/Cels (2)/Dropdown weapon/Template/Viewport/Content/Item","dnd.inventory.toggle.item.f55e634ba59d"
"1","159230d9f324f4fd8dc19ff35df5d336895da1ba","1697f2afc1b4d474f81adc2407ce6319","Assets/Scenes/personag/inventory.unity","inventory","CharacterSheetManagerScene1","Toggle","toggleData","16","16","Toggle_0000_inventory/0002_Page/0003_Cels (2)/0007_Dropdown cheger/0003_Template/0000_Viewport/0000_Content/0000_Item","0000_inventory/0002_Page/0003_Cels (2)/0007_Dropdown cheger/0003_Template/0000_Viewport/0000_Content/0000_Item","inventory/Page/Cels (2)/Dropdown cheger/Template/Viewport/Content/Item","dnd.inventory.toggle.item.6beea4768263"
"1","159230d9f324f4fd8dc19ff35df5d336895da1ba","1697f2afc1b4d474f81adc2407ce6319","Assets/Scenes/personag/inventory.unity","inventory","CharacterSheetManagerScene1","Toggle","toggleData","17","17","Toggle_0000_inventory/0002_Page/0003_Cels (2)/0008_Dropdown armor/0003_Template/0000_Viewport/0000_Content/0000_Item","0000_inventory/0002_Page/0003_Cels (2)/0008_Dropdown armor/0003_Template/0000_Viewport/0000_Content/0000_Item","inventory/Page/Cels (2)/Dropdown armor/Template/Viewport/Content/Item","dnd.inventory.toggle.item.de93b01d5e08"
"1","159230d9f324f4fd8dc19ff35df5d336895da1ba","1697f2afc1b4d474f81adc2407ce6319","Assets/Scenes/personag/inventory.unity","inventory","CharacterSheetManagerScene1","Toggle","toggleData","18","18","Toggle_0000_inventory/0002_Page/0003_Cels (2)/0009_Dropdown bags/0003_Template/0000_Viewport/0000_Content/0000_Item","0000_inventory/0002_Page/0003_Cels (2)/0009_Dropdown bags/0003_Template/0000_Viewport/0000_Content/0000_Item","inventory/Page/Cels (2)/Dropdown bags/Template/Viewport/Content/Item","dnd.inventory.toggle.item.a456042ceb36"
"1","159230d9f324f4fd8dc19ff35df5d336895da1ba","1697f2afc1b4d474f81adc2407ce6319","Assets/Scenes/personag/inventory.unity","inventory","CharacterSheetManagerScene1","Toggle","toggleData","19","19","Toggle_0000_inventory/0002_Page/0003_Cels (2)/0010_Dropdown magic/0003_Template/0000_Viewport/0000_Content/0000_Item","0000_inventory/0002_Page/0003_Cels (2)/0010_Dropdown magic/0003_Template/0000_Viewport/0000_Content/0000_Item","inventory/Page/Cels (2)/Dropdown magic/Template/Viewport/Content/Item","dnd.inventory.toggle.item.2f4cff562849"
"1","159230d9f324f4fd8dc19ff35df5d336895da1ba","1697f2afc1b4d474f81adc2407ce6319","Assets/Scenes/personag/inventory.unity","inventory","CharacterSheetManagerScene1","Toggle","toggleData","20","20","Toggle_0000_inventory/0002_Page/0003_Cels (2)/0011_Dropdown other/0003_Template/0000_Viewport/0000_Content/0000_Item","0000_inventory/0002_Page/0003_Cels (2)/0011_Dropdown other/0003_Template/0000_Viewport/0000_Content/0000_Item","inventory/Page/Cels (2)/Dropdown other/Template/Viewport/Content/Item","dnd.inventory.toggle.item.3c1912bb738f"
"1","159230d9f324f4fd8dc19ff35df5d336895da1ba","1697f2afc1b4d474f81adc2407ce6319","Assets/Scenes/personag/inventory.unity","inventory","CharacterSheetManagerScene1","Toggle","toggleData","21","21","Toggle_0000_inventory/0002_Page/0004_Cels (3)/0001_itemCategoryDropdown/0002_Template/0000_Viewport/0000_Content/0000_Item","0000_inventory/0002_Page/0004_Cels (3)/0001_itemCategoryDropdown/0002_Template/0000_Viewport/0000_Content/0000_Item","inventory/Page/Cels (3)/itemCategoryDropdown/Template/Viewport/Content/Item","dnd.inventory.toggle.item.cde07a12dc9f"
"1","159230d9f324f4fd8dc19ff35df5d336895da1ba","1697f2afc1b4d474f81adc2407ce6319","Assets/Scenes/personag/inventory.unity","inventory","CharacterSheetManagerScene1","Toggle","toggleData","22","22","Toggle_0000_inventory/0002_Page/0004_Cels (3)/0006_Dropdown weapon/0003_Template/0000_Viewport/0000_Content/0000_Item","0000_inventory/0002_Page/0004_Cels (3)/0006_Dropdown weapon/0003_Template/0000_Viewport/0000_Content/0000_Item","inventory/Page/Cels (3)/Dropdown weapon/Template/Viewport/Content/Item","dnd.inventory.toggle.item.2f28c9bd5808"
"1","159230d9f324f4fd8dc19ff35df5d336895da1ba","1697f2afc1b4d474f81adc2407ce6319","Assets/Scenes/personag/inventory.unity","inventory","CharacterSheetManagerScene1","Toggle","toggleData","23","23","Toggle_0000_inventory/0002_Page/0004_Cels (3)/0007_Dropdown cheger/0003_Template/0000_Viewport/0000_Content/0000_Item","0000_inventory/0002_Page/0004_Cels (3)/0007_Dropdown cheger/0003_Template/0000_Viewport/0000_Content/0000_Item","inventory/Page/Cels (3)/Dropdown cheger/Template/Viewport/Content/Item","dnd.inventory.toggle.item.3fb39bc9eb71"
"1","159230d9f324f4fd8dc19ff35df5d336895da1ba","1697f2afc1b4d474f81adc2407ce6319","Assets/Scenes/personag/inventory.unity","inventory","CharacterSheetManagerScene1","Toggle","toggleData","24","24","Toggle_0000_inventory/0002_Page/0004_Cels (3)/0008_Dropdown armor/0003_Template/0000_Viewport/0000_Content/0000_Item","0000_inventory/0002_Page/0004_Cels (3)/0008_Dropdown armor/0003_Template/0000_Viewport/0000_Content/0000_Item","inventory/Page/Cels (3)/Dropdown armor/Template/Viewport/Content/Item","dnd.inventory.toggle.item.251a08f5086f"
"1","159230d9f324f4fd8dc19ff35df5d336895da1ba","1697f2afc1b4d474f81adc2407ce6319","Assets/Scenes/personag/inventory.unity","inventory","CharacterSheetManagerScene1","Toggle","toggleData","25","25","Toggle_0000_inventory/0002_Page/0004_Cels (3)/0009_Dropdown bags/0003_Template/0000_Viewport/0000_Content/0000_Item","0000_inventory/0002_Page/0004_Cels (3)/0009_Dropdown bags/0003_Template/0000_Viewport/0000_Content/0000_Item","inventory/Page/Cels (3)/Dropdown bags/Template/Viewport/Content/Item","dnd.inventory.toggle.item.99e85358b094"
"1","159230d9f324f4fd8dc19ff35df5d336895da1ba","1697f2afc1b4d474f81adc2407ce6319","Assets/Scenes/personag/inventory.unity","inventory","CharacterSheetManagerScene1","Toggle","toggleData","26","26","Toggle_0000_inventory/0002_Page/0004_Cels (3)/0010_Dropdown magic/0003_Template/0000_Viewport/0000_Content/0000_Item","0000_inventory/0002_Page/0004_Cels (3)/0010_Dropdown magic/0003_Template/0000_Viewport/0000_Content/0000_Item","inventory/Page/Cels (3)/Dropdown magic/Template/Viewport/Content/Item","dnd.inventory.toggle.item.3bf0531102c3"
"1","159230d9f324f4fd8dc19ff35df5d336895da1ba","1697f2afc1b4d474f81adc2407ce6319","Assets/Scenes/personag/inventory.unity","inventory","CharacterSheetManagerScene1","Toggle","toggleData","27","27","Toggle_0000_inventory/0002_Page/0004_Cels (3)/0011_Dropdown other/0003_Template/0000_Viewport/0000_Content/0000_Item","0000_inventory/0002_Page/0004_Cels (3)/0011_Dropdown other/0003_Template/0000_Viewport/0000_Content/0000_Item","inventory/Page/Cels (3)/Dropdown other/Template/Viewport/Content/Item","dnd.inventory.toggle.item.b5834c0c4812"
"1","159230d9f324f4fd8dc19ff35df5d336895da1ba","1697f2afc1b4d474f81adc2407ce6319","Assets/Scenes/personag/inventory.unity","inventory","CharacterSheetManagerScene1","Toggle","toggleData","28","28","Toggle_0000_inventory/0002_Page/0005_Cels (4)/0001_itemCategoryDropdown/0002_Template/0000_Viewport/0000_Content/0000_Item","0000_inventory/0002_Page/0005_Cels (4)/0001_itemCategoryDropdown/0002_Template/0000_Viewport/0000_Content/0000_Item","inventory/Page/Cels (4)/itemCategoryDropdown/Template/Viewport/Content/Item","dnd.inventory.toggle.item.1758d06eec7e"
"1","159230d9f324f4fd8dc19ff35df5d336895da1ba","1697f2afc1b4d474f81adc2407ce6319","Assets/Scenes/personag/inventory.unity","inventory","CharacterSheetManagerScene1","Toggle","toggleData","29","29","Toggle_0000_inventory/0002_Page/0005_Cels (4)/0006_Dropdown weapon/0003_Template/0000_Viewport/0000_Content/0000_Item","0000_inventory/0002_Page/0005_Cels (4)/0006_Dropdown weapon/0003_Template/0000_Viewport/0000_Content/0000_Item","inventory/Page/Cels (4)/Dropdown weapon/Template/Viewport/Content/Item","dnd.inventory.toggle.item.5ca561127023"
"1","159230d9f324f4fd8dc19ff35df5d336895da1ba","1697f2afc1b4d474f81adc2407ce6319","Assets/Scenes/personag/inventory.unity","inventory","CharacterSheetManagerScene1","Toggle","toggleData","30","30","Toggle_0000_inventory/0002_Page/0005_Cels (4)/0007_Dropdown cheger/0003_Template/0000_Viewport/0000_Content/0000_Item","0000_inventory/0002_Page/0005_Cels (4)/0007_Dropdown cheger/0003_Template/0000_Viewport/0000_Content/0000_Item","inventory/Page/Cels (4)/Dropdown cheger/Template/Viewport/Content/Item","dnd.inventory.toggle.item.ca8c8f526a32"
"1","159230d9f324f4fd8dc19ff35df5d336895da1ba","1697f2afc1b4d474f81adc2407ce6319","Assets/Scenes/personag/inventory.unity","inventory","CharacterSheetManagerScene1","Toggle","toggleData","31","31","Toggle_0000_inventory/0002_Page/0005_Cels (4)/0008_Dropdown armor/0003_Template/0000_Viewport/0000_Content/0000_Item","0000_inventory/0002_Page/0005_Cels (4)/0008_Dropdown armor/0003_Template/0000_Viewport/0000_Content/0000_Item","inventory/Page/Cels (4)/Dropdown armor/Template/Viewport/Content/Item","dnd.inventory.toggle.item.216d783895a3"
"1","159230d9f324f4fd8dc19ff35df5d336895da1ba","1697f2afc1b4d474f81adc2407ce6319","Assets/Scenes/personag/inventory.unity","inventory","CharacterSheetManagerScene1","Toggle","toggleData","32","32","Toggle_0000_inventory/0002_Page/0005_Cels (4)/0009_Dropdown bags/0003_Template/0000_Viewport/0000_Content/0000_Item","0000_inventory/0002_Page/0005_Cels (4)/0009_Dropdown bags/0003_Template/0000_Viewport/0000_Content/0000_Item","inventory/Page/Cels (4)/Dropdown bags/Template/Viewport/Content/Item","dnd.inventory.toggle.item.051ba6d292a9"
"1","159230d9f324f4fd8dc19ff35df5d336895da1ba","1697f2afc1b4d474f81adc2407ce6319","Assets/Scenes/personag/inventory.unity","inventory","CharacterSheetManagerScene1","Toggle","toggleData","33","33","Toggle_0000_inventory/0002_Page/0005_Cels (4)/0010_Dropdown magic/0003_Template/0000_Viewport/0000_Content/0000_Item","0000_inventory/0002_Page/0005_Cels (4)/0010_Dropdown magic/0003_Template/0000_Viewport/0000_Content/0000_Item","inventory/Page/Cels (4)/Dropdown magic/Template/Viewport/Content/Item","dnd.inventory.toggle.item.5f4c532dc074"
"1","159230d9f324f4fd8dc19ff35df5d336895da1ba","1697f2afc1b4d474f81adc2407ce6319","Assets/Scenes/personag/inventory.unity","inventory","CharacterSheetManagerScene1","Toggle","toggleData","34","34","Toggle_0000_inventory/0002_Page/0005_Cels (4)/0011_Dropdown other/0003_Template/0000_Viewport/0000_Content/0000_Item","0000_inventory/0002_Page/0005_Cels (4)/0011_Dropdown other/0003_Template/0000_Viewport/0000_Content/0000_Item","inventory/Page/Cels (4)/Dropdown other/Template/Viewport/Content/Item","dnd.inventory.toggle.item.7219ac9049de"
"1","159230d9f324f4fd8dc19ff35df5d336895da1ba","1697f2afc1b4d474f81adc2407ce6319","Assets/Scenes/personag/inventory.unity","inventory","CharacterSheetManagerScene1","Toggle","toggleData","35","35","Toggle_0000_inventory/0002_Page/0006_Cels (5)/0001_itemCategoryDropdown/0002_Template/0000_Viewport/0000_Content/0000_Item","0000_inventory/0002_Page/0006_Cels (5)/0001_itemCategoryDropdown/0002_Template/0000_Viewport/0000_Content/0000_Item","inventory/Page/Cels (5)/itemCategoryDropdown/Template/Viewport/Content/Item","dnd.inventory.toggle.item.7789dff84b8f"
"1","159230d9f324f4fd8dc19ff35df5d336895da1ba","1697f2afc1b4d474f81adc2407ce6319","Assets/Scenes/personag/inventory.unity","inventory","CharacterSheetManagerScene1","Toggle","toggleData","36","36","Toggle_0000_inventory/0002_Page/0006_Cels (5)/0006_Dropdown weapon/0003_Template/0000_Viewport/0000_Content/0000_Item","0000_inventory/0002_Page/0006_Cels (5)/0006_Dropdown weapon/0003_Template/0000_Viewport/0000_Content/0000_Item","inventory/Page/Cels (5)/Dropdown weapon/Template/Viewport/Content/Item","dnd.inventory.toggle.item.852687120d64"
"1","159230d9f324f4fd8dc19ff35df5d336895da1ba","1697f2afc1b4d474f81adc2407ce6319","Assets/Scenes/personag/inventory.unity","inventory","CharacterSheetManagerScene1","Toggle","toggleData","37","37","Toggle_0000_inventory/0002_Page/0006_Cels (5)/0007_Dropdown cheger/0003_Template/0000_Viewport/0000_Content/0000_Item","0000_inventory/0002_Page/0006_Cels (5)/0007_Dropdown cheger/0003_Template/0000_Viewport/0000_Content/0000_Item","inventory/Page/Cels (5)/Dropdown cheger/Template/Viewport/Content/Item","dnd.inventory.toggle.item.932268871ad5"
"1","159230d9f324f4fd8dc19ff35df5d336895da1ba","1697f2afc1b4d474f81adc2407ce6319","Assets/Scenes/personag/inventory.unity","inventory","CharacterSheetManagerScene1","Toggle","toggleData","38","38","Toggle_0000_inventory/0002_Page/0006_Cels (5)/0008_Dropdown armor/0003_Template/0000_Viewport/0000_Content/0000_Item","0000_inventory/0002_Page/0006_Cels (5)/0008_Dropdown armor/0003_Template/0000_Viewport/0000_Content/0000_Item","inventory/Page/Cels (5)/Dropdown armor/Template/Viewport/Content/Item","dnd.inventory.toggle.item.afddcc95bb71"
"1","159230d9f324f4fd8dc19ff35df5d336895da1ba","1697f2afc1b4d474f81adc2407ce6319","Assets/Scenes/personag/inventory.unity","inventory","CharacterSheetManagerScene1","Toggle","toggleData","39","39","Toggle_0000_inventory/0002_Page/0006_Cels (5)/0009_Dropdown bags/0003_Template/0000_Viewport/0000_Content/0000_Item","0000_inventory/0002_Page/0006_Cels (5)/0009_Dropdown bags/0003_Template/0000_Viewport/0000_Content/0000_Item","inventory/Page/Cels (5)/Dropdown bags/Template/Viewport/Content/Item","dnd.inventory.toggle.item.8d100122f6a8"
"1","159230d9f324f4fd8dc19ff35df5d336895da1ba","1697f2afc1b4d474f81adc2407ce6319","Assets/Scenes/personag/inventory.unity","inventory","CharacterSheetManagerScene1","Toggle","toggleData","40","40","Toggle_0000_inventory/0002_Page/0006_Cels (5)/0010_Dropdown magic/0003_Template/0000_Viewport/0000_Content/0000_Item","0000_inventory/0002_Page/0006_Cels (5)/0010_Dropdown magic/0003_Template/0000_Viewport/0000_Content/0000_Item","inventory/Page/Cels (5)/Dropdown magic/Template/Viewport/Content/Item","dnd.inventory.toggle.item.8a0f0c9b70b0"
"1","159230d9f324f4fd8dc19ff35df5d336895da1ba","1697f2afc1b4d474f81adc2407ce6319","Assets/Scenes/personag/inventory.unity","inventory","CharacterSheetManagerScene1","Toggle","toggleData","41","41","Toggle_0000_inventory/0002_Page/0006_Cels (5)/0011_Dropdown other/0003_Template/0000_Viewport/0000_Content/0000_Item","0000_inventory/0002_Page/0006_Cels (5)/0011_Dropdown other/0003_Template/0000_Viewport/0000_Content/0000_Item","inventory/Page/Cels (5)/Dropdown other/Template/Viewport/Content/Item","dnd.inventory.toggle.item.9ca45d139a4d"
"1","159230d9f324f4fd8dc19ff35df5d336895da1ba","1697f2afc1b4d474f81adc2407ce6319","Assets/Scenes/personag/inventory.unity","inventory","CharacterSheetManagerScene1","Toggle","toggleData","42","42","Toggle_0000_inventory/0002_Page/0007_Cels (6)/0001_itemCategoryDropdown/0002_Template/0000_Viewport/0000_Content/0000_Item","0000_inventory/0002_Page/0007_Cels (6)/0001_itemCategoryDropdown/0002_Template/0000_Viewport/0000_Content/0000_Item","inventory/Page/Cels (6)/itemCategoryDropdown/Template/Viewport/Content/Item","dnd.inventory.toggle.item.b9c128dfd022"
"1","159230d9f324f4fd8dc19ff35df5d336895da1ba","1697f2afc1b4d474f81adc2407ce6319","Assets/Scenes/personag/inventory.unity","inventory","CharacterSheetManagerScene1","Toggle","toggleData","43","43","Toggle_0000_inventory/0002_Page/0007_Cels (6)/0006_Dropdown weapon/0003_Template/0000_Viewport/0000_Content/0000_Item","0000_inventory/0002_Page/0007_Cels (6)/0006_Dropdown weapon/0003_Template/0000_Viewport/0000_Content/0000_Item","inventory/Page/Cels (6)/Dropdown weapon/Template/Viewport/Content/Item","dnd.inventory.toggle.item.cc15797be1e0"
"1","159230d9f324f4fd8dc19ff35df5d336895da1ba","1697f2afc1b4d474f81adc2407ce6319","Assets/Scenes/personag/inventory.unity","inventory","CharacterSheetManagerScene1","Toggle","toggleData","44","44","Toggle_0000_inventory/0002_Page/0007_Cels (6)/0007_Dropdown cheger/0003_Template/0000_Viewport/0000_Content/0000_Item","0000_inventory/0002_Page/0007_Cels (6)/0007_Dropdown cheger/0003_Template/0000_Viewport/0000_Content/0000_Item","inventory/Page/Cels (6)/Dropdown cheger/Template/Viewport/Content/Item","dnd.inventory.toggle.item.642f724ad74b"
"1","159230d9f324f4fd8dc19ff35df5d336895da1ba","1697f2afc1b4d474f81adc2407ce6319","Assets/Scenes/personag/inventory.unity","inventory","CharacterSheetManagerScene1","Toggle","toggleData","45","45","Toggle_0000_inventory/0002_Page/0007_Cels (6)/0008_Dropdown armor/0003_Template/0000_Viewport/0000_Content/0000_Item","0000_inventory/0002_Page/0007_Cels (6)/0008_Dropdown armor/0003_Template/0000_Viewport/0000_Content/0000_Item","inventory/Page/Cels (6)/Dropdown armor/Template/Viewport/Content/Item","dnd.inventory.toggle.item.cb4f16642a70"
"1","159230d9f324f4fd8dc19ff35df5d336895da1ba","1697f2afc1b4d474f81adc2407ce6319","Assets/Scenes/personag/inventory.unity","inventory","CharacterSheetManagerScene1","Toggle","toggleData","46","46","Toggle_0000_inventory/0002_Page/0007_Cels (6)/0009_Dropdown bags/0003_Template/0000_Viewport/0000_Content/0000_Item","0000_inventory/0002_Page/0007_Cels (6)/0009_Dropdown bags/0003_Template/0000_Viewport/0000_Content/0000_Item","inventory/Page/Cels (6)/Dropdown bags/Template/Viewport/Content/Item","dnd.inventory.toggle.item.523f0ffd0c0a"
"1","159230d9f324f4fd8dc19ff35df5d336895da1ba","1697f2afc1b4d474f81adc2407ce6319","Assets/Scenes/personag/inventory.unity","inventory","CharacterSheetManagerScene1","Toggle","toggleData","47","47","Toggle_0000_inventory/0002_Page/0007_Cels (6)/0010_Dropdown magic/0003_Template/0000_Viewport/0000_Content/0000_Item","0000_inventory/0002_Page/0007_Cels (6)/0010_Dropdown magic/0003_Template/0000_Viewport/0000_Content/0000_Item","inventory/Page/Cels (6)/Dropdown magic/Template/Viewport/Content/Item","dnd.inventory.toggle.item.e67359fb8948"
"1","159230d9f324f4fd8dc19ff35df5d336895da1ba","1697f2afc1b4d474f81adc2407ce6319","Assets/Scenes/personag/inventory.unity","inventory","CharacterSheetManagerScene1","Toggle","toggleData","48","48","Toggle_0000_inventory/0002_Page/0007_Cels (6)/0011_Dropdown other/0003_Template/0000_Viewport/0000_Content/0000_Item","0000_inventory/0002_Page/0007_Cels (6)/0011_Dropdown other/0003_Template/0000_Viewport/0000_Content/0000_Item","inventory/Page/Cels (6)/Dropdown other/Template/Viewport/Content/Item","dnd.inventory.toggle.item.62c9ed24c034"
"1","159230d9f324f4fd8dc19ff35df5d336895da1ba","1697f2afc1b4d474f81adc2407ce6319","Assets/Scenes/personag/inventory.unity","inventory","CharacterSheetManagerScene1","Toggle","toggleData","49","49","Toggle_0000_inventory/0002_Page/0008_Cels (7)/0001_itemCategoryDropdown/0002_Template/0000_Viewport/0000_Content/0000_Item","0000_inventory/0002_Page/0008_Cels (7)/0001_itemCategoryDropdown/0002_Template/0000_Viewport/0000_Content/0000_Item","inventory/Page/Cels (7)/itemCategoryDropdown/Template/Viewport/Content/Item","dnd.inventory.toggle.item.575504b84a4f"
"1","159230d9f324f4fd8dc19ff35df5d336895da1ba","1697f2afc1b4d474f81adc2407ce6319","Assets/Scenes/personag/inventory.unity","inventory","CharacterSheetManagerScene1","Toggle","toggleData","50","50","Toggle_0000_inventory/0002_Page/0008_Cels (7)/0006_Dropdown weapon/0003_Template/0000_Viewport/0000_Content/0000_Item","0000_inventory/0002_Page/0008_Cels (7)/0006_Dropdown weapon/0003_Template/0000_Viewport/0000_Content/0000_Item","inventory/Page/Cels (7)/Dropdown weapon/Template/Viewport/Content/Item","dnd.inventory.toggle.item.a63bd0a9b662"
"1","159230d9f324f4fd8dc19ff35df5d336895da1ba","1697f2afc1b4d474f81adc2407ce6319","Assets/Scenes/personag/inventory.unity","inventory","CharacterSheetManagerScene1","Toggle","toggleData","51","51","Toggle_0000_inventory/0002_Page/0008_Cels (7)/0007_Dropdown cheger/0003_Template/0000_Viewport/0000_Content/0000_Item","0000_inventory/0002_Page/0008_Cels (7)/0007_Dropdown cheger/0003_Template/0000_Viewport/0000_Content/0000_Item","inventory/Page/Cels (7)/Dropdown cheger/Template/Viewport/Content/Item","dnd.inventory.toggle.item.00eea0afd98a"
"1","159230d9f324f4fd8dc19ff35df5d336895da1ba","1697f2afc1b4d474f81adc2407ce6319","Assets/Scenes/personag/inventory.unity","inventory","CharacterSheetManagerScene1","Toggle","toggleData","52","52","Toggle_0000_inventory/0002_Page/0008_Cels (7)/0008_Dropdown armor/0003_Template/0000_Viewport/0000_Content/0000_Item","0000_inventory/0002_Page/0008_Cels (7)/0008_Dropdown armor/0003_Template/0000_Viewport/0000_Content/0000_Item","inventory/Page/Cels (7)/Dropdown armor/Template/Viewport/Content/Item","dnd.inventory.toggle.item.0fefecbb71cd"
"1","159230d9f324f4fd8dc19ff35df5d336895da1ba","1697f2afc1b4d474f81adc2407ce6319","Assets/Scenes/personag/inventory.unity","inventory","CharacterSheetManagerScene1","Toggle","toggleData","53","53","Toggle_0000_inventory/0002_Page/0008_Cels (7)/0009_Dropdown bags/0003_Template/0000_Viewport/0000_Content/0000_Item","0000_inventory/0002_Page/0008_Cels (7)/0009_Dropdown bags/0003_Template/0000_Viewport/0000_Content/0000_Item","inventory/Page/Cels (7)/Dropdown bags/Template/Viewport/Content/Item","dnd.inventory.toggle.item.398b91020cc0"
"1","159230d9f324f4fd8dc19ff35df5d336895da1ba","1697f2afc1b4d474f81adc2407ce6319","Assets/Scenes/personag/inventory.unity","inventory","CharacterSheetManagerScene1","Toggle","toggleData","54","54","Toggle_0000_inventory/0002_Page/0008_Cels (7)/0010_Dropdown magic/0003_Template/0000_Viewport/0000_Content/0000_Item","0000_inventory/0002_Page/0008_Cels (7)/0010_Dropdown magic/0003_Template/0000_Viewport/0000_Content/0000_Item","inventory/Page/Cels (7)/Dropdown magic/Template/Viewport/Content/Item","dnd.inventory.toggle.item.a7662aafbd09"
"1","159230d9f324f4fd8dc19ff35df5d336895da1ba","1697f2afc1b4d474f81adc2407ce6319","Assets/Scenes/personag/inventory.unity","inventory","CharacterSheetManagerScene1","Toggle","toggleData","55","55","Toggle_0000_inventory/0002_Page/0008_Cels (7)/0011_Dropdown other/0003_Template/0000_Viewport/0000_Content/0000_Item","0000_inventory/0002_Page/0008_Cels (7)/0011_Dropdown other/0003_Template/0000_Viewport/0000_Content/0000_Item","inventory/Page/Cels (7)/Dropdown other/Template/Viewport/Content/Item","dnd.inventory.toggle.item.f9a6fed4f175"
"1","159230d9f324f4fd8dc19ff35df5d336895da1ba","1697f2afc1b4d474f81adc2407ce6319","Assets/Scenes/personag/inventory.unity","inventory","CharacterSheetManagerScene1","Toggle","toggleData","56","56","Toggle_0000_inventory/0002_Page/0009_Cels (8)/0005_Dropdown weapon/0003_Template/0000_Viewport/0000_Content/0000_Item","0000_inventory/0002_Page/0009_Cels (8)/0005_Dropdown weapon/0003_Template/0000_Viewport/0000_Content/0000_Item","inventory/Page/Cels (8)/Dropdown weapon/Template/Viewport/Content/Item","dnd.inventory.toggle.item.322d681fcc98"
"1","159230d9f324f4fd8dc19ff35df5d336895da1ba","1697f2afc1b4d474f81adc2407ce6319","Assets/Scenes/personag/inventory.unity","inventory","CharacterSheetManagerScene1","Toggle","toggleData","57","57","Toggle_0000_inventory/0002_Page/0009_Cels (8)/0006_Dropdown cheger/0003_Template/0000_Viewport/0000_Content/0000_Item","0000_inventory/0002_Page/0009_Cels (8)/0006_Dropdown cheger/0003_Template/0000_Viewport/0000_Content/0000_Item","inventory/Page/Cels (8)/Dropdown cheger/Template/Viewport/Content/Item","dnd.inventory.toggle.item.61fd5fbd2701"
"1","159230d9f324f4fd8dc19ff35df5d336895da1ba","1697f2afc1b4d474f81adc2407ce6319","Assets/Scenes/personag/inventory.unity","inventory","CharacterSheetManagerScene1","Toggle","toggleData","58","58","Toggle_0000_inventory/0002_Page/0009_Cels (8)/0007_Dropdown armor/0003_Template/0000_Viewport/0000_Content/0000_Item","0000_inventory/0002_Page/0009_Cels (8)/0007_Dropdown armor/0003_Template/0000_Viewport/0000_Content/0000_Item","inventory/Page/Cels (8)/Dropdown armor/Template/Viewport/Content/Item","dnd.inventory.toggle.item.bf6bbe8f8846"
"1","159230d9f324f4fd8dc19ff35df5d336895da1ba","1697f2afc1b4d474f81adc2407ce6319","Assets/Scenes/personag/inventory.unity","inventory","CharacterSheetManagerScene1","Toggle","toggleData","59","59","Toggle_0000_inventory/0002_Page/0009_Cels (8)/0008_Dropdown bags/0003_Template/0000_Viewport/0000_Content/0000_Item","0000_inventory/0002_Page/0009_Cels (8)/0008_Dropdown bags/0003_Template/0000_Viewport/0000_Content/0000_Item","inventory/Page/Cels (8)/Dropdown bags/Template/Viewport/Content/Item","dnd.inventory.toggle.item.55c69885b114"
"1","159230d9f324f4fd8dc19ff35df5d336895da1ba","1697f2afc1b4d474f81adc2407ce6319","Assets/Scenes/personag/inventory.unity","inventory","CharacterSheetManagerScene1","Toggle","toggleData","60","60","Toggle_0000_inventory/0002_Page/0009_Cels (8)/0009_Dropdown magic/0003_Template/0000_Viewport/0000_Content/0000_Item","0000_inventory/0002_Page/0009_Cels (8)/0009_Dropdown magic/0003_Template/0000_Viewport/0000_Content/0000_Item","inventory/Page/Cels (8)/Dropdown magic/Template/Viewport/Content/Item","dnd.inventory.toggle.item.4515599124ab"
"1","159230d9f324f4fd8dc19ff35df5d336895da1ba","1697f2afc1b4d474f81adc2407ce6319","Assets/Scenes/personag/inventory.unity","inventory","CharacterSheetManagerScene1","Toggle","toggleData","61","61","Toggle_0000_inventory/0002_Page/0009_Cels (8)/0010_Dropdown other/0003_Template/0000_Viewport/0000_Content/0000_Item","0000_inventory/0002_Page/0009_Cels (8)/0010_Dropdown other/0003_Template/0000_Viewport/0000_Content/0000_Item","inventory/Page/Cels (8)/Dropdown other/Template/Viewport/Content/Item","dnd.inventory.toggle.item.a3dac9ce3017"
"1","159230d9f324f4fd8dc19ff35df5d336895da1ba","1697f2afc1b4d474f81adc2407ce6319","Assets/Scenes/personag/inventory.unity","inventory","CharacterSheetManagerScene1","Toggle","toggleData","62","62","Toggle_0000_inventory/0002_Page/0009_Cels (8)/0011_itemCategoryDropdown/0002_Template/0000_Viewport/0000_Content/0000_Item","0000_inventory/0002_Page/0009_Cels (8)/0011_itemCategoryDropdown/0002_Template/0000_Viewport/0000_Content/0000_Item","inventory/Page/Cels (8)/itemCategoryDropdown/Template/Viewport/Content/Item","dnd.inventory.toggle.item.6b0687c7c2ac"
"1","159230d9f324f4fd8dc19ff35df5d336895da1ba","1697f2afc1b4d474f81adc2407ce6319","Assets/Scenes/personag/inventory.unity","inventory","CharacterSheetManagerScene1","Toggle","toggleData","63","63","Toggle_0002_overLey/0002_kalPanel/0002_Panelhealp/0003_potionDropdown/0002_Template/0000_Viewport/0000_Content/0000_Item","0002_overLey/0002_kalPanel/0002_Panelhealp/0003_potionDropdown/0002_Template/0000_Viewport/0000_Content/0000_Item","overLey/kalPanel/Panelhealp/potionDropdown/Template/Viewport/Content/Item","dnd.inventory.toggle.item.631d5b76fc3f"
"1","159230d9f324f4fd8dc19ff35df5d336895da1ba","1697f2afc1b4d474f81adc2407ce6319","Assets/Scenes/personag/inventory.unity","inventory","CharacterSheetManagerScene1","Dropdown","dropdownData","0","0","Dropdown_0000_inventory/0002_Page/0001_Cels/0005_Dropdown weapon","0000_inventory/0002_Page/0001_Cels/0005_Dropdown weapon","inventory/Page/Cels/Dropdown weapon","dnd.inventory.dropdown.dropdown-weapon.689b9bf41bd5"
"1","159230d9f324f4fd8dc19ff35df5d336895da1ba","1697f2afc1b4d474f81adc2407ce6319","Assets/Scenes/personag/inventory.unity","inventory","CharacterSheetManagerScene1","Dropdown","dropdownData","1","1","Dropdown_0000_inventory/0002_Page/0001_Cels/0006_Dropdown cheger","0000_inventory/0002_Page/0001_Cels/0006_Dropdown cheger","inventory/Page/Cels/Dropdown cheger","dnd.inventory.dropdown.dropdown-cheger.bca9238288b1"
"1","159230d9f324f4fd8dc19ff35df5d336895da1ba","1697f2afc1b4d474f81adc2407ce6319","Assets/Scenes/personag/inventory.unity","inventory","CharacterSheetManagerScene1","Dropdown","dropdownData","2","2","Dropdown_0000_inventory/0002_Page/0001_Cels/0007_Dropdown armor","0000_inventory/0002_Page/0001_Cels/0007_Dropdown armor","inventory/Page/Cels/Dropdown armor","dnd.inventory.dropdown.dropdown-armor.d725e3f74db0"
"1","159230d9f324f4fd8dc19ff35df5d336895da1ba","1697f2afc1b4d474f81adc2407ce6319","Assets/Scenes/personag/inventory.unity","inventory","CharacterSheetManagerScene1","Dropdown","dropdownData","3","3","Dropdown_0000_inventory/0002_Page/0001_Cels/0008_Dropdown bags","0000_inventory/0002_Page/0001_Cels/0008_Dropdown bags","inventory/Page/Cels/Dropdown bags","dnd.inventory.dropdown.dropdown-bags.8b69ccfddb65"
"1","159230d9f324f4fd8dc19ff35df5d336895da1ba","1697f2afc1b4d474f81adc2407ce6319","Assets/Scenes/personag/inventory.unity","inventory","CharacterSheetManagerScene1","Dropdown","dropdownData","4","4","Dropdown_0000_inventory/0002_Page/0001_Cels/0009_Dropdown magic","0000_inventory/0002_Page/0001_Cels/0009_Dropdown magic","inventory/Page/Cels/Dropdown magic","dnd.inventory.dropdown.dropdown-magic.bea312e6db51"
"1","159230d9f324f4fd8dc19ff35df5d336895da1ba","1697f2afc1b4d474f81adc2407ce6319","Assets/Scenes/personag/inventory.unity","inventory","CharacterSheetManagerScene1","Dropdown","dropdownData","5","5","Dropdown_0000_inventory/0002_Page/0001_Cels/0010_Dropdown other","0000_inventory/0002_Page/0001_Cels/0010_Dropdown other","inventory/Page/Cels/Dropdown other","dnd.inventory.dropdown.dropdown-other.373eb5f83a9f"
"1","159230d9f324f4fd8dc19ff35df5d336895da1ba","1697f2afc1b4d474f81adc2407ce6319","Assets/Scenes/personag/inventory.unity","inventory","CharacterSheetManagerScene1","Dropdown","dropdownData","6","6","Dropdown_0000_inventory/0002_Page/0001_Cels/0011_itemCategoryDropdown","0000_inventory/0002_Page/0001_Cels/0011_itemCategoryDropdown","inventory/Page/Cels/itemCategoryDropdown","dnd.inventory.dropdown.itemcategorydropdown.9c265c15a691"
"1","159230d9f324f4fd8dc19ff35df5d336895da1ba","1697f2afc1b4d474f81adc2407ce6319","Assets/Scenes/personag/inventory.unity","inventory","CharacterSheetManagerScene1","Dropdown","dropdownData","7","7","Dropdown_0000_inventory/0002_Page/0002_Cels (1)/0001_itemCategoryDropdown","0000_inventory/0002_Page/0002_Cels (1)/0001_itemCategoryDropdown","inventory/Page/Cels (1)/itemCategoryDropdown","dnd.inventory.dropdown.itemcategorydropdown.124c976a61f5"
"1","159230d9f324f4fd8dc19ff35df5d336895da1ba","1697f2afc1b4d474f81adc2407ce6319","Assets/Scenes/personag/inventory.unity","inventory","CharacterSheetManagerScene1","Dropdown","dropdownData","8","8","Dropdown_0000_inventory/0002_Page/0002_Cels (1)/0006_Dropdown weapon","0000_inventory/0002_Page/0002_Cels (1)/0006_Dropdown weapon","inventory/Page/Cels (1)/Dropdown weapon","dnd.inventory.dropdown.dropdown-weapon.02303901d6cf"
"1","159230d9f324f4fd8dc19ff35df5d336895da1ba","1697f2afc1b4d474f81adc2407ce6319","Assets/Scenes/personag/inventory.unity","inventory","CharacterSheetManagerScene1","Dropdown","dropdownData","9","9","Dropdown_0000_inventory/0002_Page/0002_Cels (1)/0007_Dropdown cheger","0000_inventory/0002_Page/0002_Cels (1)/0007_Dropdown cheger","inventory/Page/Cels (1)/Dropdown cheger","dnd.inventory.dropdown.dropdown-cheger.cb13fb08b698"
"1","159230d9f324f4fd8dc19ff35df5d336895da1ba","1697f2afc1b4d474f81adc2407ce6319","Assets/Scenes/personag/inventory.unity","inventory","CharacterSheetManagerScene1","Dropdown","dropdownData","10","10","Dropdown_0000_inventory/0002_Page/0002_Cels (1)/0008_Dropdown armor","0000_inventory/0002_Page/0002_Cels (1)/0008_Dropdown armor","inventory/Page/Cels (1)/Dropdown armor","dnd.inventory.dropdown.dropdown-armor.dd9452b12acc"
"1","159230d9f324f4fd8dc19ff35df5d336895da1ba","1697f2afc1b4d474f81adc2407ce6319","Assets/Scenes/personag/inventory.unity","inventory","CharacterSheetManagerScene1","Dropdown","dropdownData","11","11","Dropdown_0000_inventory/0002_Page/0002_Cels (1)/0009_Dropdown bags","0000_inventory/0002_Page/0002_Cels (1)/0009_Dropdown bags","inventory/Page/Cels (1)/Dropdown bags","dnd.inventory.dropdown.dropdown-bags.700dec5af89b"
"1","159230d9f324f4fd8dc19ff35df5d336895da1ba","1697f2afc1b4d474f81adc2407ce6319","Assets/Scenes/personag/inventory.unity","inventory","CharacterSheetManagerScene1","Dropdown","dropdownData","12","12","Dropdown_0000_inventory/0002_Page/0002_Cels (1)/0010_Dropdown magic","0000_inventory/0002_Page/0002_Cels (1)/0010_Dropdown magic","inventory/Page/Cels (1)/Dropdown magic","dnd.inventory.dropdown.dropdown-magic.51cc3de0c58d"
"1","159230d9f324f4fd8dc19ff35df5d336895da1ba","1697f2afc1b4d474f81adc2407ce6319","Assets/Scenes/personag/inventory.unity","inventory","CharacterSheetManagerScene1","Dropdown","dropdownData","13","13","Dropdown_0000_inventory/0002_Page/0002_Cels (1)/0011_Dropdown other","0000_inventory/0002_Page/0002_Cels (1)/0011_Dropdown other","inventory/Page/Cels (1)/Dropdown other","dnd.inventory.dropdown.dropdown-other.07dc80932c50"
"1","159230d9f324f4fd8dc19ff35df5d336895da1ba","1697f2afc1b4d474f81adc2407ce6319","Assets/Scenes/personag/inventory.unity","inventory","CharacterSheetManagerScene1","Dropdown","dropdownData","14","14","Dropdown_0000_inventory/0002_Page/0003_Cels (2)/0001_itemCategoryDropdown","0000_inventory/0002_Page/0003_Cels (2)/0001_itemCategoryDropdown","inventory/Page/Cels (2)/itemCategoryDropdown","dnd.inventory.dropdown.itemcategorydropdown.493f7a552a37"
"1","159230d9f324f4fd8dc19ff35df5d336895da1ba","1697f2afc1b4d474f81adc2407ce6319","Assets/Scenes/personag/inventory.unity","inventory","CharacterSheetManagerScene1","Dropdown","dropdownData","15","15","Dropdown_0000_inventory/0002_Page/0003_Cels (2)/0006_Dropdown weapon","0000_inventory/0002_Page/0003_Cels (2)/0006_Dropdown weapon","inventory/Page/Cels (2)/Dropdown weapon","dnd.inventory.dropdown.dropdown-weapon.00ef36a088d3"
"1","159230d9f324f4fd8dc19ff35df5d336895da1ba","1697f2afc1b4d474f81adc2407ce6319","Assets/Scenes/personag/inventory.unity","inventory","CharacterSheetManagerScene1","Dropdown","dropdownData","16","16","Dropdown_0000_inventory/0002_Page/0003_Cels (2)/0007_Dropdown cheger","0000_inventory/0002_Page/0003_Cels (2)/0007_Dropdown cheger","inventory/Page/Cels (2)/Dropdown cheger","dnd.inventory.dropdown.dropdown-cheger.8dd37e2a5474"
"1","159230d9f324f4fd8dc19ff35df5d336895da1ba","1697f2afc1b4d474f81adc2407ce6319","Assets/Scenes/personag/inventory.unity","inventory","CharacterSheetManagerScene1","Dropdown","dropdownData","17","17","Dropdown_0000_inventory/0002_Page/0003_Cels (2)/0008_Dropdown armor","0000_inventory/0002_Page/0003_Cels (2)/0008_Dropdown armor","inventory/Page/Cels (2)/Dropdown armor","dnd.inventory.dropdown.dropdown-armor.aab5192dff68"
"1","159230d9f324f4fd8dc19ff35df5d336895da1ba","1697f2afc1b4d474f81adc2407ce6319","Assets/Scenes/personag/inventory.unity","inventory","CharacterSheetManagerScene1","Dropdown","dropdownData","18","18","Dropdown_0000_inventory/0002_Page/0003_Cels (2)/0009_Dropdown bags","0000_inventory/0002_Page/0003_Cels (2)/0009_Dropdown bags","inventory/Page/Cels (2)/Dropdown bags","dnd.inventory.dropdown.dropdown-bags.57cf81c6da22"
"1","159230d9f324f4fd8dc19ff35df5d336895da1ba","1697f2afc1b4d474f81adc2407ce6319","Assets/Scenes/personag/inventory.unity","inventory","CharacterSheetManagerScene1","Dropdown","dropdownData","19","19","Dropdown_0000_inventory/0002_Page/0003_Cels (2)/0010_Dropdown magic","0000_inventory/0002_Page/0003_Cels (2)/0010_Dropdown magic","inventory/Page/Cels (2)/Dropdown magic","dnd.inventory.dropdown.dropdown-magic.de3fee3e2e22"
"1","159230d9f324f4fd8dc19ff35df5d336895da1ba","1697f2afc1b4d474f81adc2407ce6319","Assets/Scenes/personag/inventory.unity","inventory","CharacterSheetManagerScene1","Dropdown","dropdownData","20","20","Dropdown_0000_inventory/0002_Page/0003_Cels (2)/0011_Dropdown other","0000_inventory/0002_Page/0003_Cels (2)/0011_Dropdown other","inventory/Page/Cels (2)/Dropdown other","dnd.inventory.dropdown.dropdown-other.df87058a4c60"
"1","159230d9f324f4fd8dc19ff35df5d336895da1ba","1697f2afc1b4d474f81adc2407ce6319","Assets/Scenes/personag/inventory.unity","inventory","CharacterSheetManagerScene1","Dropdown","dropdownData","21","21","Dropdown_0000_inventory/0002_Page/0004_Cels (3)/0001_itemCategoryDropdown","0000_inventory/0002_Page/0004_Cels (3)/0001_itemCategoryDropdown","inventory/Page/Cels (3)/itemCategoryDropdown","dnd.inventory.dropdown.itemcategorydropdown.548c2a40c8f1"
"1","159230d9f324f4fd8dc19ff35df5d336895da1ba","1697f2afc1b4d474f81adc2407ce6319","Assets/Scenes/personag/inventory.unity","inventory","CharacterSheetManagerScene1","Dropdown","dropdownData","22","22","Dropdown_0000_inventory/0002_Page/0004_Cels (3)/0006_Dropdown weapon","0000_inventory/0002_Page/0004_Cels (3)/0006_Dropdown weapon","inventory/Page/Cels (3)/Dropdown weapon","dnd.inventory.dropdown.dropdown-weapon.b37603fd6e95"
"1","159230d9f324f4fd8dc19ff35df5d336895da1ba","1697f2afc1b4d474f81adc2407ce6319","Assets/Scenes/personag/inventory.unity","inventory","CharacterSheetManagerScene1","Dropdown","dropdownData","23","23","Dropdown_0000_inventory/0002_Page/0004_Cels (3)/0007_Dropdown cheger","0000_inventory/0002_Page/0004_Cels (3)/0007_Dropdown cheger","inventory/Page/Cels (3)/Dropdown cheger","dnd.inventory.dropdown.dropdown-cheger.bbc300e824c1"
"1","159230d9f324f4fd8dc19ff35df5d336895da1ba","1697f2afc1b4d474f81adc2407ce6319","Assets/Scenes/personag/inventory.unity","inventory","CharacterSheetManagerScene1","Dropdown","dropdownData","24","24","Dropdown_0000_inventory/0002_Page/0004_Cels (3)/0008_Dropdown armor","0000_inventory/0002_Page/0004_Cels (3)/0008_Dropdown armor","inventory/Page/Cels (3)/Dropdown armor","dnd.inventory.dropdown.dropdown-armor.8572db84a760"
"1","159230d9f324f4fd8dc19ff35df5d336895da1ba","1697f2afc1b4d474f81adc2407ce6319","Assets/Scenes/personag/inventory.unity","inventory","CharacterSheetManagerScene1","Dropdown","dropdownData","25","25","Dropdown_0000_inventory/0002_Page/0004_Cels (3)/0009_Dropdown bags","0000_inventory/0002_Page/0004_Cels (3)/0009_Dropdown bags","inventory/Page/Cels (3)/Dropdown bags","dnd.inventory.dropdown.dropdown-bags.7385bcc2cb75"
"1","159230d9f324f4fd8dc19ff35df5d336895da1ba","1697f2afc1b4d474f81adc2407ce6319","Assets/Scenes/personag/inventory.unity","inventory","CharacterSheetManagerScene1","Dropdown","dropdownData","26","26","Dropdown_0000_inventory/0002_Page/0004_Cels (3)/0010_Dropdown magic","0000_inventory/0002_Page/0004_Cels (3)/0010_Dropdown magic","inventory/Page/Cels (3)/Dropdown magic","dnd.inventory.dropdown.dropdown-magic.baac31848666"
"1","159230d9f324f4fd8dc19ff35df5d336895da1ba","1697f2afc1b4d474f81adc2407ce6319","Assets/Scenes/personag/inventory.unity","inventory","CharacterSheetManagerScene1","Dropdown","dropdownData","27","27","Dropdown_0000_inventory/0002_Page/0004_Cels (3)/0011_Dropdown other","0000_inventory/0002_Page/0004_Cels (3)/0011_Dropdown other","inventory/Page/Cels (3)/Dropdown other","dnd.inventory.dropdown.dropdown-other.a8838c4da8ac"
"1","159230d9f324f4fd8dc19ff35df5d336895da1ba","1697f2afc1b4d474f81adc2407ce6319","Assets/Scenes/personag/inventory.unity","inventory","CharacterSheetManagerScene1","Dropdown","dropdownData","28","28","Dropdown_0000_inventory/0002_Page/0005_Cels (4)/0001_itemCategoryDropdown","0000_inventory/0002_Page/0005_Cels (4)/0001_itemCategoryDropdown","inventory/Page/Cels (4)/itemCategoryDropdown","dnd.inventory.dropdown.itemcategorydropdown.7745dc43c0b2"
"1","159230d9f324f4fd8dc19ff35df5d336895da1ba","1697f2afc1b4d474f81adc2407ce6319","Assets/Scenes/personag/inventory.unity","inventory","CharacterSheetManagerScene1","Dropdown","dropdownData","29","29","Dropdown_0000_inventory/0002_Page/0005_Cels (4)/0006_Dropdown weapon","0000_inventory/0002_Page/0005_Cels (4)/0006_Dropdown weapon","inventory/Page/Cels (4)/Dropdown weapon","dnd.inventory.dropdown.dropdown-weapon.8ac6c192c2c9"
"1","159230d9f324f4fd8dc19ff35df5d336895da1ba","1697f2afc1b4d474f81adc2407ce6319","Assets/Scenes/personag/inventory.unity","inventory","CharacterSheetManagerScene1","Dropdown","dropdownData","30","30","Dropdown_0000_inventory/0002_Page/0005_Cels (4)/0007_Dropdown cheger","0000_inventory/0002_Page/0005_Cels (4)/0007_Dropdown cheger","inventory/Page/Cels (4)/Dropdown cheger","dnd.inventory.dropdown.dropdown-cheger.59385c890b6d"
"1","159230d9f324f4fd8dc19ff35df5d336895da1ba","1697f2afc1b4d474f81adc2407ce6319","Assets/Scenes/personag/inventory.unity","inventory","CharacterSheetManagerScene1","Dropdown","dropdownData","31","31","Dropdown_0000_inventory/0002_Page/0005_Cels (4)/0008_Dropdown armor","0000_inventory/0002_Page/0005_Cels (4)/0008_Dropdown armor","inventory/Page/Cels (4)/Dropdown armor","dnd.inventory.dropdown.dropdown-armor.790c69682e59"
"1","159230d9f324f4fd8dc19ff35df5d336895da1ba","1697f2afc1b4d474f81adc2407ce6319","Assets/Scenes/personag/inventory.unity","inventory","CharacterSheetManagerScene1","Dropdown","dropdownData","32","32","Dropdown_0000_inventory/0002_Page/0005_Cels (4)/0009_Dropdown bags","0000_inventory/0002_Page/0005_Cels (4)/0009_Dropdown bags","inventory/Page/Cels (4)/Dropdown bags","dnd.inventory.dropdown.dropdown-bags.58b02111ae67"
"1","159230d9f324f4fd8dc19ff35df5d336895da1ba","1697f2afc1b4d474f81adc2407ce6319","Assets/Scenes/personag/inventory.unity","inventory","CharacterSheetManagerScene1","Dropdown","dropdownData","33","33","Dropdown_0000_inventory/0002_Page/0005_Cels (4)/0010_Dropdown magic","0000_inventory/0002_Page/0005_Cels (4)/0010_Dropdown magic","inventory/Page/Cels (4)/Dropdown magic","dnd.inventory.dropdown.dropdown-magic.d0e01c002936"
"1","159230d9f324f4fd8dc19ff35df5d336895da1ba","1697f2afc1b4d474f81adc2407ce6319","Assets/Scenes/personag/inventory.unity","inventory","CharacterSheetManagerScene1","Dropdown","dropdownData","34","34","Dropdown_0000_inventory/0002_Page/0005_Cels (4)/0011_Dropdown other","0000_inventory/0002_Page/0005_Cels (4)/0011_Dropdown other","inventory/Page/Cels (4)/Dropdown other","dnd.inventory.dropdown.dropdown-other.0f5efe5c1530"
"1","159230d9f324f4fd8dc19ff35df5d336895da1ba","1697f2afc1b4d474f81adc2407ce6319","Assets/Scenes/personag/inventory.unity","inventory","CharacterSheetManagerScene1","Dropdown","dropdownData","35","35","Dropdown_0000_inventory/0002_Page/0006_Cels (5)/0001_itemCategoryDropdown","0000_inventory/0002_Page/0006_Cels (5)/0001_itemCategoryDropdown","inventory/Page/Cels (5)/itemCategoryDropdown","dnd.inventory.dropdown.itemcategorydropdown.6c3e9c283428"
"1","159230d9f324f4fd8dc19ff35df5d336895da1ba","1697f2afc1b4d474f81adc2407ce6319","Assets/Scenes/personag/inventory.unity","inventory","CharacterSheetManagerScene1","Dropdown","dropdownData","36","36","Dropdown_0000_inventory/0002_Page/0006_Cels (5)/0006_Dropdown weapon","0000_inventory/0002_Page/0006_Cels (5)/0006_Dropdown weapon","inventory/Page/Cels (5)/Dropdown weapon","dnd.inventory.dropdown.dropdown-weapon.afc3820c5db0"
"1","159230d9f324f4fd8dc19ff35df5d336895da1ba","1697f2afc1b4d474f81adc2407ce6319","Assets/Scenes/personag/inventory.unity","inventory","CharacterSheetManagerScene1","Dropdown","dropdownData","37","37","Dropdown_0000_inventory/0002_Page/0006_Cels (5)/0007_Dropdown cheger","0000_inventory/0002_Page/0006_Cels (5)/0007_Dropdown cheger","inventory/Page/Cels (5)/Dropdown cheger","dnd.inventory.dropdown.dropdown-cheger.4693fa7ac49b"
"1","159230d9f324f4fd8dc19ff35df5d336895da1ba","1697f2afc1b4d474f81adc2407ce6319","Assets/Scenes/personag/inventory.unity","inventory","CharacterSheetManagerScene1","Dropdown","dropdownData","38","38","Dropdown_0000_inventory/0002_Page/0006_Cels (5)/0008_Dropdown armor","0000_inventory/0002_Page/0006_Cels (5)/0008_Dropdown armor","inventory/Page/Cels (5)/Dropdown armor","dnd.inventory.dropdown.dropdown-armor.7ae4befdba1c"
"1","159230d9f324f4fd8dc19ff35df5d336895da1ba","1697f2afc1b4d474f81adc2407ce6319","Assets/Scenes/personag/inventory.unity","inventory","CharacterSheetManagerScene1","Dropdown","dropdownData","39","39","Dropdown_0000_inventory/0002_Page/0006_Cels (5)/0009_Dropdown bags","0000_inventory/0002_Page/0006_Cels (5)/0009_Dropdown bags","inventory/Page/Cels (5)/Dropdown bags","dnd.inventory.dropdown.dropdown-bags.7bb193a143e0"
"1","159230d9f324f4fd8dc19ff35df5d336895da1ba","1697f2afc1b4d474f81adc2407ce6319","Assets/Scenes/personag/inventory.unity","inventory","CharacterSheetManagerScene1","Dropdown","dropdownData","40","40","Dropdown_0000_inventory/0002_Page/0006_Cels (5)/0010_Dropdown magic","0000_inventory/0002_Page/0006_Cels (5)/0010_Dropdown magic","inventory/Page/Cels (5)/Dropdown magic","dnd.inventory.dropdown.dropdown-magic.b6cc641dcabf"
"1","159230d9f324f4fd8dc19ff35df5d336895da1ba","1697f2afc1b4d474f81adc2407ce6319","Assets/Scenes/personag/inventory.unity","inventory","CharacterSheetManagerScene1","Dropdown","dropdownData","41","41","Dropdown_0000_inventory/0002_Page/0006_Cels (5)/0011_Dropdown other","0000_inventory/0002_Page/0006_Cels (5)/0011_Dropdown other","inventory/Page/Cels (5)/Dropdown other","dnd.inventory.dropdown.dropdown-other.01ac7651e2ea"
"1","159230d9f324f4fd8dc19ff35df5d336895da1ba","1697f2afc1b4d474f81adc2407ce6319","Assets/Scenes/personag/inventory.unity","inventory","CharacterSheetManagerScene1","Dropdown","dropdownData","42","42","Dropdown_0000_inventory/0002_Page/0007_Cels (6)/0001_itemCategoryDropdown","0000_inventory/0002_Page/0007_Cels (6)/0001_itemCategoryDropdown","inventory/Page/Cels (6)/itemCategoryDropdown","dnd.inventory.dropdown.itemcategorydropdown.06f784e38203"
"1","159230d9f324f4fd8dc19ff35df5d336895da1ba","1697f2afc1b4d474f81adc2407ce6319","Assets/Scenes/personag/inventory.unity","inventory","CharacterSheetManagerScene1","Dropdown","dropdownData","43","43","Dropdown_0000_inventory/0002_Page/0007_Cels (6)/0006_Dropdown weapon","0000_inventory/0002_Page/0007_Cels (6)/0006_Dropdown weapon","inventory/Page/Cels (6)/Dropdown weapon","dnd.inventory.dropdown.dropdown-weapon.04283018fd05"
"1","159230d9f324f4fd8dc19ff35df5d336895da1ba","1697f2afc1b4d474f81adc2407ce6319","Assets/Scenes/personag/inventory.unity","inventory","CharacterSheetManagerScene1","Dropdown","dropdownData","44","44","Dropdown_0000_inventory/0002_Page/0007_Cels (6)/0007_Dropdown cheger","0000_inventory/0002_Page/0007_Cels (6)/0007_Dropdown cheger","inventory/Page/Cels (6)/Dropdown cheger","dnd.inventory.dropdown.dropdown-cheger.993d69e4acc1"
"1","159230d9f324f4fd8dc19ff35df5d336895da1ba","1697f2afc1b4d474f81adc2407ce6319","Assets/Scenes/personag/inventory.unity","inventory","CharacterSheetManagerScene1","Dropdown","dropdownData","45","45","Dropdown_0000_inventory/0002_Page/0007_Cels (6)/0008_Dropdown armor","0000_inventory/0002_Page/0007_Cels (6)/0008_Dropdown armor","inventory/Page/Cels (6)/Dropdown armor","dnd.inventory.dropdown.dropdown-armor.bbb578e1d539"
"1","159230d9f324f4fd8dc19ff35df5d336895da1ba","1697f2afc1b4d474f81adc2407ce6319","Assets/Scenes/personag/inventory.unity","inventory","CharacterSheetManagerScene1","Dropdown","dropdownData","46","46","Dropdown_0000_inventory/0002_Page/0007_Cels (6)/0009_Dropdown bags","0000_inventory/0002_Page/0007_Cels (6)/0009_Dropdown bags","inventory/Page/Cels (6)/Dropdown bags","dnd.inventory.dropdown.dropdown-bags.8faae3cb8d94"
"1","159230d9f324f4fd8dc19ff35df5d336895da1ba","1697f2afc1b4d474f81adc2407ce6319","Assets/Scenes/personag/inventory.unity","inventory","CharacterSheetManagerScene1","Dropdown","dropdownData","47","47","Dropdown_0000_inventory/0002_Page/0007_Cels (6)/0010_Dropdown magic","0000_inventory/0002_Page/0007_Cels (6)/0010_Dropdown magic","inventory/Page/Cels (6)/Dropdown magic","dnd.inventory.dropdown.dropdown-magic.0184ea3dc976"
"1","159230d9f324f4fd8dc19ff35df5d336895da1ba","1697f2afc1b4d474f81adc2407ce6319","Assets/Scenes/personag/inventory.unity","inventory","CharacterSheetManagerScene1","Dropdown","dropdownData","48","48","Dropdown_0000_inventory/0002_Page/0007_Cels (6)/0011_Dropdown other","0000_inventory/0002_Page/0007_Cels (6)/0011_Dropdown other","inventory/Page/Cels (6)/Dropdown other","dnd.inventory.dropdown.dropdown-other.daa19ba65e7b"
"1","159230d9f324f4fd8dc19ff35df5d336895da1ba","1697f2afc1b4d474f81adc2407ce6319","Assets/Scenes/personag/inventory.unity","inventory","CharacterSheetManagerScene1","Dropdown","dropdownData","49","49","Dropdown_0000_inventory/0002_Page/0008_Cels (7)/0001_itemCategoryDropdown","0000_inventory/0002_Page/0008_Cels (7)/0001_itemCategoryDropdown","inventory/Page/Cels (7)/itemCategoryDropdown","dnd.inventory.dropdown.itemcategorydropdown.208bdc928e19"
"1","159230d9f324f4fd8dc19ff35df5d336895da1ba","1697f2afc1b4d474f81adc2407ce6319","Assets/Scenes/personag/inventory.unity","inventory","CharacterSheetManagerScene1","Dropdown","dropdownData","50","50","Dropdown_0000_inventory/0002_Page/0008_Cels (7)/0006_Dropdown weapon","0000_inventory/0002_Page/0008_Cels (7)/0006_Dropdown weapon","inventory/Page/Cels (7)/Dropdown weapon","dnd.inventory.dropdown.dropdown-weapon.5dfb626aac0c"
"1","159230d9f324f4fd8dc19ff35df5d336895da1ba","1697f2afc1b4d474f81adc2407ce6319","Assets/Scenes/personag/inventory.unity","inventory","CharacterSheetManagerScene1","Dropdown","dropdownData","51","51","Dropdown_0000_inventory/0002_Page/0008_Cels (7)/0007_Dropdown cheger","0000_inventory/0002_Page/0008_Cels (7)/0007_Dropdown cheger","inventory/Page/Cels (7)/Dropdown cheger","dnd.inventory.dropdown.dropdown-cheger.cb9426355fe8"
"1","159230d9f324f4fd8dc19ff35df5d336895da1ba","1697f2afc1b4d474f81adc2407ce6319","Assets/Scenes/personag/inventory.unity","inventory","CharacterSheetManagerScene1","Dropdown","dropdownData","52","52","Dropdown_0000_inventory/0002_Page/0008_Cels (7)/0008_Dropdown armor","0000_inventory/0002_Page/0008_Cels (7)/0008_Dropdown armor","inventory/Page/Cels (7)/Dropdown armor","dnd.inventory.dropdown.dropdown-armor.1b227aa19e4f"
"1","159230d9f324f4fd8dc19ff35df5d336895da1ba","1697f2afc1b4d474f81adc2407ce6319","Assets/Scenes/personag/inventory.unity","inventory","CharacterSheetManagerScene1","Dropdown","dropdownData","53","53","Dropdown_0000_inventory/0002_Page/0008_Cels (7)/0009_Dropdown bags","0000_inventory/0002_Page/0008_Cels (7)/0009_Dropdown bags","inventory/Page/Cels (7)/Dropdown bags","dnd.inventory.dropdown.dropdown-bags.1eaca53dc66c"
"1","159230d9f324f4fd8dc19ff35df5d336895da1ba","1697f2afc1b4d474f81adc2407ce6319","Assets/Scenes/personag/inventory.unity","inventory","CharacterSheetManagerScene1","Dropdown","dropdownData","54","54","Dropdown_0000_inventory/0002_Page/0008_Cels (7)/0010_Dropdown magic","0000_inventory/0002_Page/0008_Cels (7)/0010_Dropdown magic","inventory/Page/Cels (7)/Dropdown magic","dnd.inventory.dropdown.dropdown-magic.284b8b2f86b3"
"1","159230d9f324f4fd8dc19ff35df5d336895da1ba","1697f2afc1b4d474f81adc2407ce6319","Assets/Scenes/personag/inventory.unity","inventory","CharacterSheetManagerScene1","Dropdown","dropdownData","55","55","Dropdown_0000_inventory/0002_Page/0008_Cels (7)/0011_Dropdown other","0000_inventory/0002_Page/0008_Cels (7)/0011_Dropdown other","inventory/Page/Cels (7)/Dropdown other","dnd.inventory.dropdown.dropdown-other.5f841b1db46a"
"1","159230d9f324f4fd8dc19ff35df5d336895da1ba","1697f2afc1b4d474f81adc2407ce6319","Assets/Scenes/personag/inventory.unity","inventory","CharacterSheetManagerScene1","Dropdown","dropdownData","56","56","Dropdown_0000_inventory/0002_Page/0009_Cels (8)/0005_Dropdown weapon","0000_inventory/0002_Page/0009_Cels (8)/0005_Dropdown weapon","inventory/Page/Cels (8)/Dropdown weapon","dnd.inventory.dropdown.dropdown-weapon.2992b0b31e6d"
"1","159230d9f324f4fd8dc19ff35df5d336895da1ba","1697f2afc1b4d474f81adc2407ce6319","Assets/Scenes/personag/inventory.unity","inventory","CharacterSheetManagerScene1","Dropdown","dropdownData","57","57","Dropdown_0000_inventory/0002_Page/0009_Cels (8)/0006_Dropdown cheger","0000_inventory/0002_Page/0009_Cels (8)/0006_Dropdown cheger","inventory/Page/Cels (8)/Dropdown cheger","dnd.inventory.dropdown.dropdown-cheger.a8c91eeb1b9e"
"1","159230d9f324f4fd8dc19ff35df5d336895da1ba","1697f2afc1b4d474f81adc2407ce6319","Assets/Scenes/personag/inventory.unity","inventory","CharacterSheetManagerScene1","Dropdown","dropdownData","58","58","Dropdown_0000_inventory/0002_Page/0009_Cels (8)/0007_Dropdown armor","0000_inventory/0002_Page/0009_Cels (8)/0007_Dropdown armor","inventory/Page/Cels (8)/Dropdown armor","dnd.inventory.dropdown.dropdown-armor.f5485c5ffcef"
"1","159230d9f324f4fd8dc19ff35df5d336895da1ba","1697f2afc1b4d474f81adc2407ce6319","Assets/Scenes/personag/inventory.unity","inventory","CharacterSheetManagerScene1","Dropdown","dropdownData","59","59","Dropdown_0000_inventory/0002_Page/0009_Cels (8)/0008_Dropdown bags","0000_inventory/0002_Page/0009_Cels (8)/0008_Dropdown bags","inventory/Page/Cels (8)/Dropdown bags","dnd.inventory.dropdown.dropdown-bags.fb77656f6e86"
"1","159230d9f324f4fd8dc19ff35df5d336895da1ba","1697f2afc1b4d474f81adc2407ce6319","Assets/Scenes/personag/inventory.unity","inventory","CharacterSheetManagerScene1","Dropdown","dropdownData","60","60","Dropdown_0000_inventory/0002_Page/0009_Cels (8)/0009_Dropdown magic","0000_inventory/0002_Page/0009_Cels (8)/0009_Dropdown magic","inventory/Page/Cels (8)/Dropdown magic","dnd.inventory.dropdown.dropdown-magic.1fb8887f59c2"
"1","159230d9f324f4fd8dc19ff35df5d336895da1ba","1697f2afc1b4d474f81adc2407ce6319","Assets/Scenes/personag/inventory.unity","inventory","CharacterSheetManagerScene1","Dropdown","dropdownData","61","61","Dropdown_0000_inventory/0002_Page/0009_Cels (8)/0010_Dropdown other","0000_inventory/0002_Page/0009_Cels (8)/0010_Dropdown other","inventory/Page/Cels (8)/Dropdown other","dnd.inventory.dropdown.dropdown-other.4fbe2e2835a7"
"1","159230d9f324f4fd8dc19ff35df5d336895da1ba","1697f2afc1b4d474f81adc2407ce6319","Assets/Scenes/personag/inventory.unity","inventory","CharacterSheetManagerScene1","Dropdown","dropdownData","62","62","Dropdown_0000_inventory/0002_Page/0009_Cels (8)/0011_itemCategoryDropdown","0000_inventory/0002_Page/0009_Cels (8)/0011_itemCategoryDropdown","inventory/Page/Cels (8)/itemCategoryDropdown","dnd.inventory.dropdown.itemcategorydropdown.980276e2ca70"
"1","159230d9f324f4fd8dc19ff35df5d336895da1ba","1697f2afc1b4d474f81adc2407ce6319","Assets/Scenes/personag/inventory.unity","inventory","CharacterSheetManagerScene1","Dropdown","dropdownData","63","63","Dropdown_0002_overLey/0002_kalPanel/0002_Panelhealp/0003_potionDropdown","0002_overLey/0002_kalPanel/0002_Panelhealp/0003_potionDropdown","overLey/kalPanel/Panelhealp/potionDropdown","dnd.inventory.dropdown.potiondropdown.692e7c80b9cb"
"1","159230d9f324f4fd8dc19ff35df5d336895da1ba","ce49ad843030a8d4c9ee1d1bd6284f58","Assets/Scenes/personag/informForPerson.unity","informForPerson","CharacterSheetManagerScene1","InputField","inputData","0","0","","0001_Canvas/0001_plauerInfo/0002_inputPises/0000_personajName","Canvas/plauerInfo/inputPises/personajName","dnd.informforperson.inputfield.personajname.257e5985f31f"
"1","159230d9f324f4fd8dc19ff35df5d336895da1ba","ce49ad843030a8d4c9ee1d1bd6284f58","Assets/Scenes/personag/informForPerson.unity","informForPerson","CharacterSheetManagerScene1","InputField","inputData","1","1","","0001_Canvas/0001_plauerInfo/0002_inputPises/0001_mmpises (1)","Canvas/plauerInfo/inputPises/mmpises (1)","dnd.informforperson.inputfield.mmpises-1.98746931efef"
"1","159230d9f324f4fd8dc19ff35df5d336895da1ba","ce49ad843030a8d4c9ee1d1bd6284f58","Assets/Scenes/personag/informForPerson.unity","informForPerson","CharacterSheetManagerScene1","InputField","inputData","2","2","","0001_Canvas/0001_plauerInfo/0002_inputPises/0002_mmpises (2)","Canvas/plauerInfo/inputPises/mmpises (2)","dnd.informforperson.inputfield.mmpises-2.b1f22d266007"
"1","159230d9f324f4fd8dc19ff35df5d336895da1ba","ce49ad843030a8d4c9ee1d1bd6284f58","Assets/Scenes/personag/informForPerson.unity","informForPerson","CharacterSheetManagerScene1","InputField","inputData","3","3","","0001_Canvas/0001_plauerInfo/0002_inputPises/0003_mmpises (3)","Canvas/plauerInfo/inputPises/mmpises (3)","dnd.informforperson.inputfield.mmpises-3.5e687ed3b669"
"1","159230d9f324f4fd8dc19ff35df5d336895da1ba","ce49ad843030a8d4c9ee1d1bd6284f58","Assets/Scenes/personag/informForPerson.unity","informForPerson","CharacterSheetManagerScene1","InputField","inputData","4","4","","0001_Canvas/0001_plauerInfo/0002_inputPises/0004_mmpises (4)","Canvas/plauerInfo/inputPises/mmpises (4)","dnd.informforperson.inputfield.mmpises-4.219ac836f5b6"
"1","159230d9f324f4fd8dc19ff35df5d336895da1ba","ce49ad843030a8d4c9ee1d1bd6284f58","Assets/Scenes/personag/informForPerson.unity","informForPerson","CharacterSheetManagerScene1","InputField","inputData","5","5","","0001_Canvas/0001_plauerInfo/0002_inputPises/0005_mmpises (5)","Canvas/plauerInfo/inputPises/mmpises (5)","dnd.informforperson.inputfield.mmpises-5.9fb6cb478bf6"
"1","159230d9f324f4fd8dc19ff35df5d336895da1ba","ce49ad843030a8d4c9ee1d1bd6284f58","Assets/Scenes/personag/informForPerson.unity","informForPerson","CharacterSheetManagerScene1","InputField","inputData","6","6","","0001_Canvas/0001_plauerInfo/0002_inputPises/0006_mmpises (6)","Canvas/plauerInfo/inputPises/mmpises (6)","dnd.informforperson.inputfield.mmpises-6.cba621802c05"
"1","159230d9f324f4fd8dc19ff35df5d336895da1ba","ce49ad843030a8d4c9ee1d1bd6284f58","Assets/Scenes/personag/informForPerson.unity","informForPerson","CharacterSheetManagerScene1","InputField","inputData","7","7","","0001_Canvas/0003_zamitki (1)/0001_spasKidkiSkore/0000_InputFieldspaspaw","Canvas/zamitki (1)/spasKidkiSkore/InputFieldspaspaw","dnd.informforperson.inputfield.inputfieldspaspaw.433ca166a8d1"
"1","159230d9f324f4fd8dc19ff35df5d336895da1ba","ce49ad843030a8d4c9ee1d1bd6284f58","Assets/Scenes/personag/informForPerson.unity","informForPerson","CharacterSheetManagerScene1","InputField","inputData","8","8","","0001_Canvas/0004_zamitki (4)/0001_spasKidkiSkore/0000_InputFieldspaspaw","Canvas/zamitki (4)/spasKidkiSkore/InputFieldspaspaw","dnd.informforperson.inputfield.inputfieldspaspaw.7d805c3a05fc"
"1","159230d9f324f4fd8dc19ff35df5d336895da1ba","ce49ad843030a8d4c9ee1d1bd6284f58","Assets/Scenes/personag/informForPerson.unity","informForPerson","CharacterSheetManagerScene1","InputField","inputData","9","9","","0001_Canvas/0004_zamitki (4)/0001_spasKidkiSkore/0001_InputFieldspaspaw (1)","Canvas/zamitki (4)/spasKidkiSkore/InputFieldspaspaw (1)","dnd.informforperson.inputfield.inputfieldspaspaw-1.1d8ad7ebe0ac"
"1","159230d9f324f4fd8dc19ff35df5d336895da1ba","ce49ad843030a8d4c9ee1d1bd6284f58","Assets/Scenes/personag/informForPerson.unity","informForPerson","CharacterSheetManagerScene1","InputField","inputData","10","10","","0001_Canvas/0004_zamitki (4)/0001_spasKidkiSkore/0002_InputFieldspaspaw (2)","Canvas/zamitki (4)/spasKidkiSkore/InputFieldspaspaw (2)","dnd.informforperson.inputfield.inputfieldspaspaw-2.28248e210e95"
"1","159230d9f324f4fd8dc19ff35df5d336895da1ba","ce49ad843030a8d4c9ee1d1bd6284f58","Assets/Scenes/personag/informForPerson.unity","informForPerson","CharacterSheetManagerScene1","InputField","inputData","11","11","","0001_Canvas/0004_zamitki (4)/0001_spasKidkiSkore/0003_InputFieldspaspaw (3)","Canvas/zamitki (4)/spasKidkiSkore/InputFieldspaspaw (3)","dnd.informforperson.inputfield.inputfieldspaspaw-3.a5d811559744"
"1","159230d9f324f4fd8dc19ff35df5d336895da1ba","ce49ad843030a8d4c9ee1d1bd6284f58","Assets/Scenes/personag/informForPerson.unity","informForPerson","CharacterSheetManagerScene1","InputField","inputData","12","12","","0001_Canvas/0004_zamitki (4)/0001_spasKidkiSkore/0004_InputFieldspaspaw (4)","Canvas/zamitki (4)/spasKidkiSkore/InputFieldspaspaw (4)","dnd.informforperson.inputfield.inputfieldspaspaw-4.cb8f3a241ded"
"1","159230d9f324f4fd8dc19ff35df5d336895da1ba","ce49ad843030a8d4c9ee1d1bd6284f58","Assets/Scenes/personag/informForPerson.unity","informForPerson","CharacterSheetManagerScene1","InputField","inputData","13","13","","0001_Canvas/0004_zamitki (4)/0001_spasKidkiSkore/0005_InputFieldspaspaw (5)","Canvas/zamitki (4)/spasKidkiSkore/InputFieldspaspaw (5)","dnd.informforperson.inputfield.inputfieldspaspaw-5.0bd845c31745"
"1","159230d9f324f4fd8dc19ff35df5d336895da1ba","ce49ad843030a8d4c9ee1d1bd6284f58","Assets/Scenes/personag/informForPerson.unity","informForPerson","CharacterSheetManagerScene1","InputField","inputData","14","14","","0001_Canvas/0004_zamitki (4)/0001_spasKidkiSkore/0006_InputFieldspaspaw (6)","Canvas/zamitki (4)/spasKidkiSkore/InputFieldspaspaw (6)","dnd.informforperson.inputfield.inputfieldspaspaw-6.4196fcaad274"
"1","159230d9f324f4fd8dc19ff35df5d336895da1ba","ce49ad843030a8d4c9ee1d1bd6284f58","Assets/Scenes/personag/informForPerson.unity","informForPerson","CharacterSheetManagerScene1","InputField","inputData","15","15","","0001_Canvas/0004_zamitki (4)/0001_spasKidkiSkore/0007_InputFieldspaspaw (7)","Canvas/zamitki (4)/spasKidkiSkore/InputFieldspaspaw (7)","dnd.informforperson.inputfield.inputfieldspaspaw-7.724bccddd228"
"1","159230d9f324f4fd8dc19ff35df5d336895da1ba","ce49ad843030a8d4c9ee1d1bd6284f58","Assets/Scenes/personag/informForPerson.unity","informForPerson","CharacterSheetManagerScene1","InputField","inputData","16","16","","0001_Canvas/0013_zamitki (2)/0001_spasKidkiSkore/0000_InputFieldspaspaw","Canvas/zamitki (2)/spasKidkiSkore/InputFieldspaspaw","dnd.informforperson.inputfield.inputfieldspaspaw.58b5e24f2f14"
"1","159230d9f324f4fd8dc19ff35df5d336895da1ba","ce49ad843030a8d4c9ee1d1bd6284f58","Assets/Scenes/personag/informForPerson.unity","informForPerson","CharacterSheetManagerScene1","InputField","inputData","17","17","","0001_Canvas/0014_zamitki (5)/0001_spasKidkiSkore/0000_InputFieldspaspaw","Canvas/zamitki (5)/spasKidkiSkore/InputFieldspaspaw","dnd.informforperson.inputfield.inputfieldspaspaw.9038745965ab"
"1","159230d9f324f4fd8dc19ff35df5d336895da1ba","ce49ad843030a8d4c9ee1d1bd6284f58","Assets/Scenes/personag/informForPerson.unity","informForPerson","CharacterSheetManagerScene1","InputField","inputData","18","18","","0001_Canvas/0015_zamitki (7)/0001_spasKidkiSkore/0000_InputFieldspaspaw","Canvas/zamitki (7)/spasKidkiSkore/InputFieldspaspaw","dnd.informforperson.inputfield.inputfieldspaspaw.5573b6ca29ae"
"1","159230d9f324f4fd8dc19ff35df5d336895da1ba","ce49ad843030a8d4c9ee1d1bd6284f58","Assets/Scenes/personag/informForPerson.unity","informForPerson","CharacterSheetManagerScene1","InputField","inputData","19","19","","0001_Canvas/0016_zamitki (3)/0001_spasKidkiSkore/0000_InputFieldspaspaw","Canvas/zamitki (3)/spasKidkiSkore/InputFieldspaspaw","dnd.informforperson.inputfield.inputfieldspaspaw.80da369c9245"
"1","159230d9f324f4fd8dc19ff35df5d336895da1ba","ce49ad843030a8d4c9ee1d1bd6284f58","Assets/Scenes/personag/informForPerson.unity","informForPerson","CharacterSheetManagerScene1","InputField","inputData","20","20","","0001_Canvas/0017_zamitki (6)/0001_spasKidkiSkore/0000_InputFieldspaspaw","Canvas/zamitki (6)/spasKidkiSkore/InputFieldspaspaw","dnd.informforperson.inputfield.inputfieldspaspaw.6d506ebcd6ec"
"1","159230d9f324f4fd8dc19ff35df5d336895da1ba","ce49ad843030a8d4c9ee1d1bd6284f58","Assets/Scenes/personag/informForPerson.unity","informForPerson","CharacterSheetManagerScene1","InputField","inputData","21","21","","0001_Canvas/0017_zamitki (6)/0001_spasKidkiSkore/0001_InputFieldspaspaw (1)","Canvas/zamitki (6)/spasKidkiSkore/InputFieldspaspaw (1)","dnd.informforperson.inputfield.inputfieldspaspaw-1.e8116072858c"
"1","159230d9f324f4fd8dc19ff35df5d336895da1ba","ce49ad843030a8d4c9ee1d1bd6284f58","Assets/Scenes/personag/informForPerson.unity","informForPerson","CharacterSheetManagerScene1","InputField","inputData","22","22","","0001_Canvas/0017_zamitki (6)/0001_spasKidkiSkore/0002_InputFieldspaspaw (2)","Canvas/zamitki (6)/spasKidkiSkore/InputFieldspaspaw (2)","dnd.informforperson.inputfield.inputfieldspaspaw-2.e975e15f8cf5"
"1","159230d9f324f4fd8dc19ff35df5d336895da1ba","ce49ad843030a8d4c9ee1d1bd6284f58","Assets/Scenes/personag/informForPerson.unity","informForPerson","CharacterSheetManagerScene1","InputField","inputData","23","23","","0001_Canvas/0017_zamitki (6)/0001_spasKidkiSkore/0003_InputFieldspaspaw (3)","Canvas/zamitki (6)/spasKidkiSkore/InputFieldspaspaw (3)","dnd.informforperson.inputfield.inputfieldspaspaw-3.1c1d7f6b91e3"
"1","159230d9f324f4fd8dc19ff35df5d336895da1ba","ce49ad843030a8d4c9ee1d1bd6284f58","Assets/Scenes/personag/informForPerson.unity","informForPerson","CharacterSheetManagerScene1","InputField","inputData","24","24","","0001_Canvas/0018_zamitki (8)/0001_spasKidkiSkore/0000_InputFieldspaspaw","Canvas/zamitki (8)/spasKidkiSkore/InputFieldspaspaw","dnd.informforperson.inputfield.inputfieldspaspaw.cf6cdc167216"
"1","159230d9f324f4fd8dc19ff35df5d336895da1ba","ce49ad843030a8d4c9ee1d1bd6284f58","Assets/Scenes/personag/informForPerson.unity","informForPerson","CharacterSheetManagerScene1","Toggle","toggleData","0","0","Toggle_0001_Canvas/0005_Toggle","0001_Canvas/0005_Toggle","Canvas/Toggle","dnd.informforperson.toggle.toggle.b30698404a11"
"1","159230d9f324f4fd8dc19ff35df5d336895da1ba","ce49ad843030a8d4c9ee1d1bd6284f58","Assets/Scenes/personag/informForPerson.unity","informForPerson","CharacterSheetManagerScene1","Toggle","toggleData","1","1","Toggle_0001_Canvas/0006_Toggle (1)","0001_Canvas/0006_Toggle (1)","Canvas/Toggle (1)","dnd.informforperson.toggle.toggle-1.fbf04c2b999c"
"1","159230d9f324f4fd8dc19ff35df5d336895da1ba","ce49ad843030a8d4c9ee1d1bd6284f58","Assets/Scenes/personag/informForPerson.unity","informForPerson","CharacterSheetManagerScene1","Toggle","toggleData","2","2","Toggle_0001_Canvas/0007_Toggle (2)","0001_Canvas/0007_Toggle (2)","Canvas/Toggle (2)","dnd.informforperson.toggle.toggle-2.865e58867166"
"1","159230d9f324f4fd8dc19ff35df5d336895da1ba","ce49ad843030a8d4c9ee1d1bd6284f58","Assets/Scenes/personag/informForPerson.unity","informForPerson","CharacterSheetManagerScene1","Toggle","toggleData","3","3","Toggle_0001_Canvas/0008_Toggle (3)","0001_Canvas/0008_Toggle (3)","Canvas/Toggle (3)","dnd.informforperson.toggle.toggle-3.4f851048e0b1"
"1","159230d9f324f4fd8dc19ff35df5d336895da1ba","ce49ad843030a8d4c9ee1d1bd6284f58","Assets/Scenes/personag/informForPerson.unity","informForPerson","CharacterSheetManagerScene1","Toggle","toggleData","4","4","Toggle_0001_Canvas/0009_Toggle (4)","0001_Canvas/0009_Toggle (4)","Canvas/Toggle (4)","dnd.informforperson.toggle.toggle-4.933c0c5e5385"
"1","159230d9f324f4fd8dc19ff35df5d336895da1ba","ce49ad843030a8d4c9ee1d1bd6284f58","Assets/Scenes/personag/informForPerson.unity","informForPerson","CharacterSheetManagerScene1","Toggle","toggleData","5","5","Toggle_0001_Canvas/0010_Toggle (5)","0001_Canvas/0010_Toggle (5)","Canvas/Toggle (5)","dnd.informforperson.toggle.toggle-5.ff6c6bf30373"
"1","159230d9f324f4fd8dc19ff35df5d336895da1ba","ce49ad843030a8d4c9ee1d1bd6284f58","Assets/Scenes/personag/informForPerson.unity","informForPerson","CharacterSheetManagerScene1","Toggle","toggleData","6","6","Toggle_0001_Canvas/0011_Toggle (6)","0001_Canvas/0011_Toggle (6)","Canvas/Toggle (6)","dnd.informforperson.toggle.toggle-6.1e94d8d4df1b"
"1","159230d9f324f4fd8dc19ff35df5d336895da1ba","ce49ad843030a8d4c9ee1d1bd6284f58","Assets/Scenes/personag/informForPerson.unity","informForPerson","CharacterSheetManagerScene1","Toggle","toggleData","7","7","Toggle_0001_Canvas/0012_Toggle (7)","0001_Canvas/0012_Toggle (7)","Canvas/Toggle (7)","dnd.informforperson.toggle.toggle-7.fdc6951b9dbc"
"1","159230d9f324f4fd8dc19ff35df5d336895da1ba","ce49ad843030a8d4c9ee1d1bd6284f58","Assets/Scenes/personag/informForPerson.unity","informForPerson","CharacterSheetManagerScene1","Toggle","toggleData","8","8","Toggle_0003_overLey/0002_kalPanel/0002_Panelhealp/0003_potionDropdown/0002_Template/0000_Viewport/0000_Content/0000_Item","0003_overLey/0002_kalPanel/0002_Panelhealp/0003_potionDropdown/0002_Template/0000_Viewport/0000_Content/0000_Item","overLey/kalPanel/Panelhealp/potionDropdown/Template/Viewport/Content/Item","dnd.informforperson.toggle.item.15e4d85e7d51"
"1","159230d9f324f4fd8dc19ff35df5d336895da1ba","ce49ad843030a8d4c9ee1d1bd6284f58","Assets/Scenes/personag/informForPerson.unity","informForPerson","CharacterSheetManagerScene1","Dropdown","dropdownData","0","0","Dropdown_0003_overLey/0002_kalPanel/0002_Panelhealp/0003_potionDropdown","0003_overLey/0002_kalPanel/0002_Panelhealp/0003_potionDropdown","overLey/kalPanel/Panelhealp/potionDropdown","dnd.informforperson.dropdown.potiondropdown.b2a7e354472f"
"1","159230d9f324f4fd8dc19ff35df5d336895da1ba","e00f5a8664ff4704995694bb27e52357","Assets/Scenes/personag/spelBook.unity","spelBook","CharacterSheetManagerScene1","InputField","inputData","0","0","","0001_spelbook/0002_Page/0001_Cels/0005_InputField (Legacy) (5)","spelbook/Page/Cels/InputField (Legacy) (5)","dnd.spelbook.inputfield.inputfield-legacy-5.5077a84b3155"
"1","159230d9f324f4fd8dc19ff35df5d336895da1ba","e00f5a8664ff4704995694bb27e52357","Assets/Scenes/personag/spelBook.unity","spelBook","CharacterSheetManagerScene1","InputField","inputData","1","1","","0001_spelbook/0002_Page/0001_Cels/0006_InputField (Legacy) (10)","spelbook/Page/Cels/InputField (Legacy) (10)","dnd.spelbook.inputfield.inputfield-legacy-10.2b6405955460"
"1","159230d9f324f4fd8dc19ff35df5d336895da1ba","e00f5a8664ff4704995694bb27e52357","Assets/Scenes/personag/spelBook.unity","spelBook","CharacterSheetManagerScene1","InputField","inputData","2","2","","0001_spelbook/0002_Page/0002_Cels (1)/0005_InputField (Legacy) (5)","spelbook/Page/Cels (1)/InputField (Legacy) (5)","dnd.spelbook.inputfield.inputfield-legacy-5.da0e989d4ed1"
"1","159230d9f324f4fd8dc19ff35df5d336895da1ba","e00f5a8664ff4704995694bb27e52357","Assets/Scenes/personag/spelBook.unity","spelBook","CharacterSheetManagerScene1","InputField","inputData","3","3","","0001_spelbook/0002_Page/0002_Cels (1)/0006_InputField (Legacy) (10)","spelbook/Page/Cels (1)/InputField (Legacy) (10)","dnd.spelbook.inputfield.inputfield-legacy-10.7c6e34fca5af"
"1","159230d9f324f4fd8dc19ff35df5d336895da1ba","e00f5a8664ff4704995694bb27e52357","Assets/Scenes/personag/spelBook.unity","spelBook","CharacterSheetManagerScene1","InputField","inputData","4","4","","0001_spelbook/0002_Page/0003_Cels (2)/0005_InputField (Legacy) (5)","spelbook/Page/Cels (2)/InputField (Legacy) (5)","dnd.spelbook.inputfield.inputfield-legacy-5.eae70cbd7a2e"
"1","159230d9f324f4fd8dc19ff35df5d336895da1ba","e00f5a8664ff4704995694bb27e52357","Assets/Scenes/personag/spelBook.unity","spelBook","CharacterSheetManagerScene1","InputField","inputData","5","5","","0001_spelbook/0002_Page/0003_Cels (2)/0006_InputField (Legacy) (10)","spelbook/Page/Cels (2)/InputField (Legacy) (10)","dnd.spelbook.inputfield.inputfield-legacy-10.acf589c48eb9"
"1","159230d9f324f4fd8dc19ff35df5d336895da1ba","e00f5a8664ff4704995694bb27e52357","Assets/Scenes/personag/spelBook.unity","spelBook","CharacterSheetManagerScene1","InputField","inputData","6","6","","0001_spelbook/0002_Page/0004_Cels (3)/0005_InputField (Legacy) (5)","spelbook/Page/Cels (3)/InputField (Legacy) (5)","dnd.spelbook.inputfield.inputfield-legacy-5.bbd16a6efa51"
"1","159230d9f324f4fd8dc19ff35df5d336895da1ba","e00f5a8664ff4704995694bb27e52357","Assets/Scenes/personag/spelBook.unity","spelBook","CharacterSheetManagerScene1","InputField","inputData","7","7","","0001_spelbook/0002_Page/0004_Cels (3)/0006_InputField (Legacy) (10)","spelbook/Page/Cels (3)/InputField (Legacy) (10)","dnd.spelbook.inputfield.inputfield-legacy-10.e4a03a03df94"
"1","159230d9f324f4fd8dc19ff35df5d336895da1ba","e00f5a8664ff4704995694bb27e52357","Assets/Scenes/personag/spelBook.unity","spelBook","CharacterSheetManagerScene1","InputField","inputData","8","8","","0001_spelbook/0002_Page/0005_Cels (4)/0005_InputField (Legacy) (5)","spelbook/Page/Cels (4)/InputField (Legacy) (5)","dnd.spelbook.inputfield.inputfield-legacy-5.5c2a90a2b142"
"1","159230d9f324f4fd8dc19ff35df5d336895da1ba","e00f5a8664ff4704995694bb27e52357","Assets/Scenes/personag/spelBook.unity","spelBook","CharacterSheetManagerScene1","InputField","inputData","9","9","","0001_spelbook/0002_Page/0005_Cels (4)/0006_InputField (Legacy) (10)","spelbook/Page/Cels (4)/InputField (Legacy) (10)","dnd.spelbook.inputfield.inputfield-legacy-10.dbdd6f4477c2"
"1","159230d9f324f4fd8dc19ff35df5d336895da1ba","e00f5a8664ff4704995694bb27e52357","Assets/Scenes/personag/spelBook.unity","spelBook","CharacterSheetManagerScene1","InputField","inputData","10","10","","0001_spelbook/0002_Page/0006_Cels (5)/0005_InputField (Legacy) (5)","spelbook/Page/Cels (5)/InputField (Legacy) (5)","dnd.spelbook.inputfield.inputfield-legacy-5.b2994a251ca0"
"1","159230d9f324f4fd8dc19ff35df5d336895da1ba","e00f5a8664ff4704995694bb27e52357","Assets/Scenes/personag/spelBook.unity","spelBook","CharacterSheetManagerScene1","InputField","inputData","11","11","","0001_spelbook/0002_Page/0006_Cels (5)/0006_InputField (Legacy) (10)","spelbook/Page/Cels (5)/InputField (Legacy) (10)","dnd.spelbook.inputfield.inputfield-legacy-10.370d2a6dcdbc"
"1","159230d9f324f4fd8dc19ff35df5d336895da1ba","e00f5a8664ff4704995694bb27e52357","Assets/Scenes/personag/spelBook.unity","spelBook","CharacterSheetManagerScene1","InputField","inputData","12","12","","0001_spelbook/0002_Page/0007_Cels (6)/0005_InputField (Legacy) (5)","spelbook/Page/Cels (6)/InputField (Legacy) (5)","dnd.spelbook.inputfield.inputfield-legacy-5.760405baf2d0"
"1","159230d9f324f4fd8dc19ff35df5d336895da1ba","e00f5a8664ff4704995694bb27e52357","Assets/Scenes/personag/spelBook.unity","spelBook","CharacterSheetManagerScene1","InputField","inputData","13","13","","0001_spelbook/0002_Page/0007_Cels (6)/0006_InputField (Legacy) (10)","spelbook/Page/Cels (6)/InputField (Legacy) (10)","dnd.spelbook.inputfield.inputfield-legacy-10.3d3b945b5663"
"1","159230d9f324f4fd8dc19ff35df5d336895da1ba","e00f5a8664ff4704995694bb27e52357","Assets/Scenes/personag/spelBook.unity","spelBook","CharacterSheetManagerScene1","InputField","inputData","14","14","","0001_spelbook/0002_Page/0008_Cels (7)/0005_InputField (Legacy) (5)","spelbook/Page/Cels (7)/InputField (Legacy) (5)","dnd.spelbook.inputfield.inputfield-legacy-5.b6f48ff3267f"
"1","159230d9f324f4fd8dc19ff35df5d336895da1ba","e00f5a8664ff4704995694bb27e52357","Assets/Scenes/personag/spelBook.unity","spelBook","CharacterSheetManagerScene1","InputField","inputData","15","15","","0001_spelbook/0002_Page/0008_Cels (7)/0006_InputField (Legacy) (10)","spelbook/Page/Cels (7)/InputField (Legacy) (10)","dnd.spelbook.inputfield.inputfield-legacy-10.60ad25317e4a"
"1","159230d9f324f4fd8dc19ff35df5d336895da1ba","e00f5a8664ff4704995694bb27e52357","Assets/Scenes/personag/spelBook.unity","spelBook","CharacterSheetManagerScene1","InputField","inputData","16","16","","0001_spelbook/0002_Page/0009_Cels (8)/0005_InputField (Legacy) (5)","spelbook/Page/Cels (8)/InputField (Legacy) (5)","dnd.spelbook.inputfield.inputfield-legacy-5.8c22d84b8a1f"
"1","159230d9f324f4fd8dc19ff35df5d336895da1ba","e00f5a8664ff4704995694bb27e52357","Assets/Scenes/personag/spelBook.unity","spelBook","CharacterSheetManagerScene1","InputField","inputData","17","17","","0001_spelbook/0002_Page/0009_Cels (8)/0006_InputField (Legacy) (10)","spelbook/Page/Cels (8)/InputField (Legacy) (10)","dnd.spelbook.inputfield.inputfield-legacy-10.180130fb1e4f"
"1","159230d9f324f4fd8dc19ff35df5d336895da1ba","e00f5a8664ff4704995694bb27e52357","Assets/Scenes/personag/spelBook.unity","spelBook","CharacterSheetManagerScene1","InputField","inputData","18","18","","0001_spelbook/0002_Page/0010_Cels (9)/0005_InputField (Legacy) (5)","spelbook/Page/Cels (9)/InputField (Legacy) (5)","dnd.spelbook.inputfield.inputfield-legacy-5.2913348adbb0"
"1","159230d9f324f4fd8dc19ff35df5d336895da1ba","e00f5a8664ff4704995694bb27e52357","Assets/Scenes/personag/spelBook.unity","spelBook","CharacterSheetManagerScene1","InputField","inputData","19","19","","0001_spelbook/0002_Page/0010_Cels (9)/0006_InputField (Legacy) (10)","spelbook/Page/Cels (9)/InputField (Legacy) (10)","dnd.spelbook.inputfield.inputfield-legacy-10.814b4d6167a8"
"1","159230d9f324f4fd8dc19ff35df5d336895da1ba","e00f5a8664ff4704995694bb27e52357","Assets/Scenes/personag/spelBook.unity","spelBook","CharacterSheetManagerScene1","InputField","inputData","20","20","","0001_spelbook/0002_Page/0011_Cels (10)/0005_InputField (Legacy) (5)","spelbook/Page/Cels (10)/InputField (Legacy) (5)","dnd.spelbook.inputfield.inputfield-legacy-5.53e56d4adabd"
"1","159230d9f324f4fd8dc19ff35df5d336895da1ba","e00f5a8664ff4704995694bb27e52357","Assets/Scenes/personag/spelBook.unity","spelBook","CharacterSheetManagerScene1","InputField","inputData","21","21","","0001_spelbook/0002_Page/0011_Cels (10)/0006_InputField (Legacy) (10)","spelbook/Page/Cels (10)/InputField (Legacy) (10)","dnd.spelbook.inputfield.inputfield-legacy-10.5b4007fc7573"
"1","159230d9f324f4fd8dc19ff35df5d336895da1ba","e00f5a8664ff4704995694bb27e52357","Assets/Scenes/personag/spelBook.unity","spelBook","CharacterSheetManagerScene1","InputField","inputData","22","22","","0001_spelbook/0002_Page/0012_Cels (11)/0005_InputField (Legacy) (5)","spelbook/Page/Cels (11)/InputField (Legacy) (5)","dnd.spelbook.inputfield.inputfield-legacy-5.60e12d742516"
"1","159230d9f324f4fd8dc19ff35df5d336895da1ba","e00f5a8664ff4704995694bb27e52357","Assets/Scenes/personag/spelBook.unity","spelBook","CharacterSheetManagerScene1","InputField","inputData","23","23","","0001_spelbook/0002_Page/0012_Cels (11)/0006_InputField (Legacy) (10)","spelbook/Page/Cels (11)/InputField (Legacy) (10)","dnd.spelbook.inputfield.inputfield-legacy-10.8b615357ec59"
"1","159230d9f324f4fd8dc19ff35df5d336895da1ba","e00f5a8664ff4704995694bb27e52357","Assets/Scenes/personag/spelBook.unity","spelBook","CharacterSheetManagerScene1","InputField","inputData","24","24","","0001_spelbook/0002_Page/0013_Cels (12)/0005_InputField (Legacy) (5)","spelbook/Page/Cels (12)/InputField (Legacy) (5)","dnd.spelbook.inputfield.inputfield-legacy-5.02ac6858f8a3"
"1","159230d9f324f4fd8dc19ff35df5d336895da1ba","e00f5a8664ff4704995694bb27e52357","Assets/Scenes/personag/spelBook.unity","spelBook","CharacterSheetManagerScene1","InputField","inputData","25","25","","0001_spelbook/0002_Page/0013_Cels (12)/0006_InputField (Legacy) (10)","spelbook/Page/Cels (12)/InputField (Legacy) (10)","dnd.spelbook.inputfield.inputfield-legacy-10.d7e6af22c7a6"
"1","159230d9f324f4fd8dc19ff35df5d336895da1ba","e00f5a8664ff4704995694bb27e52357","Assets/Scenes/personag/spelBook.unity","spelBook","CharacterSheetManagerScene1","InputField","inputData","26","26","","0001_spelbook/0002_Page/0014_Cels (13)/0005_InputField (Legacy) (5)","spelbook/Page/Cels (13)/InputField (Legacy) (5)","dnd.spelbook.inputfield.inputfield-legacy-5.2510dc5b74ad"
"1","159230d9f324f4fd8dc19ff35df5d336895da1ba","e00f5a8664ff4704995694bb27e52357","Assets/Scenes/personag/spelBook.unity","spelBook","CharacterSheetManagerScene1","InputField","inputData","27","27","","0001_spelbook/0002_Page/0014_Cels (13)/0006_InputField (Legacy) (10)","spelbook/Page/Cels (13)/InputField (Legacy) (10)","dnd.spelbook.inputfield.inputfield-legacy-10.3ab11d0a7679"
"1","159230d9f324f4fd8dc19ff35df5d336895da1ba","e00f5a8664ff4704995694bb27e52357","Assets/Scenes/personag/spelBook.unity","spelBook","CharacterSheetManagerScene1","InputField","inputData","28","28","","0001_spelbook/0002_Page/0015_Cels (14)/0005_InputField (Legacy) (5)","spelbook/Page/Cels (14)/InputField (Legacy) (5)","dnd.spelbook.inputfield.inputfield-legacy-5.4a74c784e854"
"1","159230d9f324f4fd8dc19ff35df5d336895da1ba","e00f5a8664ff4704995694bb27e52357","Assets/Scenes/personag/spelBook.unity","spelBook","CharacterSheetManagerScene1","InputField","inputData","29","29","","0001_spelbook/0002_Page/0015_Cels (14)/0006_InputField (Legacy) (10)","spelbook/Page/Cels (14)/InputField (Legacy) (10)","dnd.spelbook.inputfield.inputfield-legacy-10.2813ef69b74e"
"1","159230d9f324f4fd8dc19ff35df5d336895da1ba","e00f5a8664ff4704995694bb27e52357","Assets/Scenes/personag/spelBook.unity","spelBook","CharacterSheetManagerScene1","Toggle","toggleData","0","0","Toggle_0001_spelbook/0002_Page/0001_Cels/0001_Toggle","0001_spelbook/0002_Page/0001_Cels/0001_Toggle","spelbook/Page/Cels/Toggle","dnd.spelbook.toggle.toggle.71242e1d1804"
"1","159230d9f324f4fd8dc19ff35df5d336895da1ba","e00f5a8664ff4704995694bb27e52357","Assets/Scenes/personag/spelBook.unity","spelBook","CharacterSheetManagerScene1","Toggle","toggleData","1","1","Toggle_0001_spelbook/0002_Page/0001_Cels/0002_DropdownDia/0002_Template/0000_Viewport/0000_Content/0000_Item","0001_spelbook/0002_Page/0001_Cels/0002_DropdownDia/0002_Template/0000_Viewport/0000_Content/0000_Item","spelbook/Page/Cels/DropdownDia/Template/Viewport/Content/Item","dnd.spelbook.toggle.item.6d54bf382deb"
"1","159230d9f324f4fd8dc19ff35df5d336895da1ba","e00f5a8664ff4704995694bb27e52357","Assets/Scenes/personag/spelBook.unity","spelBook","CharacterSheetManagerScene1","Toggle","toggleData","2","2","Toggle_0001_spelbook/0002_Page/0001_Cels/0003_DropdownTime/0002_Template/0000_Viewport/0000_Content/0000_Item","0001_spelbook/0002_Page/0001_Cels/0003_DropdownTime/0002_Template/0000_Viewport/0000_Content/0000_Item","spelbook/Page/Cels/DropdownTime/Template/Viewport/Content/Item","dnd.spelbook.toggle.item.3281478ed907"
"1","159230d9f324f4fd8dc19ff35df5d336895da1ba","e00f5a8664ff4704995694bb27e52357","Assets/Scenes/personag/spelBook.unity","spelBook","CharacterSheetManagerScene1","Toggle","toggleData","3","3","Toggle_0001_spelbook/0002_Page/0001_Cels/0004_DropdownLvl/0002_Template/0000_Viewport/0000_Content/0000_Item","0001_spelbook/0002_Page/0001_Cels/0004_DropdownLvl/0002_Template/0000_Viewport/0000_Content/0000_Item","spelbook/Page/Cels/DropdownLvl/Template/Viewport/Content/Item","dnd.spelbook.toggle.item.154e545cb385"
"1","159230d9f324f4fd8dc19ff35df5d336895da1ba","e00f5a8664ff4704995694bb27e52357","Assets/Scenes/personag/spelBook.unity","spelBook","CharacterSheetManagerScene1","Toggle","toggleData","4","4","Toggle_0001_spelbook/0002_Page/0002_Cels (1)/0001_Toggle","0001_spelbook/0002_Page/0002_Cels (1)/0001_Toggle","spelbook/Page/Cels (1)/Toggle","dnd.spelbook.toggle.toggle.1541bd145827"
"1","159230d9f324f4fd8dc19ff35df5d336895da1ba","e00f5a8664ff4704995694bb27e52357","Assets/Scenes/personag/spelBook.unity","spelBook","CharacterSheetManagerScene1","Toggle","toggleData","5","5","Toggle_0001_spelbook/0002_Page/0002_Cels (1)/0002_DropdownDia/0002_Template/0000_Viewport/0000_Content/0000_Item","0001_spelbook/0002_Page/0002_Cels (1)/0002_DropdownDia/0002_Template/0000_Viewport/0000_Content/0000_Item","spelbook/Page/Cels (1)/DropdownDia/Template/Viewport/Content/Item","dnd.spelbook.toggle.item.1b1eb230d585"
"1","159230d9f324f4fd8dc19ff35df5d336895da1ba","e00f5a8664ff4704995694bb27e52357","Assets/Scenes/personag/spelBook.unity","spelBook","CharacterSheetManagerScene1","Toggle","toggleData","6","6","Toggle_0001_spelbook/0002_Page/0002_Cels (1)/0003_DropdownTime/0002_Template/0000_Viewport/0000_Content/0000_Item","0001_spelbook/0002_Page/0002_Cels (1)/0003_DropdownTime/0002_Template/0000_Viewport/0000_Content/0000_Item","spelbook/Page/Cels (1)/DropdownTime/Template/Viewport/Content/Item","dnd.spelbook.toggle.item.2051c99d1259"
"1","159230d9f324f4fd8dc19ff35df5d336895da1ba","e00f5a8664ff4704995694bb27e52357","Assets/Scenes/personag/spelBook.unity","spelBook","CharacterSheetManagerScene1","Toggle","toggleData","7","7","Toggle_0001_spelbook/0002_Page/0002_Cels (1)/0004_DropdownLvl/0002_Template/0000_Viewport/0000_Content/0000_Item","0001_spelbook/0002_Page/0002_Cels (1)/0004_DropdownLvl/0002_Template/0000_Viewport/0000_Content/0000_Item","spelbook/Page/Cels (1)/DropdownLvl/Template/Viewport/Content/Item","dnd.spelbook.toggle.item.3d7d06c5d589"
"1","159230d9f324f4fd8dc19ff35df5d336895da1ba","e00f5a8664ff4704995694bb27e52357","Assets/Scenes/personag/spelBook.unity","spelBook","CharacterSheetManagerScene1","Toggle","toggleData","8","8","Toggle_0001_spelbook/0002_Page/0003_Cels (2)/0001_Toggle","0001_spelbook/0002_Page/0003_Cels (2)/0001_Toggle","spelbook/Page/Cels (2)/Toggle","dnd.spelbook.toggle.toggle.a34cc4c7a2bc"
"1","159230d9f324f4fd8dc19ff35df5d336895da1ba","e00f5a8664ff4704995694bb27e52357","Assets/Scenes/personag/spelBook.unity","spelBook","CharacterSheetManagerScene1","Toggle","toggleData","9","9","Toggle_0001_spelbook/0002_Page/0003_Cels (2)/0002_DropdownDia/0002_Template/0000_Viewport/0000_Content/0000_Item","0001_spelbook/0002_Page/0003_Cels (2)/0002_DropdownDia/0002_Template/0000_Viewport/0000_Content/0000_Item","spelbook/Page/Cels (2)/DropdownDia/Template/Viewport/Content/Item","dnd.spelbook.toggle.item.9fe6f4de6f5d"
"1","159230d9f324f4fd8dc19ff35df5d336895da1ba","e00f5a8664ff4704995694bb27e52357","Assets/Scenes/personag/spelBook.unity","spelBook","CharacterSheetManagerScene1","Toggle","toggleData","10","10","Toggle_0001_spelbook/0002_Page/0003_Cels (2)/0003_DropdownTime/0002_Template/0000_Viewport/0000_Content/0000_Item","0001_spelbook/0002_Page/0003_Cels (2)/0003_DropdownTime/0002_Template/0000_Viewport/0000_Content/0000_Item","spelbook/Page/Cels (2)/DropdownTime/Template/Viewport/Content/Item","dnd.spelbook.toggle.item.8f3160ad8608"
"1","159230d9f324f4fd8dc19ff35df5d336895da1ba","e00f5a8664ff4704995694bb27e52357","Assets/Scenes/personag/spelBook.unity","spelBook","CharacterSheetManagerScene1","Toggle","toggleData","11","11","Toggle_0001_spelbook/0002_Page/0003_Cels (2)/0004_DropdownLvl/0002_Template/0000_Viewport/0000_Content/0000_Item","0001_spelbook/0002_Page/0003_Cels (2)/0004_DropdownLvl/0002_Template/0000_Viewport/0000_Content/0000_Item","spelbook/Page/Cels (2)/DropdownLvl/Template/Viewport/Content/Item","dnd.spelbook.toggle.item.4ea1979001d0"
"1","159230d9f324f4fd8dc19ff35df5d336895da1ba","e00f5a8664ff4704995694bb27e52357","Assets/Scenes/personag/spelBook.unity","spelBook","CharacterSheetManagerScene1","Toggle","toggleData","12","12","Toggle_0001_spelbook/0002_Page/0004_Cels (3)/0001_Toggle","0001_spelbook/0002_Page/0004_Cels (3)/0001_Toggle","spelbook/Page/Cels (3)/Toggle","dnd.spelbook.toggle.toggle.1b691536a090"
"1","159230d9f324f4fd8dc19ff35df5d336895da1ba","e00f5a8664ff4704995694bb27e52357","Assets/Scenes/personag/spelBook.unity","spelBook","CharacterSheetManagerScene1","Toggle","toggleData","13","13","Toggle_0001_spelbook/0002_Page/0004_Cels (3)/0002_DropdownDia/0002_Template/0000_Viewport/0000_Content/0000_Item","0001_spelbook/0002_Page/0004_Cels (3)/0002_DropdownDia/0002_Template/0000_Viewport/0000_Content/0000_Item","spelbook/Page/Cels (3)/DropdownDia/Template/Viewport/Content/Item","dnd.spelbook.toggle.item.1396617cab4d"
"1","159230d9f324f4fd8dc19ff35df5d336895da1ba","e00f5a8664ff4704995694bb27e52357","Assets/Scenes/personag/spelBook.unity","spelBook","CharacterSheetManagerScene1","Toggle","toggleData","14","14","Toggle_0001_spelbook/0002_Page/0004_Cels (3)/0003_DropdownTime/0002_Template/0000_Viewport/0000_Content/0000_Item","0001_spelbook/0002_Page/0004_Cels (3)/0003_DropdownTime/0002_Template/0000_Viewport/0000_Content/0000_Item","spelbook/Page/Cels (3)/DropdownTime/Template/Viewport/Content/Item","dnd.spelbook.toggle.item.b477323d572c"
"1","159230d9f324f4fd8dc19ff35df5d336895da1ba","e00f5a8664ff4704995694bb27e52357","Assets/Scenes/personag/spelBook.unity","spelBook","CharacterSheetManagerScene1","Toggle","toggleData","15","15","Toggle_0001_spelbook/0002_Page/0004_Cels (3)/0004_DropdownLvl/0002_Template/0000_Viewport/0000_Content/0000_Item","0001_spelbook/0002_Page/0004_Cels (3)/0004_DropdownLvl/0002_Template/0000_Viewport/0000_Content/0000_Item","spelbook/Page/Cels (3)/DropdownLvl/Template/Viewport/Content/Item","dnd.spelbook.toggle.item.49e26dea3619"
"1","159230d9f324f4fd8dc19ff35df5d336895da1ba","e00f5a8664ff4704995694bb27e52357","Assets/Scenes/personag/spelBook.unity","spelBook","CharacterSheetManagerScene1","Toggle","toggleData","16","16","Toggle_0001_spelbook/0002_Page/0005_Cels (4)/0001_Toggle","0001_spelbook/0002_Page/0005_Cels (4)/0001_Toggle","spelbook/Page/Cels (4)/Toggle","dnd.spelbook.toggle.toggle.5f1700058557"
"1","159230d9f324f4fd8dc19ff35df5d336895da1ba","e00f5a8664ff4704995694bb27e52357","Assets/Scenes/personag/spelBook.unity","spelBook","CharacterSheetManagerScene1","Toggle","toggleData","17","17","Toggle_0001_spelbook/0002_Page/0005_Cels (4)/0002_DropdownDia/0002_Template/0000_Viewport/0000_Content/0000_Item","0001_spelbook/0002_Page/0005_Cels (4)/0002_DropdownDia/0002_Template/0000_Viewport/0000_Content/0000_Item","spelbook/Page/Cels (4)/DropdownDia/Template/Viewport/Content/Item","dnd.spelbook.toggle.item.7df1a76af333"
"1","159230d9f324f4fd8dc19ff35df5d336895da1ba","e00f5a8664ff4704995694bb27e52357","Assets/Scenes/personag/spelBook.unity","spelBook","CharacterSheetManagerScene1","Toggle","toggleData","18","18","Toggle_0001_spelbook/0002_Page/0005_Cels (4)/0003_DropdownTime/0002_Template/0000_Viewport/0000_Content/0000_Item","0001_spelbook/0002_Page/0005_Cels (4)/0003_DropdownTime/0002_Template/0000_Viewport/0000_Content/0000_Item","spelbook/Page/Cels (4)/DropdownTime/Template/Viewport/Content/Item","dnd.spelbook.toggle.item.84b35e4e1424"
"1","159230d9f324f4fd8dc19ff35df5d336895da1ba","e00f5a8664ff4704995694bb27e52357","Assets/Scenes/personag/spelBook.unity","spelBook","CharacterSheetManagerScene1","Toggle","toggleData","19","19","Toggle_0001_spelbook/0002_Page/0005_Cels (4)/0004_DropdownLvl/0002_Template/0000_Viewport/0000_Content/0000_Item","0001_spelbook/0002_Page/0005_Cels (4)/0004_DropdownLvl/0002_Template/0000_Viewport/0000_Content/0000_Item","spelbook/Page/Cels (4)/DropdownLvl/Template/Viewport/Content/Item","dnd.spelbook.toggle.item.c7da4a617b37"
"1","159230d9f324f4fd8dc19ff35df5d336895da1ba","e00f5a8664ff4704995694bb27e52357","Assets/Scenes/personag/spelBook.unity","spelBook","CharacterSheetManagerScene1","Toggle","toggleData","20","20","Toggle_0001_spelbook/0002_Page/0006_Cels (5)/0001_Toggle","0001_spelbook/0002_Page/0006_Cels (5)/0001_Toggle","spelbook/Page/Cels (5)/Toggle","dnd.spelbook.toggle.toggle.0bba00b0c75f"
"1","159230d9f324f4fd8dc19ff35df5d336895da1ba","e00f5a8664ff4704995694bb27e52357","Assets/Scenes/personag/spelBook.unity","spelBook","CharacterSheetManagerScene1","Toggle","toggleData","21","21","Toggle_0001_spelbook/0002_Page/0006_Cels (5)/0002_DropdownDia/0002_Template/0000_Viewport/0000_Content/0000_Item","0001_spelbook/0002_Page/0006_Cels (5)/0002_DropdownDia/0002_Template/0000_Viewport/0000_Content/0000_Item","spelbook/Page/Cels (5)/DropdownDia/Template/Viewport/Content/Item","dnd.spelbook.toggle.item.2876240bd3bd"
"1","159230d9f324f4fd8dc19ff35df5d336895da1ba","e00f5a8664ff4704995694bb27e52357","Assets/Scenes/personag/spelBook.unity","spelBook","CharacterSheetManagerScene1","Toggle","toggleData","22","22","Toggle_0001_spelbook/0002_Page/0006_Cels (5)/0003_DropdownTime/0002_Template/0000_Viewport/0000_Content/0000_Item","0001_spelbook/0002_Page/0006_Cels (5)/0003_DropdownTime/0002_Template/0000_Viewport/0000_Content/0000_Item","spelbook/Page/Cels (5)/DropdownTime/Template/Viewport/Content/Item","dnd.spelbook.toggle.item.3aad430bbcc3"
"1","159230d9f324f4fd8dc19ff35df5d336895da1ba","e00f5a8664ff4704995694bb27e52357","Assets/Scenes/personag/spelBook.unity","spelBook","CharacterSheetManagerScene1","Toggle","toggleData","23","23","Toggle_0001_spelbook/0002_Page/0006_Cels (5)/0004_DropdownLvl/0002_Template/0000_Viewport/0000_Content/0000_Item","0001_spelbook/0002_Page/0006_Cels (5)/0004_DropdownLvl/0002_Template/0000_Viewport/0000_Content/0000_Item","spelbook/Page/Cels (5)/DropdownLvl/Template/Viewport/Content/Item","dnd.spelbook.toggle.item.9b34c11cae68"
"1","159230d9f324f4fd8dc19ff35df5d336895da1ba","e00f5a8664ff4704995694bb27e52357","Assets/Scenes/personag/spelBook.unity","spelBook","CharacterSheetManagerScene1","Toggle","toggleData","24","24","Toggle_0001_spelbook/0002_Page/0007_Cels (6)/0001_Toggle","0001_spelbook/0002_Page/0007_Cels (6)/0001_Toggle","spelbook/Page/Cels (6)/Toggle","dnd.spelbook.toggle.toggle.ca4a51067fdf"
"1","159230d9f324f4fd8dc19ff35df5d336895da1ba","e00f5a8664ff4704995694bb27e52357","Assets/Scenes/personag/spelBook.unity","spelBook","CharacterSheetManagerScene1","Toggle","toggleData","25","25","Toggle_0001_spelbook/0002_Page/0007_Cels (6)/0002_DropdownDia/0002_Template/0000_Viewport/0000_Content/0000_Item","0001_spelbook/0002_Page/0007_Cels (6)/0002_DropdownDia/0002_Template/0000_Viewport/0000_Content/0000_Item","spelbook/Page/Cels (6)/DropdownDia/Template/Viewport/Content/Item","dnd.spelbook.toggle.item.a5f06d517a3b"
"1","159230d9f324f4fd8dc19ff35df5d336895da1ba","e00f5a8664ff4704995694bb27e52357","Assets/Scenes/personag/spelBook.unity","spelBook","CharacterSheetManagerScene1","Toggle","toggleData","26","26","Toggle_0001_spelbook/0002_Page/0007_Cels (6)/0003_DropdownTime/0002_Template/0000_Viewport/0000_Content/0000_Item","0001_spelbook/0002_Page/0007_Cels (6)/0003_DropdownTime/0002_Template/0000_Viewport/0000_Content/0000_Item","spelbook/Page/Cels (6)/DropdownTime/Template/Viewport/Content/Item","dnd.spelbook.toggle.item.4d3da80aa53a"
"1","159230d9f324f4fd8dc19ff35df5d336895da1ba","e00f5a8664ff4704995694bb27e52357","Assets/Scenes/personag/spelBook.unity","spelBook","CharacterSheetManagerScene1","Toggle","toggleData","27","27","Toggle_0001_spelbook/0002_Page/0007_Cels (6)/0004_DropdownLvl/0002_Template/0000_Viewport/0000_Content/0000_Item","0001_spelbook/0002_Page/0007_Cels (6)/0004_DropdownLvl/0002_Template/0000_Viewport/0000_Content/0000_Item","spelbook/Page/Cels (6)/DropdownLvl/Template/Viewport/Content/Item","dnd.spelbook.toggle.item.e7b855acadef"
"1","159230d9f324f4fd8dc19ff35df5d336895da1ba","e00f5a8664ff4704995694bb27e52357","Assets/Scenes/personag/spelBook.unity","spelBook","CharacterSheetManagerScene1","Toggle","toggleData","28","28","Toggle_0001_spelbook/0002_Page/0008_Cels (7)/0001_Toggle","0001_spelbook/0002_Page/0008_Cels (7)/0001_Toggle","spelbook/Page/Cels (7)/Toggle","dnd.spelbook.toggle.toggle.67d0e8183771"
"1","159230d9f324f4fd8dc19ff35df5d336895da1ba","e00f5a8664ff4704995694bb27e52357","Assets/Scenes/personag/spelBook.unity","spelBook","CharacterSheetManagerScene1","Toggle","toggleData","29","29","Toggle_0001_spelbook/0002_Page/0008_Cels (7)/0002_DropdownDia/0002_Template/0000_Viewport/0000_Content/0000_Item","0001_spelbook/0002_Page/0008_Cels (7)/0002_DropdownDia/0002_Template/0000_Viewport/0000_Content/0000_Item","spelbook/Page/Cels (7)/DropdownDia/Template/Viewport/Content/Item","dnd.spelbook.toggle.item.fb4c28946c45"
"1","159230d9f324f4fd8dc19ff35df5d336895da1ba","e00f5a8664ff4704995694bb27e52357","Assets/Scenes/personag/spelBook.unity","spelBook","CharacterSheetManagerScene1","Toggle","toggleData","30","30","Toggle_0001_spelbook/0002_Page/0008_Cels (7)/0003_DropdownTime/0002_Template/0000_Viewport/0000_Content/0000_Item","0001_spelbook/0002_Page/0008_Cels (7)/0003_DropdownTime/0002_Template/0000_Viewport/0000_Content/0000_Item","spelbook/Page/Cels (7)/DropdownTime/Template/Viewport/Content/Item","dnd.spelbook.toggle.item.f90415d5246d"
"1","159230d9f324f4fd8dc19ff35df5d336895da1ba","e00f5a8664ff4704995694bb27e52357","Assets/Scenes/personag/spelBook.unity","spelBook","CharacterSheetManagerScene1","Toggle","toggleData","31","31","Toggle_0001_spelbook/0002_Page/0008_Cels (7)/0004_DropdownLvl/0002_Template/0000_Viewport/0000_Content/0000_Item","0001_spelbook/0002_Page/0008_Cels (7)/0004_DropdownLvl/0002_Template/0000_Viewport/0000_Content/0000_Item","spelbook/Page/Cels (7)/DropdownLvl/Template/Viewport/Content/Item","dnd.spelbook.toggle.item.f326c8178641"
"1","159230d9f324f4fd8dc19ff35df5d336895da1ba","e00f5a8664ff4704995694bb27e52357","Assets/Scenes/personag/spelBook.unity","spelBook","CharacterSheetManagerScene1","Toggle","toggleData","32","32","Toggle_0001_spelbook/0002_Page/0009_Cels (8)/0001_Toggle","0001_spelbook/0002_Page/0009_Cels (8)/0001_Toggle","spelbook/Page/Cels (8)/Toggle","dnd.spelbook.toggle.toggle.b857c16782b5"
"1","159230d9f324f4fd8dc19ff35df5d336895da1ba","e00f5a8664ff4704995694bb27e52357","Assets/Scenes/personag/spelBook.unity","spelBook","CharacterSheetManagerScene1","Toggle","toggleData","33","33","Toggle_0001_spelbook/0002_Page/0009_Cels (8)/0002_DropdownDia/0002_Template/0000_Viewport/0000_Content/0000_Item","0001_spelbook/0002_Page/0009_Cels (8)/0002_DropdownDia/0002_Template/0000_Viewport/0000_Content/0000_Item","spelbook/Page/Cels (8)/DropdownDia/Template/Viewport/Content/Item","dnd.spelbook.toggle.item.d11ddefdb2c9"
"1","159230d9f324f4fd8dc19ff35df5d336895da1ba","e00f5a8664ff4704995694bb27e52357","Assets/Scenes/personag/spelBook.unity","spelBook","CharacterSheetManagerScene1","Toggle","toggleData","34","34","Toggle_0001_spelbook/0002_Page/0009_Cels (8)/0003_DropdownTime/0002_Template/0000_Viewport/0000_Content/0000_Item","0001_spelbook/0002_Page/0009_Cels (8)/0003_DropdownTime/0002_Template/0000_Viewport/0000_Content/0000_Item","spelbook/Page/Cels (8)/DropdownTime/Template/Viewport/Content/Item","dnd.spelbook.toggle.item.5037f5a5a074"
"1","159230d9f324f4fd8dc19ff35df5d336895da1ba","e00f5a8664ff4704995694bb27e52357","Assets/Scenes/personag/spelBook.unity","spelBook","CharacterSheetManagerScene1","Toggle","toggleData","35","35","Toggle_0001_spelbook/0002_Page/0009_Cels (8)/0004_DropdownLvl/0002_Template/0000_Viewport/0000_Content/0000_Item","0001_spelbook/0002_Page/0009_Cels (8)/0004_DropdownLvl/0002_Template/0000_Viewport/0000_Content/0000_Item","spelbook/Page/Cels (8)/DropdownLvl/Template/Viewport/Content/Item","dnd.spelbook.toggle.item.56a3c79b77a3"
"1","159230d9f324f4fd8dc19ff35df5d336895da1ba","e00f5a8664ff4704995694bb27e52357","Assets/Scenes/personag/spelBook.unity","spelBook","CharacterSheetManagerScene1","Toggle","toggleData","36","36","Toggle_0001_spelbook/0002_Page/0010_Cels (9)/0001_Toggle","0001_spelbook/0002_Page/0010_Cels (9)/0001_Toggle","spelbook/Page/Cels (9)/Toggle","dnd.spelbook.toggle.toggle.6a46d01370fa"
"1","159230d9f324f4fd8dc19ff35df5d336895da1ba","e00f5a8664ff4704995694bb27e52357","Assets/Scenes/personag/spelBook.unity","spelBook","CharacterSheetManagerScene1","Toggle","toggleData","37","37","Toggle_0001_spelbook/0002_Page/0010_Cels (9)/0002_DropdownDia/0002_Template/0000_Viewport/0000_Content/0000_Item","0001_spelbook/0002_Page/0010_Cels (9)/0002_DropdownDia/0002_Template/0000_Viewport/0000_Content/0000_Item","spelbook/Page/Cels (9)/DropdownDia/Template/Viewport/Content/Item","dnd.spelbook.toggle.item.2373b8be4205"
"1","159230d9f324f4fd8dc19ff35df5d336895da1ba","e00f5a8664ff4704995694bb27e52357","Assets/Scenes/personag/spelBook.unity","spelBook","CharacterSheetManagerScene1","Toggle","toggleData","38","38","Toggle_0001_spelbook/0002_Page/0010_Cels (9)/0003_DropdownTime/0002_Template/0000_Viewport/0000_Content/0000_Item","0001_spelbook/0002_Page/0010_Cels (9)/0003_DropdownTime/0002_Template/0000_Viewport/0000_Content/0000_Item","spelbook/Page/Cels (9)/DropdownTime/Template/Viewport/Content/Item","dnd.spelbook.toggle.item.e922c0a483be"
"1","159230d9f324f4fd8dc19ff35df5d336895da1ba","e00f5a8664ff4704995694bb27e52357","Assets/Scenes/personag/spelBook.unity","spelBook","CharacterSheetManagerScene1","Toggle","toggleData","39","39","Toggle_0001_spelbook/0002_Page/0010_Cels (9)/0004_DropdownLvl/0002_Template/0000_Viewport/0000_Content/0000_Item","0001_spelbook/0002_Page/0010_Cels (9)/0004_DropdownLvl/0002_Template/0000_Viewport/0000_Content/0000_Item","spelbook/Page/Cels (9)/DropdownLvl/Template/Viewport/Content/Item","dnd.spelbook.toggle.item.3212868b18fd"
"1","159230d9f324f4fd8dc19ff35df5d336895da1ba","e00f5a8664ff4704995694bb27e52357","Assets/Scenes/personag/spelBook.unity","spelBook","CharacterSheetManagerScene1","Toggle","toggleData","40","40","Toggle_0001_spelbook/0002_Page/0011_Cels (10)/0001_Toggle","0001_spelbook/0002_Page/0011_Cels (10)/0001_Toggle","spelbook/Page/Cels (10)/Toggle","dnd.spelbook.toggle.toggle.d98920e2a999"
"1","159230d9f324f4fd8dc19ff35df5d336895da1ba","e00f5a8664ff4704995694bb27e52357","Assets/Scenes/personag/spelBook.unity","spelBook","CharacterSheetManagerScene1","Toggle","toggleData","41","41","Toggle_0001_spelbook/0002_Page/0011_Cels (10)/0002_DropdownDia/0002_Template/0000_Viewport/0000_Content/0000_Item","0001_spelbook/0002_Page/0011_Cels (10)/0002_DropdownDia/0002_Template/0000_Viewport/0000_Content/0000_Item","spelbook/Page/Cels (10)/DropdownDia/Template/Viewport/Content/Item","dnd.spelbook.toggle.item.3802692106d3"
"1","159230d9f324f4fd8dc19ff35df5d336895da1ba","e00f5a8664ff4704995694bb27e52357","Assets/Scenes/personag/spelBook.unity","spelBook","CharacterSheetManagerScene1","Toggle","toggleData","42","42","Toggle_0001_spelbook/0002_Page/0011_Cels (10)/0003_DropdownTime/0002_Template/0000_Viewport/0000_Content/0000_Item","0001_spelbook/0002_Page/0011_Cels (10)/0003_DropdownTime/0002_Template/0000_Viewport/0000_Content/0000_Item","spelbook/Page/Cels (10)/DropdownTime/Template/Viewport/Content/Item","dnd.spelbook.toggle.item.63eb9387d631"
"1","159230d9f324f4fd8dc19ff35df5d336895da1ba","e00f5a8664ff4704995694bb27e52357","Assets/Scenes/personag/spelBook.unity","spelBook","CharacterSheetManagerScene1","Toggle","toggleData","43","43","Toggle_0001_spelbook/0002_Page/0011_Cels (10)/0004_DropdownLvl/0002_Template/0000_Viewport/0000_Content/0000_Item","0001_spelbook/0002_Page/0011_Cels (10)/0004_DropdownLvl/0002_Template/0000_Viewport/0000_Content/0000_Item","spelbook/Page/Cels (10)/DropdownLvl/Template/Viewport/Content/Item","dnd.spelbook.toggle.item.e2480efe3d04"
"1","159230d9f324f4fd8dc19ff35df5d336895da1ba","e00f5a8664ff4704995694bb27e52357","Assets/Scenes/personag/spelBook.unity","spelBook","CharacterSheetManagerScene1","Toggle","toggleData","44","44","Toggle_0001_spelbook/0002_Page/0012_Cels (11)/0001_Toggle","0001_spelbook/0002_Page/0012_Cels (11)/0001_Toggle","spelbook/Page/Cels (11)/Toggle","dnd.spelbook.toggle.toggle.fd565dc1017d"
"1","159230d9f324f4fd8dc19ff35df5d336895da1ba","e00f5a8664ff4704995694bb27e52357","Assets/Scenes/personag/spelBook.unity","spelBook","CharacterSheetManagerScene1","Toggle","toggleData","45","45","Toggle_0001_spelbook/0002_Page/0012_Cels (11)/0002_DropdownDia/0002_Template/0000_Viewport/0000_Content/0000_Item","0001_spelbook/0002_Page/0012_Cels (11)/0002_DropdownDia/0002_Template/0000_Viewport/0000_Content/0000_Item","spelbook/Page/Cels (11)/DropdownDia/Template/Viewport/Content/Item","dnd.spelbook.toggle.item.a68a44977264"
"1","159230d9f324f4fd8dc19ff35df5d336895da1ba","e00f5a8664ff4704995694bb27e52357","Assets/Scenes/personag/spelBook.unity","spelBook","CharacterSheetManagerScene1","Toggle","toggleData","46","46","Toggle_0001_spelbook/0002_Page/0012_Cels (11)/0003_DropdownTime/0002_Template/0000_Viewport/0000_Content/0000_Item","0001_spelbook/0002_Page/0012_Cels (11)/0003_DropdownTime/0002_Template/0000_Viewport/0000_Content/0000_Item","spelbook/Page/Cels (11)/DropdownTime/Template/Viewport/Content/Item","dnd.spelbook.toggle.item.a41be36ce04c"
"1","159230d9f324f4fd8dc19ff35df5d336895da1ba","e00f5a8664ff4704995694bb27e52357","Assets/Scenes/personag/spelBook.unity","spelBook","CharacterSheetManagerScene1","Toggle","toggleData","47","47","Toggle_0001_spelbook/0002_Page/0012_Cels (11)/0004_DropdownLvl/0002_Template/0000_Viewport/0000_Content/0000_Item","0001_spelbook/0002_Page/0012_Cels (11)/0004_DropdownLvl/0002_Template/0000_Viewport/0000_Content/0000_Item","spelbook/Page/Cels (11)/DropdownLvl/Template/Viewport/Content/Item","dnd.spelbook.toggle.item.1dc07e286557"
"1","159230d9f324f4fd8dc19ff35df5d336895da1ba","e00f5a8664ff4704995694bb27e52357","Assets/Scenes/personag/spelBook.unity","spelBook","CharacterSheetManagerScene1","Toggle","toggleData","48","48","Toggle_0001_spelbook/0002_Page/0013_Cels (12)/0001_Toggle","0001_spelbook/0002_Page/0013_Cels (12)/0001_Toggle","spelbook/Page/Cels (12)/Toggle","dnd.spelbook.toggle.toggle.6abc167715ae"
"1","159230d9f324f4fd8dc19ff35df5d336895da1ba","e00f5a8664ff4704995694bb27e52357","Assets/Scenes/personag/spelBook.unity","spelBook","CharacterSheetManagerScene1","Toggle","toggleData","49","49","Toggle_0001_spelbook/0002_Page/0013_Cels (12)/0002_DropdownDia/0002_Template/0000_Viewport/0000_Content/0000_Item","0001_spelbook/0002_Page/0013_Cels (12)/0002_DropdownDia/0002_Template/0000_Viewport/0000_Content/0000_Item","spelbook/Page/Cels (12)/DropdownDia/Template/Viewport/Content/Item","dnd.spelbook.toggle.item.2e263afb89fb"
"1","159230d9f324f4fd8dc19ff35df5d336895da1ba","e00f5a8664ff4704995694bb27e52357","Assets/Scenes/personag/spelBook.unity","spelBook","CharacterSheetManagerScene1","Toggle","toggleData","50","50","Toggle_0001_spelbook/0002_Page/0013_Cels (12)/0003_DropdownTime/0002_Template/0000_Viewport/0000_Content/0000_Item","0001_spelbook/0002_Page/0013_Cels (12)/0003_DropdownTime/0002_Template/0000_Viewport/0000_Content/0000_Item","spelbook/Page/Cels (12)/DropdownTime/Template/Viewport/Content/Item","dnd.spelbook.toggle.item.9b894d2dce3a"
"1","159230d9f324f4fd8dc19ff35df5d336895da1ba","e00f5a8664ff4704995694bb27e52357","Assets/Scenes/personag/spelBook.unity","spelBook","CharacterSheetManagerScene1","Toggle","toggleData","51","51","Toggle_0001_spelbook/0002_Page/0013_Cels (12)/0004_DropdownLvl/0002_Template/0000_Viewport/0000_Content/0000_Item","0001_spelbook/0002_Page/0013_Cels (12)/0004_DropdownLvl/0002_Template/0000_Viewport/0000_Content/0000_Item","spelbook/Page/Cels (12)/DropdownLvl/Template/Viewport/Content/Item","dnd.spelbook.toggle.item.05ebe63e0218"
"1","159230d9f324f4fd8dc19ff35df5d336895da1ba","e00f5a8664ff4704995694bb27e52357","Assets/Scenes/personag/spelBook.unity","spelBook","CharacterSheetManagerScene1","Toggle","toggleData","52","52","Toggle_0001_spelbook/0002_Page/0014_Cels (13)/0001_Toggle","0001_spelbook/0002_Page/0014_Cels (13)/0001_Toggle","spelbook/Page/Cels (13)/Toggle","dnd.spelbook.toggle.toggle.8b89fc0bb607"
"1","159230d9f324f4fd8dc19ff35df5d336895da1ba","e00f5a8664ff4704995694bb27e52357","Assets/Scenes/personag/spelBook.unity","spelBook","CharacterSheetManagerScene1","Toggle","toggleData","53","53","Toggle_0001_spelbook/0002_Page/0014_Cels (13)/0002_DropdownDia/0002_Template/0000_Viewport/0000_Content/0000_Item","0001_spelbook/0002_Page/0014_Cels (13)/0002_DropdownDia/0002_Template/0000_Viewport/0000_Content/0000_Item","spelbook/Page/Cels (13)/DropdownDia/Template/Viewport/Content/Item","dnd.spelbook.toggle.item.003fed2e84b2"
"1","159230d9f324f4fd8dc19ff35df5d336895da1ba","e00f5a8664ff4704995694bb27e52357","Assets/Scenes/personag/spelBook.unity","spelBook","CharacterSheetManagerScene1","Toggle","toggleData","54","54","Toggle_0001_spelbook/0002_Page/0014_Cels (13)/0003_DropdownTime/0002_Template/0000_Viewport/0000_Content/0000_Item","0001_spelbook/0002_Page/0014_Cels (13)/0003_DropdownTime/0002_Template/0000_Viewport/0000_Content/0000_Item","spelbook/Page/Cels (13)/DropdownTime/Template/Viewport/Content/Item","dnd.spelbook.toggle.item.8a49a6e6441c"
"1","159230d9f324f4fd8dc19ff35df5d336895da1ba","e00f5a8664ff4704995694bb27e52357","Assets/Scenes/personag/spelBook.unity","spelBook","CharacterSheetManagerScene1","Toggle","toggleData","55","55","Toggle_0001_spelbook/0002_Page/0014_Cels (13)/0004_DropdownLvl/0002_Template/0000_Viewport/0000_Content/0000_Item","0001_spelbook/0002_Page/0014_Cels (13)/0004_DropdownLvl/0002_Template/0000_Viewport/0000_Content/0000_Item","spelbook/Page/Cels (13)/DropdownLvl/Template/Viewport/Content/Item","dnd.spelbook.toggle.item.ddfec8ceaf6d"
"1","159230d9f324f4fd8dc19ff35df5d336895da1ba","e00f5a8664ff4704995694bb27e52357","Assets/Scenes/personag/spelBook.unity","spelBook","CharacterSheetManagerScene1","Toggle","toggleData","56","56","Toggle_0001_spelbook/0002_Page/0015_Cels (14)/0001_Toggle","0001_spelbook/0002_Page/0015_Cels (14)/0001_Toggle","spelbook/Page/Cels (14)/Toggle","dnd.spelbook.toggle.toggle.43bb3c86565d"
"1","159230d9f324f4fd8dc19ff35df5d336895da1ba","e00f5a8664ff4704995694bb27e52357","Assets/Scenes/personag/spelBook.unity","spelBook","CharacterSheetManagerScene1","Toggle","toggleData","57","57","Toggle_0001_spelbook/0002_Page/0015_Cels (14)/0002_DropdownDia/0002_Template/0000_Viewport/0000_Content/0000_Item","0001_spelbook/0002_Page/0015_Cels (14)/0002_DropdownDia/0002_Template/0000_Viewport/0000_Content/0000_Item","spelbook/Page/Cels (14)/DropdownDia/Template/Viewport/Content/Item","dnd.spelbook.toggle.item.77ed795cebbc"
"1","159230d9f324f4fd8dc19ff35df5d336895da1ba","e00f5a8664ff4704995694bb27e52357","Assets/Scenes/personag/spelBook.unity","spelBook","CharacterSheetManagerScene1","Toggle","toggleData","58","58","Toggle_0001_spelbook/0002_Page/0015_Cels (14)/0003_DropdownTime/0002_Template/0000_Viewport/0000_Content/0000_Item","0001_spelbook/0002_Page/0015_Cels (14)/0003_DropdownTime/0002_Template/0000_Viewport/0000_Content/0000_Item","spelbook/Page/Cels (14)/DropdownTime/Template/Viewport/Content/Item","dnd.spelbook.toggle.item.7e3f2037e975"
"1","159230d9f324f4fd8dc19ff35df5d336895da1ba","e00f5a8664ff4704995694bb27e52357","Assets/Scenes/personag/spelBook.unity","spelBook","CharacterSheetManagerScene1","Toggle","toggleData","59","59","Toggle_0001_spelbook/0002_Page/0015_Cels (14)/0004_DropdownLvl/0002_Template/0000_Viewport/0000_Content/0000_Item","0001_spelbook/0002_Page/0015_Cels (14)/0004_DropdownLvl/0002_Template/0000_Viewport/0000_Content/0000_Item","spelbook/Page/Cels (14)/DropdownLvl/Template/Viewport/Content/Item","dnd.spelbook.toggle.item.2783864b2d49"
"1","159230d9f324f4fd8dc19ff35df5d336895da1ba","e00f5a8664ff4704995694bb27e52357","Assets/Scenes/personag/spelBook.unity","spelBook","CharacterSheetManagerScene1","Toggle","toggleData","60","60","Toggle_0003_overLey/0002_kalPanel/0002_Panelhealp/0003_potionDropdown/0002_Template/0000_Viewport/0000_Content/0000_Item","0003_overLey/0002_kalPanel/0002_Panelhealp/0003_potionDropdown/0002_Template/0000_Viewport/0000_Content/0000_Item","overLey/kalPanel/Panelhealp/potionDropdown/Template/Viewport/Content/Item","dnd.spelbook.toggle.item.2931cd26fa02"
"1","159230d9f324f4fd8dc19ff35df5d336895da1ba","e00f5a8664ff4704995694bb27e52357","Assets/Scenes/personag/spelBook.unity","spelBook","CharacterSheetManagerScene1","Dropdown","dropdownData","0","0","Dropdown_0001_spelbook/0002_Page/0001_Cels/0002_DropdownDia","0001_spelbook/0002_Page/0001_Cels/0002_DropdownDia","spelbook/Page/Cels/DropdownDia","dnd.spelbook.dropdown.dropdowndia.fdd6a2a684b2"
"1","159230d9f324f4fd8dc19ff35df5d336895da1ba","e00f5a8664ff4704995694bb27e52357","Assets/Scenes/personag/spelBook.unity","spelBook","CharacterSheetManagerScene1","Dropdown","dropdownData","1","1","Dropdown_0001_spelbook/0002_Page/0001_Cels/0003_DropdownTime","0001_spelbook/0002_Page/0001_Cels/0003_DropdownTime","spelbook/Page/Cels/DropdownTime","dnd.spelbook.dropdown.dropdowntime.c103a99a65a5"
"1","159230d9f324f4fd8dc19ff35df5d336895da1ba","e00f5a8664ff4704995694bb27e52357","Assets/Scenes/personag/spelBook.unity","spelBook","CharacterSheetManagerScene1","Dropdown","dropdownData","2","2","Dropdown_0001_spelbook/0002_Page/0001_Cels/0004_DropdownLvl","0001_spelbook/0002_Page/0001_Cels/0004_DropdownLvl","spelbook/Page/Cels/DropdownLvl","dnd.spelbook.dropdown.dropdownlvl.37c0e3436a7c"
"1","159230d9f324f4fd8dc19ff35df5d336895da1ba","e00f5a8664ff4704995694bb27e52357","Assets/Scenes/personag/spelBook.unity","spelBook","CharacterSheetManagerScene1","Dropdown","dropdownData","3","3","Dropdown_0001_spelbook/0002_Page/0002_Cels (1)/0002_DropdownDia","0001_spelbook/0002_Page/0002_Cels (1)/0002_DropdownDia","spelbook/Page/Cels (1)/DropdownDia","dnd.spelbook.dropdown.dropdowndia.0d642f725a10"
"1","159230d9f324f4fd8dc19ff35df5d336895da1ba","e00f5a8664ff4704995694bb27e52357","Assets/Scenes/personag/spelBook.unity","spelBook","CharacterSheetManagerScene1","Dropdown","dropdownData","4","4","Dropdown_0001_spelbook/0002_Page/0002_Cels (1)/0003_DropdownTime","0001_spelbook/0002_Page/0002_Cels (1)/0003_DropdownTime","spelbook/Page/Cels (1)/DropdownTime","dnd.spelbook.dropdown.dropdowntime.e3ea1a9d1e89"
"1","159230d9f324f4fd8dc19ff35df5d336895da1ba","e00f5a8664ff4704995694bb27e52357","Assets/Scenes/personag/spelBook.unity","spelBook","CharacterSheetManagerScene1","Dropdown","dropdownData","5","5","Dropdown_0001_spelbook/0002_Page/0002_Cels (1)/0004_DropdownLvl","0001_spelbook/0002_Page/0002_Cels (1)/0004_DropdownLvl","spelbook/Page/Cels (1)/DropdownLvl","dnd.spelbook.dropdown.dropdownlvl.8ef4d9ade1c2"
"1","159230d9f324f4fd8dc19ff35df5d336895da1ba","e00f5a8664ff4704995694bb27e52357","Assets/Scenes/personag/spelBook.unity","spelBook","CharacterSheetManagerScene1","Dropdown","dropdownData","6","6","Dropdown_0001_spelbook/0002_Page/0003_Cels (2)/0002_DropdownDia","0001_spelbook/0002_Page/0003_Cels (2)/0002_DropdownDia","spelbook/Page/Cels (2)/DropdownDia","dnd.spelbook.dropdown.dropdowndia.0d18de1f57f2"
"1","159230d9f324f4fd8dc19ff35df5d336895da1ba","e00f5a8664ff4704995694bb27e52357","Assets/Scenes/personag/spelBook.unity","spelBook","CharacterSheetManagerScene1","Dropdown","dropdownData","7","7","Dropdown_0001_spelbook/0002_Page/0003_Cels (2)/0003_DropdownTime","0001_spelbook/0002_Page/0003_Cels (2)/0003_DropdownTime","spelbook/Page/Cels (2)/DropdownTime","dnd.spelbook.dropdown.dropdowntime.80f2c2a20a5a"
"1","159230d9f324f4fd8dc19ff35df5d336895da1ba","e00f5a8664ff4704995694bb27e52357","Assets/Scenes/personag/spelBook.unity","spelBook","CharacterSheetManagerScene1","Dropdown","dropdownData","8","8","Dropdown_0001_spelbook/0002_Page/0003_Cels (2)/0004_DropdownLvl","0001_spelbook/0002_Page/0003_Cels (2)/0004_DropdownLvl","spelbook/Page/Cels (2)/DropdownLvl","dnd.spelbook.dropdown.dropdownlvl.6fdf16641a51"
"1","159230d9f324f4fd8dc19ff35df5d336895da1ba","e00f5a8664ff4704995694bb27e52357","Assets/Scenes/personag/spelBook.unity","spelBook","CharacterSheetManagerScene1","Dropdown","dropdownData","9","9","Dropdown_0001_spelbook/0002_Page/0004_Cels (3)/0002_DropdownDia","0001_spelbook/0002_Page/0004_Cels (3)/0002_DropdownDia","spelbook/Page/Cels (3)/DropdownDia","dnd.spelbook.dropdown.dropdowndia.b8c36968d783"
"1","159230d9f324f4fd8dc19ff35df5d336895da1ba","e00f5a8664ff4704995694bb27e52357","Assets/Scenes/personag/spelBook.unity","spelBook","CharacterSheetManagerScene1","Dropdown","dropdownData","10","10","Dropdown_0001_spelbook/0002_Page/0004_Cels (3)/0003_DropdownTime","0001_spelbook/0002_Page/0004_Cels (3)/0003_DropdownTime","spelbook/Page/Cels (3)/DropdownTime","dnd.spelbook.dropdown.dropdowntime.1d94744cf4bc"
"1","159230d9f324f4fd8dc19ff35df5d336895da1ba","e00f5a8664ff4704995694bb27e52357","Assets/Scenes/personag/spelBook.unity","spelBook","CharacterSheetManagerScene1","Dropdown","dropdownData","11","11","Dropdown_0001_spelbook/0002_Page/0004_Cels (3)/0004_DropdownLvl","0001_spelbook/0002_Page/0004_Cels (3)/0004_DropdownLvl","spelbook/Page/Cels (3)/DropdownLvl","dnd.spelbook.dropdown.dropdownlvl.7eea3ce52f06"
"1","159230d9f324f4fd8dc19ff35df5d336895da1ba","e00f5a8664ff4704995694bb27e52357","Assets/Scenes/personag/spelBook.unity","spelBook","CharacterSheetManagerScene1","Dropdown","dropdownData","12","12","Dropdown_0001_spelbook/0002_Page/0005_Cels (4)/0002_DropdownDia","0001_spelbook/0002_Page/0005_Cels (4)/0002_DropdownDia","spelbook/Page/Cels (4)/DropdownDia","dnd.spelbook.dropdown.dropdowndia.0dfb59a2e289"
"1","159230d9f324f4fd8dc19ff35df5d336895da1ba","e00f5a8664ff4704995694bb27e52357","Assets/Scenes/personag/spelBook.unity","spelBook","CharacterSheetManagerScene1","Dropdown","dropdownData","13","13","Dropdown_0001_spelbook/0002_Page/0005_Cels (4)/0003_DropdownTime","0001_spelbook/0002_Page/0005_Cels (4)/0003_DropdownTime","spelbook/Page/Cels (4)/DropdownTime","dnd.spelbook.dropdown.dropdowntime.40cb433c38ed"
"1","159230d9f324f4fd8dc19ff35df5d336895da1ba","e00f5a8664ff4704995694bb27e52357","Assets/Scenes/personag/spelBook.unity","spelBook","CharacterSheetManagerScene1","Dropdown","dropdownData","14","14","Dropdown_0001_spelbook/0002_Page/0005_Cels (4)/0004_DropdownLvl","0001_spelbook/0002_Page/0005_Cels (4)/0004_DropdownLvl","spelbook/Page/Cels (4)/DropdownLvl","dnd.spelbook.dropdown.dropdownlvl.91621aedf033"
"1","159230d9f324f4fd8dc19ff35df5d336895da1ba","e00f5a8664ff4704995694bb27e52357","Assets/Scenes/personag/spelBook.unity","spelBook","CharacterSheetManagerScene1","Dropdown","dropdownData","15","15","Dropdown_0001_spelbook/0002_Page/0006_Cels (5)/0002_DropdownDia","0001_spelbook/0002_Page/0006_Cels (5)/0002_DropdownDia","spelbook/Page/Cels (5)/DropdownDia","dnd.spelbook.dropdown.dropdowndia.98b1d03099b0"
"1","159230d9f324f4fd8dc19ff35df5d336895da1ba","e00f5a8664ff4704995694bb27e52357","Assets/Scenes/personag/spelBook.unity","spelBook","CharacterSheetManagerScene1","Dropdown","dropdownData","16","16","Dropdown_0001_spelbook/0002_Page/0006_Cels (5)/0003_DropdownTime","0001_spelbook/0002_Page/0006_Cels (5)/0003_DropdownTime","spelbook/Page/Cels (5)/DropdownTime","dnd.spelbook.dropdown.dropdowntime.4d03e378808c"
"1","159230d9f324f4fd8dc19ff35df5d336895da1ba","e00f5a8664ff4704995694bb27e52357","Assets/Scenes/personag/spelBook.unity","spelBook","CharacterSheetManagerScene1","Dropdown","dropdownData","17","17","Dropdown_0001_spelbook/0002_Page/0006_Cels (5)/0004_DropdownLvl","0001_spelbook/0002_Page/0006_Cels (5)/0004_DropdownLvl","spelbook/Page/Cels (5)/DropdownLvl","dnd.spelbook.dropdown.dropdownlvl.30298bb4ff40"
"1","159230d9f324f4fd8dc19ff35df5d336895da1ba","e00f5a8664ff4704995694bb27e52357","Assets/Scenes/personag/spelBook.unity","spelBook","CharacterSheetManagerScene1","Dropdown","dropdownData","18","18","Dropdown_0001_spelbook/0002_Page/0007_Cels (6)/0002_DropdownDia","0001_spelbook/0002_Page/0007_Cels (6)/0002_DropdownDia","spelbook/Page/Cels (6)/DropdownDia","dnd.spelbook.dropdown.dropdowndia.e48472c68f4c"
"1","159230d9f324f4fd8dc19ff35df5d336895da1ba","e00f5a8664ff4704995694bb27e52357","Assets/Scenes/personag/spelBook.unity","spelBook","CharacterSheetManagerScene1","Dropdown","dropdownData","19","19","Dropdown_0001_spelbook/0002_Page/0007_Cels (6)/0003_DropdownTime","0001_spelbook/0002_Page/0007_Cels (6)/0003_DropdownTime","spelbook/Page/Cels (6)/DropdownTime","dnd.spelbook.dropdown.dropdowntime.22ea94bb5153"
"1","159230d9f324f4fd8dc19ff35df5d336895da1ba","e00f5a8664ff4704995694bb27e52357","Assets/Scenes/personag/spelBook.unity","spelBook","CharacterSheetManagerScene1","Dropdown","dropdownData","20","20","Dropdown_0001_spelbook/0002_Page/0007_Cels (6)/0004_DropdownLvl","0001_spelbook/0002_Page/0007_Cels (6)/0004_DropdownLvl","spelbook/Page/Cels (6)/DropdownLvl","dnd.spelbook.dropdown.dropdownlvl.cec29b5054bb"
"1","159230d9f324f4fd8dc19ff35df5d336895da1ba","e00f5a8664ff4704995694bb27e52357","Assets/Scenes/personag/spelBook.unity","spelBook","CharacterSheetManagerScene1","Dropdown","dropdownData","21","21","Dropdown_0001_spelbook/0002_Page/0008_Cels (7)/0002_DropdownDia","0001_spelbook/0002_Page/0008_Cels (7)/0002_DropdownDia","spelbook/Page/Cels (7)/DropdownDia","dnd.spelbook.dropdown.dropdowndia.e8afda7af344"
"1","159230d9f324f4fd8dc19ff35df5d336895da1ba","e00f5a8664ff4704995694bb27e52357","Assets/Scenes/personag/spelBook.unity","spelBook","CharacterSheetManagerScene1","Dropdown","dropdownData","22","22","Dropdown_0001_spelbook/0002_Page/0008_Cels (7)/0003_DropdownTime","0001_spelbook/0002_Page/0008_Cels (7)/0003_DropdownTime","spelbook/Page/Cels (7)/DropdownTime","dnd.spelbook.dropdown.dropdowntime.fa7b4ba970eb"
"1","159230d9f324f4fd8dc19ff35df5d336895da1ba","e00f5a8664ff4704995694bb27e52357","Assets/Scenes/personag/spelBook.unity","spelBook","CharacterSheetManagerScene1","Dropdown","dropdownData","23","23","Dropdown_0001_spelbook/0002_Page/0008_Cels (7)/0004_DropdownLvl","0001_spelbook/0002_Page/0008_Cels (7)/0004_DropdownLvl","spelbook/Page/Cels (7)/DropdownLvl","dnd.spelbook.dropdown.dropdownlvl.e3a7c37fc825"
"1","159230d9f324f4fd8dc19ff35df5d336895da1ba","e00f5a8664ff4704995694bb27e52357","Assets/Scenes/personag/spelBook.unity","spelBook","CharacterSheetManagerScene1","Dropdown","dropdownData","24","24","Dropdown_0001_spelbook/0002_Page/0009_Cels (8)/0002_DropdownDia","0001_spelbook/0002_Page/0009_Cels (8)/0002_DropdownDia","spelbook/Page/Cels (8)/DropdownDia","dnd.spelbook.dropdown.dropdowndia.851b5b867003"
"1","159230d9f324f4fd8dc19ff35df5d336895da1ba","e00f5a8664ff4704995694bb27e52357","Assets/Scenes/personag/spelBook.unity","spelBook","CharacterSheetManagerScene1","Dropdown","dropdownData","25","25","Dropdown_0001_spelbook/0002_Page/0009_Cels (8)/0003_DropdownTime","0001_spelbook/0002_Page/0009_Cels (8)/0003_DropdownTime","spelbook/Page/Cels (8)/DropdownTime","dnd.spelbook.dropdown.dropdowntime.80582b88b20e"
"1","159230d9f324f4fd8dc19ff35df5d336895da1ba","e00f5a8664ff4704995694bb27e52357","Assets/Scenes/personag/spelBook.unity","spelBook","CharacterSheetManagerScene1","Dropdown","dropdownData","26","26","Dropdown_0001_spelbook/0002_Page/0009_Cels (8)/0004_DropdownLvl","0001_spelbook/0002_Page/0009_Cels (8)/0004_DropdownLvl","spelbook/Page/Cels (8)/DropdownLvl","dnd.spelbook.dropdown.dropdownlvl.a801502ba1a8"
"1","159230d9f324f4fd8dc19ff35df5d336895da1ba","e00f5a8664ff4704995694bb27e52357","Assets/Scenes/personag/spelBook.unity","spelBook","CharacterSheetManagerScene1","Dropdown","dropdownData","27","27","Dropdown_0001_spelbook/0002_Page/0010_Cels (9)/0002_DropdownDia","0001_spelbook/0002_Page/0010_Cels (9)/0002_DropdownDia","spelbook/Page/Cels (9)/DropdownDia","dnd.spelbook.dropdown.dropdowndia.d50f4861e813"
"1","159230d9f324f4fd8dc19ff35df5d336895da1ba","e00f5a8664ff4704995694bb27e52357","Assets/Scenes/personag/spelBook.unity","spelBook","CharacterSheetManagerScene1","Dropdown","dropdownData","28","28","Dropdown_0001_spelbook/0002_Page/0010_Cels (9)/0003_DropdownTime","0001_spelbook/0002_Page/0010_Cels (9)/0003_DropdownTime","spelbook/Page/Cels (9)/DropdownTime","dnd.spelbook.dropdown.dropdowntime.e7ee80320a90"
"1","159230d9f324f4fd8dc19ff35df5d336895da1ba","e00f5a8664ff4704995694bb27e52357","Assets/Scenes/personag/spelBook.unity","spelBook","CharacterSheetManagerScene1","Dropdown","dropdownData","29","29","Dropdown_0001_spelbook/0002_Page/0010_Cels (9)/0004_DropdownLvl","0001_spelbook/0002_Page/0010_Cels (9)/0004_DropdownLvl","spelbook/Page/Cels (9)/DropdownLvl","dnd.spelbook.dropdown.dropdownlvl.9a09e7657f19"
"1","159230d9f324f4fd8dc19ff35df5d336895da1ba","e00f5a8664ff4704995694bb27e52357","Assets/Scenes/personag/spelBook.unity","spelBook","CharacterSheetManagerScene1","Dropdown","dropdownData","30","30","Dropdown_0001_spelbook/0002_Page/0011_Cels (10)/0002_DropdownDia","0001_spelbook/0002_Page/0011_Cels (10)/0002_DropdownDia","spelbook/Page/Cels (10)/DropdownDia","dnd.spelbook.dropdown.dropdowndia.f066d6d641d1"
"1","159230d9f324f4fd8dc19ff35df5d336895da1ba","e00f5a8664ff4704995694bb27e52357","Assets/Scenes/personag/spelBook.unity","spelBook","CharacterSheetManagerScene1","Dropdown","dropdownData","31","31","Dropdown_0001_spelbook/0002_Page/0011_Cels (10)/0003_DropdownTime","0001_spelbook/0002_Page/0011_Cels (10)/0003_DropdownTime","spelbook/Page/Cels (10)/DropdownTime","dnd.spelbook.dropdown.dropdowntime.b4d97f79712e"
"1","159230d9f324f4fd8dc19ff35df5d336895da1ba","e00f5a8664ff4704995694bb27e52357","Assets/Scenes/personag/spelBook.unity","spelBook","CharacterSheetManagerScene1","Dropdown","dropdownData","32","32","Dropdown_0001_spelbook/0002_Page/0011_Cels (10)/0004_DropdownLvl","0001_spelbook/0002_Page/0011_Cels (10)/0004_DropdownLvl","spelbook/Page/Cels (10)/DropdownLvl","dnd.spelbook.dropdown.dropdownlvl.5e12efb09079"
"1","159230d9f324f4fd8dc19ff35df5d336895da1ba","e00f5a8664ff4704995694bb27e52357","Assets/Scenes/personag/spelBook.unity","spelBook","CharacterSheetManagerScene1","Dropdown","dropdownData","33","33","Dropdown_0001_spelbook/0002_Page/0012_Cels (11)/0002_DropdownDia","0001_spelbook/0002_Page/0012_Cels (11)/0002_DropdownDia","spelbook/Page/Cels (11)/DropdownDia","dnd.spelbook.dropdown.dropdowndia.9ad3ddef4eb2"
"1","159230d9f324f4fd8dc19ff35df5d336895da1ba","e00f5a8664ff4704995694bb27e52357","Assets/Scenes/personag/spelBook.unity","spelBook","CharacterSheetManagerScene1","Dropdown","dropdownData","34","34","Dropdown_0001_spelbook/0002_Page/0012_Cels (11)/0003_DropdownTime","0001_spelbook/0002_Page/0012_Cels (11)/0003_DropdownTime","spelbook/Page/Cels (11)/DropdownTime","dnd.spelbook.dropdown.dropdowntime.9507463236e0"
"1","159230d9f324f4fd8dc19ff35df5d336895da1ba","e00f5a8664ff4704995694bb27e52357","Assets/Scenes/personag/spelBook.unity","spelBook","CharacterSheetManagerScene1","Dropdown","dropdownData","35","35","Dropdown_0001_spelbook/0002_Page/0012_Cels (11)/0004_DropdownLvl","0001_spelbook/0002_Page/0012_Cels (11)/0004_DropdownLvl","spelbook/Page/Cels (11)/DropdownLvl","dnd.spelbook.dropdown.dropdownlvl.501d91b54b0d"
"1","159230d9f324f4fd8dc19ff35df5d336895da1ba","e00f5a8664ff4704995694bb27e52357","Assets/Scenes/personag/spelBook.unity","spelBook","CharacterSheetManagerScene1","Dropdown","dropdownData","36","36","Dropdown_0001_spelbook/0002_Page/0013_Cels (12)/0002_DropdownDia","0001_spelbook/0002_Page/0013_Cels (12)/0002_DropdownDia","spelbook/Page/Cels (12)/DropdownDia","dnd.spelbook.dropdown.dropdowndia.d1125f391998"
"1","159230d9f324f4fd8dc19ff35df5d336895da1ba","e00f5a8664ff4704995694bb27e52357","Assets/Scenes/personag/spelBook.unity","spelBook","CharacterSheetManagerScene1","Dropdown","dropdownData","37","37","Dropdown_0001_spelbook/0002_Page/0013_Cels (12)/0003_DropdownTime","0001_spelbook/0002_Page/0013_Cels (12)/0003_DropdownTime","spelbook/Page/Cels (12)/DropdownTime","dnd.spelbook.dropdown.dropdowntime.55fbe900aa92"
"1","159230d9f324f4fd8dc19ff35df5d336895da1ba","e00f5a8664ff4704995694bb27e52357","Assets/Scenes/personag/spelBook.unity","spelBook","CharacterSheetManagerScene1","Dropdown","dropdownData","38","38","Dropdown_0001_spelbook/0002_Page/0013_Cels (12)/0004_DropdownLvl","0001_spelbook/0002_Page/0013_Cels (12)/0004_DropdownLvl","spelbook/Page/Cels (12)/DropdownLvl","dnd.spelbook.dropdown.dropdownlvl.5bfce6331ca0"
"1","159230d9f324f4fd8dc19ff35df5d336895da1ba","e00f5a8664ff4704995694bb27e52357","Assets/Scenes/personag/spelBook.unity","spelBook","CharacterSheetManagerScene1","Dropdown","dropdownData","39","39","Dropdown_0001_spelbook/0002_Page/0014_Cels (13)/0002_DropdownDia","0001_spelbook/0002_Page/0014_Cels (13)/0002_DropdownDia","spelbook/Page/Cels (13)/DropdownDia","dnd.spelbook.dropdown.dropdowndia.dcb8baa85cf8"
"1","159230d9f324f4fd8dc19ff35df5d336895da1ba","e00f5a8664ff4704995694bb27e52357","Assets/Scenes/personag/spelBook.unity","spelBook","CharacterSheetManagerScene1","Dropdown","dropdownData","40","40","Dropdown_0001_spelbook/0002_Page/0014_Cels (13)/0003_DropdownTime","0001_spelbook/0002_Page/0014_Cels (13)/0003_DropdownTime","spelbook/Page/Cels (13)/DropdownTime","dnd.spelbook.dropdown.dropdowntime.481289ea7db7"
"1","159230d9f324f4fd8dc19ff35df5d336895da1ba","e00f5a8664ff4704995694bb27e52357","Assets/Scenes/personag/spelBook.unity","spelBook","CharacterSheetManagerScene1","Dropdown","dropdownData","41","41","Dropdown_0001_spelbook/0002_Page/0014_Cels (13)/0004_DropdownLvl","0001_spelbook/0002_Page/0014_Cels (13)/0004_DropdownLvl","spelbook/Page/Cels (13)/DropdownLvl","dnd.spelbook.dropdown.dropdownlvl.4dc07608b631"
"1","159230d9f324f4fd8dc19ff35df5d336895da1ba","e00f5a8664ff4704995694bb27e52357","Assets/Scenes/personag/spelBook.unity","spelBook","CharacterSheetManagerScene1","Dropdown","dropdownData","42","42","Dropdown_0001_spelbook/0002_Page/0015_Cels (14)/0002_DropdownDia","0001_spelbook/0002_Page/0015_Cels (14)/0002_DropdownDia","spelbook/Page/Cels (14)/DropdownDia","dnd.spelbook.dropdown.dropdowndia.3918b37ebe61"
"1","159230d9f324f4fd8dc19ff35df5d336895da1ba","e00f5a8664ff4704995694bb27e52357","Assets/Scenes/personag/spelBook.unity","spelBook","CharacterSheetManagerScene1","Dropdown","dropdownData","43","43","Dropdown_0001_spelbook/0002_Page/0015_Cels (14)/0003_DropdownTime","0001_spelbook/0002_Page/0015_Cels (14)/0003_DropdownTime","spelbook/Page/Cels (14)/DropdownTime","dnd.spelbook.dropdown.dropdowntime.37798f7cf31b"
"1","159230d9f324f4fd8dc19ff35df5d336895da1ba","e00f5a8664ff4704995694bb27e52357","Assets/Scenes/personag/spelBook.unity","spelBook","CharacterSheetManagerScene1","Dropdown","dropdownData","44","44","Dropdown_0001_spelbook/0002_Page/0015_Cels (14)/0004_DropdownLvl","0001_spelbook/0002_Page/0015_Cels (14)/0004_DropdownLvl","spelbook/Page/Cels (14)/DropdownLvl","dnd.spelbook.dropdown.dropdownlvl.a50ba936c1ca"
"1","159230d9f324f4fd8dc19ff35df5d336895da1ba","e00f5a8664ff4704995694bb27e52357","Assets/Scenes/personag/spelBook.unity","spelBook","CharacterSheetManagerScene1","Dropdown","dropdownData","45","45","Dropdown_0003_overLey/0002_kalPanel/0002_Panelhealp/0003_potionDropdown","0003_overLey/0002_kalPanel/0002_Panelhealp/0003_potionDropdown","overLey/kalPanel/Panelhealp/potionDropdown","dnd.spelbook.dropdown.potiondropdown.81d9f5117597"
